Name,Url,Authority,Start Date,End Date,License Number
Tableau Desktop 8 Qualified Associate,http://www.tableau.com/suport/certification,Tableau Software,3/2014,,N/A
"CPA, CMA, Certified Professional Accountant",,Ordre des comptables professionnels agréés du Québec,9/2000,,
Tableau Desktop 9 Qualified Associate,http://www.tableau.com/support/certification,Tableau Software,7/2016,,N/A
Tableau Server 9 Qualified Associate,http://www.tableau.com/support/certification,Tableau Software,8/2016,,N/A
