FirstName,LastName,EmailAddress,Company,Position,ConnectedOn,Tags
Tom,Birch,tbirch@cdpq.com,Caisse de dépôt et placement du Québec,"Managing Partner, Quebec Funds",2/1/2012,friends
David,Dufresne,dufresnd@gmail.com,500 Startups,Partner,1/31/2012,friends
Philippe,NIEUWBOURG,Philippe.nieuwbourg@decideo.com,Decideo,"Analyst, Author and Lecturer",11/13/2012,
Claude,Vachet,cvachet@cyclecapital.com,Reseau Capital,Member of the Board of Directors,2/5/2012,"colleagues, friends"
Robert,Gervais,rgervais@zerofail.com,Corporate Connections - International,President,9/28/2015,
Jean-David,Begin,jdbegin@gmail.com,Angel Investor,Angel Investor,2/19/2012,colleagues
Pierre,Savignac,psavignac@emergex.com,Emergex RS&DE Subventions,CEO and Founder,6/21/2013,partners
Siegfried,Hulot,shulot@inbox-group.com,INBOX Canada,Executive Director Inbox Canada,10/26/2014,friends
Mathieu,Bruckert,mathieubruckert@gmail.com,Aries Développement,Business Development,5/5/2015,friends
Gary,Cokins,gcokins@garycokins.com,Analytics-Based Performance Management LLC,Founder and CEO,3/24/2012,friends
Gil,Gruber,gil@directobjective.ca,Direct Objective Consulting,Inbound Marketing/Sales Lead Generation for B2B Tech. Commercialization & International Development,8/19/2014,
Leonard,Lewkowict,leonard@mlpartners.com,ML Partners,Managing Partner,8/22/2012,
Steve,Player,steve@theplayergroup.com,The Player Group,Owner,1/30/2012,friends
Don,Koenes,dkoenes@gmail.com,Koenes Consulting,Principal,5/21/2013,
Jean-Lou,Dupont,jl@jldupont.com,Cogeco Communications,"Director, Technology Strategy (Office of the Chief Technology, Strategy & Security Officer)",11/28/2016,
Laurent,Naud,laurentnaud@hotmail.com,Banque Laurentienne,Assistant Vice President - Corporate Treasury,1/28/2012,colleagues
Harsh,Jiandani,harshpj@gmail.com,AppNexus,"Director, Account Management and Sales",3/15/2014,
Stéphane,Gaouette,sgaouette@decimal.ca,DECIMAL,Président,1/22/2012,colleagues
Jacou,Sarrazin,jacou@jacou.com,nGUVU,Chief Technology Officer,2/1/2012,colleagues
Mike,Haley,mhaley@landmark.ca,Landmark Decisions Inc.,President,1/28/2012,colleagues
Edmond,Chow,echow@videotron.ca,GET Technologies,Analyste d'affaires / Business Analyst,11/12/2012,friends
Jean Pascal,Viola,mailjpv@gmail.com,QIAGEN,Senior Vice President Corporate Business Development,2/2/2012,"colleagues, friends"
Sean,Dalton,sean_dalton@hotmail.com,ET Construction,Director / Administrator,5/10/2013,
Dominique,Faille,dominique.faille@videotron.ca,CETI inc,Senior consultant,12/20/2012,partners
Chris,Arsenault,chris@inovia.vc,iNovia Capital,Managing Partner,3/20/2012,partners
Ludovic,"Peronet, MSc.",ludovicperonet@gmail.com,agileDSS,Associé/Partner,6/23/2015,
Philippe Richard,Bertrand,prbertrand@ampliostrategies.com,Univers Interactif,Chief Growth Officer,9/26/2012,
Stéphane,"Gélinas, MBA, CPA, CMA",stephgel@gmail.com,National Bank of Canada,Manager - Accounting Systems,2/20/2012,colleagues
Henri,Besnier,henri.besnier@live.ca,Oldcastle,Vice President Finance - Canada,1/26/2012,"colleagues, friends"
Jean-Philippe,Gauthier,jpgauthier@google.com,Google,Media Platform,2/15/2016,colleagues
Alexandre,"Hénault C., mba",alexandre@henault.ca,Québecor Média,"Vice President, ventes numériques / Digital Sales",12/16/2012,partners
Francois,Aubin,faubin@cognitivegroup.com,"Cognitive Group Inc, Human Factors and User experience",Principal and CEO,3/13/2012,friends
Jeroen,De Flander,jeroen@jeroen-de-flander.com,London Business School // TiasNimbas // Vlerick // Solvay,Strategy & Strategy Execution Guest Lecturer,10/16/2014,friends
Samir,Ghazi,samir.ghazi@gmail.com,Caisse de dépôt et placement du Québec (CDPQ),Business Intelligence Consultant,4/18/2017,
Alexandre,"Le Bouthillier, Ph.D.",alexandre@lebouthillier.org,Imagia Cybernetics,Founder,2/2/2012,colleagues
Nolwen,"Mahé, Eng., MBA",nmahe@hotmail.com,Alsago Inc.,"Consultant, Agile governance",9/15/2015,
Frederic,Godbout,fgodbout@lacaisse.com,Caisse de dépôt et placement du Québec (CDPQ),Deputy Head Global PE,2/20/2012,"colleagues, friends"
Thomas,"Guité, CPA, CA",Thomas_guite@hotmail.com,Canada,Management Consultant & Business Advisor,7/10/2015,
Paul,Sharman,psharman@focusedmanagement.com,Focused Management Information Inc.,President and CEO,3/24/2012,friends
Yannick,Grant,yannick.grant@g2consultation.com,G2 Consultation,Associé,6/6/2014,friends
Mathieu,Laforge,mlaforge@solotech.com,Solotech Inc.,"Vice-president, information technology",10/29/2015,partners
Rodney,Rock,rodney.rock@servicenow.com,ServiceNow – The Enterprise Cloud Company,Senior Solution Consulting Manager,2/13/2012,"colleagues, friends"
Philippe,Taza,ptaza@Higher-Education-Marketing.com,Higher Education Marketing,Web Analyst,7/26/2013,friends
Francois,Haguel,francois@haguel.ca,Google,Media Agency Lead,10/18/2012,partners
Michel,Marin PMP,mmarin1m@gmail.com,Université de Montréal,IMS Manager for Bureau du développement et des relations avec les diplômés (Advancement Office),3/21/2016,
Mike,Mueller,mmueller@semitorrinc.com,"SemiTorr, Inc",Vice President of Sales,3/12/2012,friends
Christophe,Huni,chris.huni@gmail.com,Dell EMC,Technical Account Manager,2/1/2012,colleagues
Ashok,Vadgama,ashokvadgama2003@yahoo.com,(CAM-I) Consortium for Advanced Management - International,President,1/28/2012,friends
Miguel,Guimaraes,miguel.guimaraes@costandprofitability.com,Cost and Profitability Consulting Lda.,Partner and Senior Consultant,2/5/2014,
Pollus,Brodeur,pollusb@gmail.com,Desjardins,SQL Server Expert,2/1/2012,colleagues
Eric,"Torkia, MASc",etorkia@technologypartnerz.com,Technology Partnerz Ltd.,Executive Partner - Analytics Practice,12/28/2013,partners
Lisa,Torbin-Shaw,ltorbin-shaw@comcast.net,Adaptive Insights,"Senior Manager, Customer Success",3/25/2013,partners
Eric,Legault,elegault@teralyscapital.com,Teralys Capital,Managing Partner,2/16/2012,colleagues
Edmond,Baroud,ebaroud@yahoo.com,Opermax,Chief Executive Officer,1/22/2012,"colleagues, friends"
Martin,Berube,berube.martin@agiledss.com,agileDSS inc.,Founder and President,12/8/2012,partners
Isabelle,Boudreau,iboudreau@tableau.com,Tableau Software,Enterprise Account Executive,1/6/2016,
Hugo,"Boutet, B.A.A.",hboutet@icloud.com,Exploration de Nouvelles Opportunités,Leader & Entrepreneur - Commercial - Strategie - Technologie,6/18/2013,friends
Ernesto,"Suguer, MBA",esuguer@gmail.com,Luxury Retreats,"Director, Business Intelligence",11/1/2015,friends
Sebastien,"Arcand, PMP",sebastien.arcand@hotmail.ca,CGI,Conseiller Principal,1/22/2012,"colleagues, partners, friends"
Jean-Marc,"Gauthier, MBA, Adm.A",jean-marc.gauthier@viceversaconseil.com,École des dirigeants HEC Montréal,Directeur opérations et communications,10/18/2013,
Michel,Dubois,mdubois@xaracom.com,Xaracom,President/CEO,6/14/2012,
Claude,Goudreault,claude.goudreault@outlook.com,wewant.today,FOUNDER & CEO,11/14/2005,"colleagues, partners, friends"
Pascal,Germain,PGermain@arkys.com,TMR Communications,Owner,3/26/2012,friends
Luca,Guevremont,lucag@videotron.ca,ModelCom,Partner,2/7/2012,"colleagues, friends"
Caroline,Jacoub,cjacoub@hotmail.com,Sanofi,Manager,2/11/2013,
Claude,Cloutier,Claude.Cloutier@gmail.com,"VM6 Software, Inc.",Windows specialist in virtualization,4/8/2013,
Jacques,Warren,jacques.warren@kwantyx.com,KWANTYX,CEO,1/13/2014,
Andrew,Wyllie,andrew@nufrontier.ca,Ville Marie Oncology Foundation (www.vmof.ca),Member Board Of Directors,12/17/2014,partners
Alexandre,Langlois,langlois.alexandre@agileDSS.com,agileDSS,"Associé, conseiller stratégique et vice-président des opérations",8/27/2012,partners
Jean-René,Roy,jrroy@devteach.com,DevTeach Conference,Program Director,3/3/2017,
Martin,Lessard,martinlessard@outlook.com,International Visual Corp. (IVC),Vice President - Digital Solutions,8/14/2013,
Christian,"Babbini, FCPA, FCMA",cbabbini@decimal.ca,DECIMAL,VP Management Accounting,3/5/2012,"colleagues, friends"
Frederic,Paquin,frederic.paquin@genilan.net,GENILAN,Executive Vice-President & CTO,12/12/2005,"colleagues, partners, friends"
Alex,Poulin,alex.poulin@barreoblique.com,WSP | Parsons Brinckerhoff,Manager IT Infrastructure Architecture and Planning,1/22/2012,"colleagues, partners, friends"
Eric,Courville,eric.courville@gmail.com,Avid Technology,Sr. Director of Americas Channel,1/22/2012,colleagues
David,Bernardi,dbernardi@telesystem.ca,Telesystem,Managing Partner and CTO,2/1/2012,friends
Yacine,"Amrani, CPA, CMA",yacine@amrani.ca,Seevibes,CFO,3/12/2012,friends
Feargal,Connor,fconnor@mediaoptimise.com,Mediaoptimise,CEO and founder,2/26/2016,
Eugène,Robitaille,erobitaille@associesconsultants.com,Associates Consultants,Senior Consultant & Trainer,1/13/2014,friends
Henri-Jean,"Bonnis, ing., MScA",hjbonnis@adsumconseil.ca,PSP Investments,"Executive advisor, Office of the Chief Investment Officer",12/29/2014,friends
Pierre,Guillaume,guillp2004@yahoo.com,Beyond EPS Advisors (The Player Group),President/CEO and co-founder,3/15/2012,friends
Jim,Cappadocia,cappadociakj@rogers.com,Cappcor Developments Inc.,Owner,2/1/2012,colleagues
Sebastien,Labonne,labonnes@gmail.com,Self-employed,Consultant | Financial Modeling in Excel | Strategic Advisory in Corporate Finance,1/29/2012,colleagues
Gregory,Saget-Rudd,gregory.saget-rudd@polymtl.ca,Cossette,E-Business Director,9/17/2015,
Farhnaz,"Somani, CPA, CMA",farhnaz@hotmail.com,Sanofi,Business Unit Controller,2/8/2013,
Philippe,Motillon,philippe.motillon@gmail.com,Keyrus Canada,"Director ""Data Intelligence"" / Directeur ""Data Intelligence""",4/14/2014,
Marc,Tremblay,mt@indovia.com,iPerceptions,CIO,9/2/2014,
Shiva,Verma,shiva.verma@us.gt.com,Grant Thornton,Partner,8/22/2012,
Mia (Mireille),"Bourassa Denton, CPA, MBA",Mia.Denton@pacbell.net,Qlik,Territory Sales Manager,10/26/2014,friends
Bob,Thames,bob@pathwaystotransformation.com,"Pathways to Transformation, LLC",Founder,2/28/2012,friends
Vincent H.,"Surette, CFA",vsurette@gmail.com,Laboratoire M2,CFO,1/26/2012,colleagues
Sylvain,Amoros,sylvain.amoros@gmail.com,Konversion,President & Partner,1/8/2013,
Carlos A.,Pulido,cpulido@arkonas.com,Arkonas,Director,3/8/2012,friends
Julien,Messu,jmessu@gmail.com,agileDSS,Partenaire RH,7/19/2013,
Louis,Saint-Jacques,louis.saintjacques@archimede.ca,Archimède Solutions,President,2/1/2012,"colleagues, friends"
Marc-Eric,LaRocque,larocque.marceric@gmail.com,LaRocque Consulting Services,Management Consultant,10/26/2014,friends
Dorothee,"Rueff, Eng MBA",dorothee.rueff@hec.ca,TC Media,"Director, Digital Product and Operations",12/8/2015,
Derek,McMahon,derek_mcmahon@hotmail.com,Oracle,Application Sales Executive - Customer Experience (CX) - Quebec Public Sector,1/26/2012,colleagues
Christian,Denis,christian.denis@hec.ca,HEC Montreal Career Management Services,Director of Graduate Career Services,2/25/2015,friends
Sébastien,Morin,morin@videotron.ca,Dempton Consulting Group,Vice President Consulting Services,1/26/2012,friends
Jean-Benoit,Richard,jbr@hureca.com,UBeans Technologies,"Vice-President, Strategic Consulting",4/8/2013,partners
Nicolas,Salko,nicolas.salko1@gmail.com,ModelCom,"Director, Business & Financial Modeling",2/10/2012,"colleagues, friends"
Nadia,Kaskou,nadia_matrat@hotmail.com,Tableau Software,Account Manager Enterprise,3/14/2014,
Sophie,Lamontagne,sophielamontagne@bell.net,Bell,"Director, Atlantic Canada & Infrastructure Services Operations, L &D, Employee Engagement",1/22/2012,friends
Christophe,Kieken,christophe@moncfo.com,moncfo.com,Financial Strategist,3/3/2014,friends
Martial,Rivard,martial.rivard@nexio.com,Nexio,President,1/31/2013,classmates
André,Gagné,andre@swatfactory.com,SWAT Factory Group,President | Strategic Advisor | Project Team Lead,12/15/2015,
Jean-Francois,Couturier,jeanfrancoiscouturier@yahoo.ca,Université Laval - Département d'Informatique et de Génie Logiciel,Chargé de cours - Gestion de projet informatique,10/26/2014,friends
Steve,Trinque,steve.trinque@agencemxo.com,MXO | agence totale,Président et chef de la direction,2/18/2016,
Chantal,Zaccour,chantal.zaccour@videotron.ca,FONDATION J.-LOUIS LÉVESQUE,Coordonnatrice Philanthropie - Bureau de la présidence,3/8/2016,
Christian,Larouche,Chris@christianlarouche.com,ACCEO Solutions,Mergers and Acquisitions,5/9/2012,colleagues
Valerie,Danger,valerie_danger@hotmail.com,Fondation Montréal inc.,Directrice communications - Director Communications,12/2/2015,
Luc,Richard,lrichard@morencyavocats.com,"Morency, Société d'avocats, s.e.n.c.r.l.",Partner,2/6/2012,"colleagues, friends"
Dean,Meyer,dean@ndma.com,N. Dean Meyer and Associates Inc.,President,2/27/2012,friends
Pierre-Antoine,Fradet,pafradet@gmail.com,Atedra,President and Founder,8/13/2012,
Alain,Veillette,alain.veillette@outlook.com,EXIA,Vice-président - Livraison BI,3/18/2014,partners
Francis,Pallascio CPA-CA,fpallascio@kerosene.ca,EXEK division de KEROSENE,Managing Partner,1/26/2012,"colleagues, friends"
Frederic,Moreau,fred@poldigital.com,PÖL Digital,Founder & CEO,10/23/2014,partners
Daniel,Dionne,ddionne@decimal.ca,DECIMAL,Webmestre,2/2/2012,colleagues
Jean-Michel,Laroche,jmlaroche@gmail.com,Citi,Sr Project Manager - Indpdt Consultant,10/25/2015,
Francois C.,Chartier,fchartier@victrix.ca,Victrix,Directeur général | Executive General Manager,11/18/2013,partners
Carsten,Hilker,carsten_hilker@yahoo.com,SAP America,"Global Solution Owner - S/4 HANA, Central Finance",3/24/2014,
Houman,Nazarnia,nazarnia_houman@hotmail.com,CN,Business Analyst,12/16/2014,
Sonya,Thayer,sonya_thayer@yahoo.ca,Sourcevolution,"Vice-présidente, Solutions d'affaires",4/27/2016,
Thibault,Etheart,thibault.et@gmail.com,DentsuBos,Account supervisor,10/18/2012,partners
Stephane,Ricoul,sricoul@academiedunumerique.ca,Accélérateur du Numérique,President,10/29/2015,
Melanie,Roy,melanie@melanieroy.ca,Ngenio - Human Capital Management,Analyste accréditée MPO/Certified analyst,4/21/2017,
Alastair,McKeating,alastairmckeating@gmail.com,Scarsin Corporation,Territory Account Executive,12/17/2012,
Art,Warren,warren.art@gmail.com,"Lityx, LLC",Director of Sales,10/22/2013,partners
Sophie,"Simard, CPA, CMA",sofia_sima@hotmail.com,Protiviti,Associée directeur,9/26/2012,
Jean Paul,Isson,issonjp@hotmail.com,Monster  Worldwide,Global Vice President Predictive Analytics & BI,4/12/2013,friends
Kyle,Grant,kajgrant@shaw.ca,FPI Fireplace Products International,Senior Marketing Manager,8/19/2014,partners
Shaun,Dhani,shaun@dhani.ca,BMO Financial Group,User Experience Lead,1/14/2016,
Sebastien,Plourde,sebastien.plourde@outlook.com,CGI,BI Support & Project Lead at CGI (outsourcing),9/26/2012,
Francois,Gaouette,francois.gaouette@amilia.com,Amilia Enterprise Inc.,"Founder, CEO",2/1/2012,friends
Cécile,Luangphakdy,cecileluang@hotmail.com,Morgan Stanley,Senior  SAP BI Developer,6/23/2015,friends
Pascal,Cardinal,pascalcardinalmtl@gmail.com,iPerceptions,Directeur Général / General Manager,7/17/2012,
Kevin,"McKenzie, PMP",lookingforbrilliance@gmail.com,Strayer University,Adjunct Professor of Business,2/23/2012,friends
Jean-William,Milon,jeanwilliammilon@gmail.com,Playtika (Canada),Director of Analytics,1/12/2017,friends
Philippe,Carignan,pcarignan@zeus-it.com,CN,VMware Consultant,1/22/2012,"colleagues, partners, friends"
Anthony,Pember,ajpember@gmail.com,Grant Thornton LLP,Senior Manager,2/21/2012,friends
Lisa,Hershman,lhershman@groupdenovo.com,The DeNovo Group,Founder and CEO,1/18/2013,friends
Eric,St-Pierre,eric@armacapital.ca,ARMA Capital Inc.,Partner,1/30/2012,colleagues
Charles E.,Lavoie,charlesetienne.lavoie@gmail.com,Public appeareances,"Lecturer, Pannelist",10/24/2013,partners
Paul,Philp,paul@getamity.com,Amity,Co-Founder and CEO,1/22/2012,"colleagues, friends"
Pierre,Laplante,laplante@sednove.com,Sednove Inc.,Owner And Co-president,12/13/2013,partners
Chantal,Bilodeau,chantal@sednove.com,sednove inc.,Présidente et fondateur,12/13/2013,partners
Sylvain,Gagnier,sylvain.gagnier@gmail.com,Hearst Newspapers,Sr Ad Technology Engineer,12/8/2012,
Charles,Alexander,chaza@sympatico.ca,Groupe BRIO Inc,Chief Operating Officer,11/17/2013,partners
Marc L.,"Pageau, B.B.A.",mlpageau@icloud.com,Pagewater Consulting Inc.,President,12/17/2014,
Luc,Landreville,luc.landreville@gmail.com,Virtual Cube Solutions,Founder,4/8/2013,partners
Patrice,Collette,collette.patrice@gmail.com,Stingray,BI Team Lead,11/13/2015,
Mathieu,Leblanc,mleblanc@sherweb.com,SherWeb,"Director, Partner Network & Business Development",11/11/2015,
Louis-Michel,Mathurin,mathurin.lm@agiledss.com,agileDSS,Principal Partner,8/25/2012,partners
Yannick,Munn,yannickmunn@experco.ca,ALTEN CANADA,Directeur général,1/28/2012,"colleagues, friends"
Matt,Foster,matthew.h.foster@gmail.com,Salesforce,"Account Executive, Healthcare",7/17/2012,friends
Sebastien,"Boivin CPA, CMA",sebastienboivin@hotmail.com,DECIMAL,Directeur Principal / Senior Manager,4/25/2012,friends
Eric,Cohen,eric.cohen@keyrus.com,Keyrus,CEO & Owner,4/15/2014,
Francois,Houde,francois.fh.houde@gmail.com,Desjardins,Conseiller - Intelligence d'affaires Mouvement,5/30/2014,
Francois,Gilbert,fgilbert@angesquebec.com,Anges Québec Capital,Président-directeur général,7/11/2012,partners
Jean-Francois,"Pilon, CBIP",jean_francois_pilon@yahoo.ca,PSP Investments,"Director, Integration and Data Services",1/4/2016,partners
Bernard,"Lessard, MBA, CPA, CMA",bernardlessard2@gmail.com,Développement économique de l'agglomération de Longueuil (DEL),Directeur de portefeuille,6/25/2014,
Frederic,Lavoie,flavoie76@gmail.com,OnMobile Global Limited,"Senior Vice President, Corporate Development and M&A",1/26/2012,"colleagues, friends"
Jean-Philippe,Desormiers,jpdeso@videotron.ca,Virtual Paper,Chief Executive Officer,6/14/2012,
Genevieve,Allard,genevieveallard18@hotmail.com,Stingray,Directrice de comptes,9/26/2012,
Olivier,Frenette,ofrenette@gmail.com,C2 Montréal,Business Development Mexico,8/13/2012,friends
Luc,Ménard,luc.menard@dcrdesjardins.com,Desjardins Entreprises - Capital régional et coopératif,Chef de l'exploitation,2/1/2012,colleagues
David,Côté,gpitf@icloud.com,Cirque du Soleil,Customer Experience Portfolio Director,4/28/2014,
Anouchka,Boyer,anouchkaboyer@gmail.com,TELUS,Analyste d'affaires / Product Owner (consultante),9/26/2012,
Eric,Cappannelli,ecappannelli@gmail.com,Inbe,Directeur des Technologies de l'Information,4/29/2014,friends
Ken,Miller,Ken.miller@sas.com,SAS,"Senior Business Consultant, Global Business Advisory Services",3/1/2012,friends
Eric,Gignac,eric.gignac@gmail.com,Desjardins,Consultant,7/23/2014,partners
Daniel,Cyr,dcyr@telesystem.ca,Telesystem,Chief Financial Officer,7/5/2012,
Francois,Giasson,frankie.giasson@gmail.com,Larochelle Groupe Conseil,Analyste BI,10/29/2014,friends
Hugues,Boisvert,hugues.boisvert@hec.ca,HEC Montreal,Professor,2/20/2012,friends
Andre,Ouellet,ao@triocapital.ca,Terrestar Solutions Inc.,Vice President Finance,2/3/2012,"colleagues, friends"
Molivann,Ky,molivann.ky@s2mv.com,Larochelle Groupe Conseil,Director,3/9/2016,
Missoum,Bentounes,mbentounes@gmail.com,Larochelle Groupe Conseil,"Directeur, relations d’affaires",9/8/2016,partners
Sami,Tbib,sami_tb@yahoo.com,Servier Canada,BI Expert,9/28/2016,
Josee,Sigouin,jsigouin@kinessor.com,KinEssor Groupe-Conseil,Directrice Services Professionnels (Recruteur),3/3/2016,
Francis,Paquet,fpaquet@lecfomasque.com,Le CFO masqué,Partner,1/26/2012,colleagues
Stephane,Goyette,stephanegoyette@gmail.com,Ville de Montréal,Directeur du Bureau de la Ville intelligente et numérique/ Chief Digital Officer,8/28/2012,
Pierre Philippe,"Brûlé, M.Sc.",pierre.philippe.brule@gmail.com,P2B Professional Services (privately own),Senior Business Consultant,8/19/2014,
André,Petitclerc,andre.petitclerc@invest-quebec.com,Investissement Québec,Directeur principal investissement,5/31/2012,partners
Rafik,Berzi,rafik.berzi@hotello.com,Mingus Software inc.,President,5/17/2013,
Ambrozié,"Fechet, OCP, MGP, PMP, PMI-ACP",afechet@yahoo.com,Ville de Montréal,En mandat - Chargé de projets TI,3/29/2012,colleagues
Laurent,"Denault, CPA, CMA",laurent.denault@sympatico.ca,Philipsburg Duty Free,Finance Manager,6/12/2014,friends
Jean-Claude,Lefebvre,jean-claude.lefebvre@bell.ca,Bell Canada,Directeur développement des affaires,12/16/2012,
Tami,Capperauld,tcapperauld@comcast.net,Boeing Commercial Airplanes,Business Operations Specialist,2/21/2012,friends
Karim,Benchekroun,karim.benchekroun@bjmedia.ca,Linked Québec,Partenaire,2/23/2016,
Alexander,Franco,alexander_franco@hotmail.com,Citifinancière Canada Inc.,Senior IT Infrastructure Project Manager - Core services,2/13/2012,colleagues
Judith,Duquette,judith.duquette@yahoo.ca,Institut Cardiologie de Montréal,Agent de gestion du personnel,9/22/2012,colleagues
Tony,Adkins,Tony.Adkins@sas.com,SAS Institute,Product Manager,2/20/2012,friends
Andre,Lebel,andre.lebel@citrix.com,Citrix Systems Canada,Senior Network Sales Specialist - Eastern Canada,1/22/2012,"colleagues, friends"
Francois,"Bessette, CPA, CMA",francoisbessette@yahoo.ca,REMAX Real Estate,Contrôleur Financier,10/27/2016,
Abdelhaq,Sari MBA ITIL,sariabdelhaq@gmail.com,Service de Police de la Ville de Montréal -- Montréal City Police Department,Business Architect Management System Advisor.,11/17/2015,
Olivier,Dupuis,odupuis@cyclopelabs.com,Cyclope Labs,Business Analytics Consultant,3/23/2017,
Sabrina,Duguay,sduguay@national.ca,NATIONAL Public Relations,"Directrice, Communication corporative",1/3/2013,
Pier-Yve,"Dallaire, MAP",pydallaire@gmail.com,B&TSolution & Creation (division de 9197-4980 Québec Inc.),"Consultant and Business Development Manager, (8,8K)",2/23/2016,
Olivier,"Laquinte, MGP, PMP",olivier.laquinte@talsom.com,TALSOM,President,12/19/2012,
Stephane,Desrosiers,hppower@gmail.com,Bell,Architecte technologique senior / Senior Technology Architect,5/15/2012,
Stephane,D'Avril-Favreau,sdfavreau@outlook.com,Tableau Software,Conseiller Ventes-Sales Consultant,10/27/2016,
Patrice,Boulanger,boulanpb@videotron.ca,Avanade,"Group Manager, Business Development",4/10/2014,
Regis,Mathieu,regis_mathieu@yahoo.com,UGROUPMEDIA,CFO & Partner,9/5/2013,
André,"Coulombe, PSM",acoulombe@cosmo-logique.ca,Cosmo-Logique Informatique Inc,President,8/31/2016,
Mindy,Nguyen,mindy.nguyen@larochellegc.com,Larochelle Groupe Conseil,Conseillère en acquisition de talents  ,11/17/2015,
Jean-François,Rousseau,jean-francois.rousseau@libeo.com,Libéo,General Manager,2/23/2016,
Jeff,d'Avignon,jeffdavignon@gmail.com,IBM Canada Ltd.,"Sr Sales Executive, Risk Analytics",10/27/2014,friends
Patrick,Rondou,patrick.rondou80@gmail.com,Banque Nationale,Analyste Senior,10/14/2016,
Jean-Francois,Verville,jfverville@gmail.com,Web à Québec,Responsable de piste communication / marketing,2/17/2017,
Martin,"Girard, CFE",martingirard@bell.net,Bell Canada,Director Corporate Security & Integrity,1/28/2012,friends
David,Hannan,david.hannan@videotron.ca,ArcelorMittal Montreal,Special Projects,8/22/2012,colleagues
Frédérick,Lussier,fredlussier@hotmail.com,Revenu Québec,Chef du Service dans la direction du soutien au développement,12/14/2012,
Eric,Garceau,pegarceau@gmail.com,BlackBerry,Enterprise Account Manager,11/12/2012,
Nicole,Doucet,doucetn82@gmail.com,DISPONIBLE !,Responsable recrutement,10/27/2014,friends
Michel,Poulin,michelpoulin1@gmail.com,Michel Poulin Gestion et Conseil Inc.,Partner,9/3/2015,partners
Christian,Allaire,c_allaire@hotmail.com,Caisse de dépôt et placement du Québec (CDPQ),ETL/Data Integration Specialist,4/12/2016,
Steven,Guzman,sguzman@StrateG.digital,StrateG Digital,Fundador,12/10/2013,
Srikant,Sastry,srikant.sastry@gt.com,Grant Thornton LLP,Principal,2/5/2014,friends
Thomas,Akright,tomakright@comcast.net,Wholesome Harvest Baking,Senior Consultant,3/3/2012,friends
Todd,Meldrum ☁,todd.meldrum@gmail.com,Adaptive Insights,Regional Manager,3/22/2013,
Claude,Roy,croy@force5.ca,Force5 Inc.,President,5/28/2013,
Yannick,Vial,yvial6@gmail.com,La maison Simons,Vice-President Ecommerce and digital technology,10/15/2012,friends
Gino J.,"ROBERT, PMP",ginorobert@propmglobal.com,BOMBARDIER,Senior Project Manager,1/27/2012,"colleagues, friends"
Amar,Brahimi,amar_brahimi@hotmail.com,HEC Montréal,Certificate in Business Analytics,10/27/2016,
Sona,Lakhoyan Olivier,sona.lakhoyan@hotmail.com,Casino de Montréal,"Executive Host ,  High Rollers",2/2/2016,
Larry,Fitzpatrick,larryfitzpatrick6@gmail.com,Knowledge Providers Inc,Business Development Executive,12/8/2014,
Louis,Potvin,louis.potvin@croesus.com,Croesus Finansoft,Senior Account Manager,10/26/2014,friends
Maxime,Surprenant,maxime@cliniquechloe.com,Clinique Chloé médico-esthétique,Administrateur,11/17/2013,partners
Matthew,Smith,matthewsmith@3csoftware.com,3C Software,President & CEO,10/4/2012,friends
Francois,Houle,francois.d.houle@gmail.com,BDO Canada,IT Support Specialist,7/10/2015,
Dany,Bossé,danybosse@gmail.com,Procom,Recruitment Manager,10/25/2015,
Mathieu,Moles,matchamol@gmail.com,Larochelle Groupe Conseil,Director Data Analytics,6/23/2015,
Véronique,Lalonde,lalonde.veronique@rcgt.com,Raymond Chabot Grant Thornton,Première directrice pincipale - Gestion et coordination,3/13/2012,
Martin,"Le Comte M.Sc, CPA, CGA",mlecomte@outlook.com,Boralex Inc.,Senior Financial Analyst,10/3/2012,colleagues
Mohsine,"Berrada, B.Com, M.Sc.",mohsineberrada@gmail.com,National Bank of Canada,Senior Account Executive,5/10/2015,
Sandie,Rotgé,sandie.rotge@mail.mcgill.ca,Cossette,"Group Director, Digital Transformation and Mandates",8/31/2016,
Marilou,Ouimet,mouimet123@gmail.com,Yellow Pages / Pages Jaunes – Canada,SEO and SEM Campaign Manager,12/21/2012,
Robert,Sheridan,rob.sheridan@gmail.com,Fédération des Caisses Populaires Desjardins,Conseiller principal,2/14/2012,colleagues
Michelle,Cunningham,meeshbailey@gmail.com,Mediative,"Senior Manager, Enterprise Client Development & Programmatic Media",12/8/2015,
Sophie,Lalancette,sophielalan@hotmail.com,KinEssor Groupe-Conseil,"Directrice principale, Solutions d'affaires",3/21/2016,
Narjes,Boufaden,narjes.boufaden@gmail.com,Keatext,Founder and CEO,5/17/2013,
Xavier,Prudent,prudentxavier@gmail.com,Freelancer,Data Analyst for Visualization and Decision,3/23/2017,
Peter,Kwa,email@ottawapatentagency.com,,,5/24/2012,
Melanie,Gaudet,mgaudet@runestech.com,Runes Technologies,Directrice développement des affaires TI,6/6/2014,friends
Pierre,Donaldson,pierre@pierredonaldson.com,nGUVU Technologies,Chairman & CEO,1/30/2012,colleagues
Robert,Luong,LuongRobert@gmail.com,Microsoft,"Technology Solutions Professional, Data Platform & BI",3/23/2017,
Maria,Ponomareva,ponomaria@gmail.com,CLEARGOALS,Business Solutions Consultant,12/15/2014,friends
Rick,Pernod,rick.pernod@gmail.com,Pernod Analytics LLC,Owner,9/4/2013,partners
Paul,Joseph,paujosephjr@videotron.ca,EY,Business Analyst (EY partner),12/16/2016,
Kevin,Pellegrino,kevin.pellegrino@hotmail.com,California Apartment Association,Senior Vice President of Membership and Operations,3/26/2013,partners
Joe,Younes,joe.bvm@gmail.com,Crucial Interactive,VP Innovation & Audience Engagement,10/18/2012,partners
Sylvain,Pastor,mail@sylvainpastor.com,Québecor,Digital Performance Expert,8/26/2014,friends
Thierry,Bazay,tbazay@hotmail.com,Google,"Head of Industry, Media Platforms",12/19/2012,partners
Guy,Adam,gadam@arobaspersonnel.com,Arobas Personnel,Associé Principal,8/31/2015,
Carolina,Rivera,carolinarivera@gmail.com,Mediative,"Director, Paid Media",10/23/2016,
Stephane,Henley,stephanehenley@gmail.com,RCGT,Senior Manager Business Solutions,1/30/2012,"colleagues, friends"
Michel,"Milot, FCPA, FCMA",michel-milot@sympatico.ca,Retrait de la vie professionnelle,Retraité,3/2/2012,"colleagues, friends"
Marc,Lapointe,mlapointe@aqt.ca,Association québécoise des technologies (AQT),Directeur génégal adjoint,9/28/2016,
Luc,Vincent,lvincent@modelcom.com,Virtual Paper,Director,1/26/2012,"colleagues, friends"
Samantha,De Hamel,sdehamel@yahoo.com,Keyrus,Senior Business Intelligence Analyst,8/19/2014,
Michael,Chadwick,michael.chadwick@commsoft.ca,Commsoft Technologies,Ventes ERP Fidelio,12/20/2012,
Charlene,Harper,charleneharper@sbcglobal.net,Retired and enjoying Life.,Self-manager,7/5/2012,
Michel,Blanchette,michelblanchette@hotmail.com,MBGE,Consultant,12/19/2012,
Alan,Dunn,agdunn@gdiconsult.com,Manufacturing Executive Institute,Founder,2/28/2012,friends
Simon,Begin,sbegin@begin.solutions,Vidéotron,DevOps consultant,6/21/2013,friends
Sébastien,Henry,henry.sebastien1982@gmail.com,Multiforce,Big Data & Analytics Consultant,6/15/2015,
Pierre,Delagrave,pete.delagrave@gmail.com,Cossette Santé,Président,12/20/2013,partners
Johanne,Bouchard,jbouchard.jb@gmail.com,Indépendant,Consultante en développement philanthropique,8/31/2016,
Eve,Chamberland,eve.chamberland@videotron.ca,Groupe Maskatel LP,Directrice - Gestion de la mise en marché,1/21/2012,friends
Phil,"Gravel, CMA, PMP",pagravel@gmail.com,Prophix Software,"Director, Client Services",7/20/2013,
Benoit,Beaudry,bbeaudry@Outlook.com,Telesystem Ltd,"Manager, IT and Administration",2/4/2012,colleagues
Hélène,Sirois,helene.sirois@me.com,Ivanohé Cambridge,Analyste d'affaires BI sénior (consultante),12/21/2014,
Alphonse,"Galluccio FCPA. FCMA, ASC/ICD",amgalluccio@gmail.com,AMG Consulting Group,President,1/30/2012,"colleagues, friends"
Julien,Thesin,julien@thesin.ca,CN,Operation Architect,1/26/2012,"colleagues, friends"
ALAIN,CARDINAL,alain-cardinal@outlook.com,Université de Sherbrooke,Chargé de cours  technologies de l'information,4/14/2015,
Maxime,"Dube, CPA, CMA",maximedube@msn.com,Groupe BMR inc.,Contrôleur,2/18/2012,colleagues
Nancy,Chiasson,chiassonnancy@gmail.com,Consultante,Gestionnaire de projets marketing et événements,1/2/2013,
François,Jasmin,francois.jasmin@polymtl.ca,Investissements PSP,"Analyste principal - Conception de Solution, Livraison de service ",7/30/2014,friends
Jean,"D'Aquila, CPA, CA",daquilaj@videotron.ca,Corporation des pilotes du Bas Saint-Laurent inc.,Directeur général,2/4/2012,friends
France,Lavoie,france.lavoie@devicom.com,Dévicom inc.,"Vice-présidente, co-fondatrice et directrice générale de DEVICOM",2/29/2016,
Rémi,Bastien,remi.bastien@gmail.com,ContentSquare,Head of Operational Effectiveness,10/19/2012,partners
Jimmy,Grondin,JGrondin@Tintri.com,Tintri,Sr. Systems Engineer,1/31/2012,colleagues
Eric,"Boillaud, PhD, CAPM, ITIL",eboillaud@yahoo.com,Prünge,Senior Technology Advisor (SR&ED - IT),11/18/2012,group_members
Alex,Falconer,afalconer02@gmail.com,TEC Energy inc,Power Trader,2/2/2014,
Gilles,Paré,gilles_pare@videotron.ca,Canada Revenue Agency - Agence du revenu du Canada,"Vérificateur principal, impôts sur le revenu",2/1/2012,"classmates, friends"
Michael,Lavoie,mlavoie@octavemaecenas.com,Octave Maecenas,ASSOCIÉ / RECHERCHE DE CADRES ,6/2/2014,friends
Julie,Gamet,juliegamet@yahoo.ca,Banque Nationale,Conseillère Sr - Gestion portefeuille et performance -Intelligence d'affaires et gestion des données,11/15/2015,
Alexandre,Schneider,alexandre.schneider@theaccessgroup.com,The Access Group,Business Intelligence Managing Director,6/12/2014,
Michael,Conn,michaelconn1@gmail.com,MediSolution,National Sales Director,1/26/2012,colleagues
Pierre,Pellerin,pierre.pellerinconsultant@gmail.com,Pierre Pellerin Consultant Performance - Santé - Liberté,Performance - Santé - Liberté,5/23/2012,
John,Miller,jmiller@arkonas.com,Arkonas,President,2/21/2012,friends
Julie,"Ricard, MBA",julie_ricard@hotmail.com,Comité consultatif des services aux élèves handicapés et en difficulté d'apprentissage/d'adaptation,Présidente,2/28/2014,partners
Guillaume,Bedard,gbedard.home@gmail.com,Deloitte Canada,Directeur Principal | Information Management & Analytics,4/11/2014,
Frederic,Ciorra,frederic.ciorra@cgi.com,CGI,"Directeur, service conseil",2/1/2012,friends
Adrien,Isnard,adrien1804@hotmail.com,Hypertec Group,Analyste d'Affaires,10/27/2016,
Daniel,"Hallé, CPA, CMA",dhalle@connexe.ca,Connexe technologie,Directeur associé | services-conseils,10/26/2014,friends
Vladimir,"De La Rocq, MBA",vdelarocq@videotron.ca,Hypotheca,"Courtier Hypothécaire |  Prêts pour achat, renouvellement, refinancement",1/31/2012,colleagues
Clément,Fontaine,clement.fontaine@videotron.ca,Armoires Fabritec Ltée,Vice President Operations,10/28/2013,
Lyubomir,Georgiev,lgeorgiev@sigmamodeling.com,Sigma Modeling Inc.,Consultant and owner of the company,7/5/2012,colleagues
Pierre-Etienne,Paradis,paradis@mediameriquat.com,MediAmeri4 communications multilingues,Rédacteur et traducteur pigiste,12/29/2014,friends
Isabelle,"Cote, CPA, CA",isabelle.cote.a@tc.tc,TC Transcontinental,Corporate Controller,5/30/2013,
Carole,"Doucet, MBA, PCC",cdcoach@voirplusclair.com,Coaching d'affaires Carole Doucet,Présidente | Coach professionnel certifié,3/30/2012,
Luc,"Galey-Jamier, MSc",luc.galey-jamier@hotmail.com,Hydro-Québec,Chargé de projet / Coordonnateur déménagement du Datacenter,1/26/2012,colleagues
Alexandre,Lefebvre,holyfool26@gmail.com,Rogers Consumer Publishing and Digital Media Group,Digital Ad Tech Specialist,8/27/2014,
Benoit,Lepine,benoit.lepine@decimal.ca,DECIMAL,Vice-président Ventes / VP Sales,5/21/2013,
Jonathan,Lafleur,lafleurjonathan@gmail.com,DECIMAL,"Vice-président, Recherche et Développement",4/24/2012,
Miville,des Chenes,miville.deschenes@mesuredurisque.com,NSF International,"Business Development Manager, Food Group",1/30/2012,colleagues
Eric,Desrosiers,eric.desrosiers@relation1.ca,RELATION1,Directeur général et VP Stratégie,1/30/2012,"colleagues, friends"
Eric,"Drainville, MBA, CPA, CMA",eric.drainville@gmail.com,Développement économique de l'agglomération de Longueuil (DEL),Directeur des finances et investissements,6/25/2014,
Isabelle,RIVOAL,isabellerivoal@gmail.com,DECIMAL,Directrice de communication et de marketing,1/26/2012,"colleagues, friends"
Benjamin,Marsac,benjamin.marsac@gmail.com,FPM360,Senior Consultant - Financial Performance Management,9/6/2013,partners
Marc,"Vallée, CPA, CMA",valleemarcandre@hotmail.com,DECIMAL,Manager,1/30/2012,colleagues
Carolyn,Nguyen,carolyn.tam.nguyen@gmail.com,Jeunes Entreprises du Québec,Membre du conseil d'administration,2/8/2012,colleagues
Amrita,Matharu,amrita.matharu@hotmail.co.uk,SOLA Group Limited,Data Analytics Specialist,8/19/2014,
Charles,"Verdon, MBA",charlesverdon@gmail.com,Microsoft,Solutions Specialist – Data Platform & Analytics,11/27/2015,
Yanic,Roy,yroy@investpsp.ca,PSP Investments,"Senior Director, Finance and Administration, Europe",2/25/2015,friends
Todd,"Scaletta, FCPA, FCMA",tscaletta@cpamb.ca,Chartered Professional Accountants of Manitoba (CPA Manitoba),President and CEO,2/24/2012,"colleagues, friends"
Antoine,van Eetvelde,antoine@pastequedeau.com,Freelance,Digital Project Manager (freelance),6/21/2013,friends
Nicholas,Emond,nicholas.emond@hotmail.ca,Logibec,Business Intelligence Programmer Analyst,9/2/2014,
Evelyne,"Blain, CPA, CMA",evelyneblain@hotmail.com,Ordre des CPA du Québec,"Directrice, Développement des affaires, Director, Business Development",12/22/2015,
Eric,Thibodeau Raymond,eric_thibodeau_raymond@hotmail.com,Mediative,Analyste,12/2/2015,
Jean-Philippe,Salvas,jpsalvas1@hotmail.com,Banque Développement du Canada (BDC),"Directeur Principal, Groupe Technologies | Senior manager, Technologies Group",1/7/2014,friends
Michael,Fournier,michaelrfournier@yahoo.ca,McDonald's Canada,Consumer and Business Insight Consultant,7/5/2012,
Alexandra,"Raymond, CPA, CMA",raymondalexandra@gmail.com,BOMBARDIER,Financial Analyst - Deal Management,6/12/2014,friends
Mario,Nolet,marnom@gmail.com,Complys Technologies,conseiller en informatique,2/27/2012,colleagues
Alain,Quenneville,alain.quenneville@hotmail.com,"Alain Quenneville, gestion et conseil Inc.",Consultant d'affaires - Business Advisor,4/12/2016,
Josée,"Blanchard, CPA, CMA",joseecma@videotron.ca,Ordre des CPA du Québec,"Vice-présidente, Systèmes d'information",5/8/2014,
Steeve,Brechmann,steevebrechmann@gmail.com,Brechmann Solutions Inc.,"CEO, CTO, Senior Data Scientist - Engineer - Architect",10/23/2015,
Simon,Hamel,hamel.simon@videotron.ca,Riopel Consultant inc.,Senior Consultant,2/1/2012,colleagues
Yann,Penarroya,yann.penarroya@gmail.com,CGI,System Administrator,1/27/2015,colleagues
Cassandre,Jean-Baptiste,cassandre.jean-baptiste@techsolcom.ca,R3D,Conseillère en recrutement,5/18/2013,
Sophie,"Marchand, M.Sc., CPA, CGA, MVP",smarchand@lecfomasque.com,Le CFO masqué,Experte en modélisation financière et intelligence d'affaires,10/3/2012,colleagues
» Fabien,Sellin,fabien.sellin@commsoft.ca,Commsoft Technologies,Directeur des ventes et marketing,1/14/2013,
David,Pidsley,davidpids@gmail.com,Acrotrend,Head of Product,10/14/2014,
Catalin,Popovici,catalinpopovici@hotmail.com,Investments,Analyst Programmer,11/24/2014,
André,Bouchard,abouchard@crealink.ca,Crealink,Président,8/12/2013,friends
Guylaine,Hébert,ghebert3@videotron.ca,Commission scolaire des Patriotes,Technicienne en éducation spécialisée,12/6/2013,
Lisa,Toste,torontofcp@intelligentoffice.com,Intelligent Office Canada,Regional Sales Manager Toronto,1/26/2012,colleagues
Geoffrey,Bernard,Geoffrey_bernard6@hotmail.com,La Presse,"Director, Analytics & Data Science",11/13/2015,
Valérie,Chamberland,chamberlandvalerie@hotmail.com,UQAM | Université du Québec à Montréal,Chargée de cours,3/5/2012,friends
Mehdi,Merai Ph.D.(c),mehdi.merai@gmail.com,Dataperformers,CEO and Cofounder,6/13/2013,partners
Andrew,Dulgar,adulgar@hotmail.com,ALDO Group,"Financial Analyst, Financial Planning & Analysis",6/23/2014,friends
Gabrielle,"Legault, CPA, CMA",gabrielle_legault@yahoo.com,PSP Investments,"Senior Analyst, Financial Planning and Analysis",7/10/2015,
Guillaume,Guitard,guillaumeguitard@hotmail.com,Pépinière Auclair et frères (1991) inc.,Directeur général,9/18/2014,friends
Sylvain,Martel,sylvain.martel@videotron.ca,National Bank Financial Group,"Chef d'équipe, conseiller senior",6/15/2015,
Audrey,Poulin,poulinaudrey@gmail.com,KWANTYX,Senior Digital Marketing Analyst / PMO Director,6/17/2014,
Frederic,Senez,fsenez@microsoft.com,Microsoft Canada,Senior Partner Sales Executive Cloud – East SMB Major Resellers Division,11/4/2015,
Mélina,"Roy, CRHA",roymelina@hotmail.com,Travailleur autonome,Consultante en gestion des ressources humaines,1/22/2012,"colleagues, friends"
Luc,Durand,durand.luc@agiledss.com,agileDSS,Directeur de Pratique BI,11/18/2014,friends
Christopher,Gillam,gillam.chris@gmail.com,Teralys Capital,Senior Associate,7/5/2012,colleagues
Jean-Francois,Côté,jiefc@hotmail.com,Himalaya Conseil,Consultant,7/17/2012,
Olivier,"Ringuet, B. Gest., Adm. A., Pl. Fin.",oringuet@gcrcollectif.ca,Groupe Conseil Ringuet et associés inc.,Président,2/8/2012,"colleagues, friends"
Stéphanie,Trudeau,stephanie_trudeau@hotmail.com,Mediative,Media Inventory Optimization Analyst ,2/19/2016,
Elvis,Kalnins,ekalnins@gmail.com,Ingenya Consultores,Regional Sales Manager,12/10/2013,
Hugô,St-Onge,gohu@blocpot.qc.ca,Lux éditeur SA,Responsable à l'administration et à la comptabilité,4/17/2013,friends
Serge,Bouchard,sbouchard@morencyavocats.com,Morency Société d'Avocats s.e.c.r.l.,avocat,2/1/2012,friends
Charles,Lippe,CLIPPE@microsoft.com,Microsoft Canada,Cloud Channel Executive,11/4/2015,
Ghizlane,"Chegdali, CPA, CMA",ghizlane.chegdali@exceleris.com,Exceleris,Manager - Recruiting and Business Development,5/2/2012,
Ryma,"Laoudi CPA, CMA",rymalaoudi@gmail.com,Desjardins,Conseillère en mesure de la performance financière,10/3/2014,friends
Julien,Lemaitre,julien.lemaitre@paradissime.com,agileDSS,Director / Delivery Manager,4/27/2016,
Steve,Gaudet,s_gaudet@videotron.ca,QuébéComm,Directeur des ressources financières et informationnelles,1/30/2012,colleagues
Pierre Louis,Couillard,pl.couillard@gmail.com,CGI,"Client Architect CGI Global Infrastructure Services, Solutions & Consulting",1/26/2012,colleagues
Martha,"Persaud, CPA,CMA",mnpersaud@gmail.com,Les Technologies Seedbox Inc.,Financial Analyst,5/2/2012,
Catherine,Descoteaux,cdescoteaux@gmail.com,Combustible,Directrice de compte / Account manager,8/31/2015,
Jean-Philippe,Lejeune,jean.phil.lejeune@gmail.com,Innocap,Risk Analyst,12/12/2016,
Najib,Faraj,najib@faraj.me,R3D Conseil,Développeur .Net Senior,3/26/2015,
Sophie,G.Gareau,sophieg_g@hotmail.com,Financière des professionnels,"Administrator, Investments and Settlements, Operations & Compliance",10/1/2014,
Joelle,Choquette,joelle@aqt.ca,Association québécoise des technologies (AQT),Conseillère au développement des partenariats,11/13/2015,
Helene,Chartier,helene.b2bspecialist@gmail.com,Jostens Québec,Yearbook associate sales representative,4/4/2012,
Sophie,Gélinas M.Sc.,sogelinas@hotmail.com,Cogeco Connexion,"Analyste, intelligence d'affaires (contrat)",2/26/2015,
Reynaldo,Mendoza,reynaldomendozadans@gmail.com,RM Strategy Inc.,Founder | Cloud Marketing | Lead Generation Specialist,12/19/2012,
Jacky,"Chan, CPA, CGA",yang_gor@hotmail.com,PSP Investments,"Advisor, Investment Finance",1/11/2015,
Jean-Baptiste,Parpant,jbparpant@gmail.com,Jean-Baptiste Parpant,Thérapeute en Relation d'Aide,5/28/2014,
Jean-Francois,Danis,danis.jfrancois@videotron.ca,Desjardins,Conseiller - Mesure de la performance financière,3/22/2013,
Hubert,"Lavigne-Chouinard, CPA, CMA",hlavignechouinard@decimal.ca,DECIMAL,Directeur,7/5/2012,
Marilyn,Carriere,marilyn.carriere@g2consultation.com,G2 Consultation - G2 Legal,Développement des affaires et recrutement TI,8/31/2016,
Eric,Bordage,eric.bordage@roberthalf.com,Robert Half Finance & Accounting,Directeur du recrutement,10/3/2016,
Paren,Parsekhian,paren77@gmail.com,Mediative,Yield & Operational KPI Analyst,2/25/2015,
Alexis,"Bergoz, CRHA",alexis.bergoz@alithya.com,ALITHYA,Conseiller en Acquisition des Talents,8/24/2016,
Alessandro,"Lastoria, CPA, CMA",alessandro.lastoria@gmail.com,CDI Furniture,Controller,6/25/2014,friends
Stéphane,"Mercier   CPA, CMA, M.Sc.",stephane.mercier100@videotron.ca,Consultant / Self-Employed,Consultant,2/3/2012,"colleagues, classmates, friends"
Alex,"Lussier, CPA, CMA",alx.lussier@gmail.com,DECIMAL,Directeur,12/19/2012,
Laurence-Olivier,"M.-Trudel, CPA-CMA",laurence_olivier_03@hotmail.com,Association Régionale de Soccer des Laurentides,Coordonateur à l'arbitrage,6/12/2014,friends
David,Besnainou,dbesnainou@tableau.com,Tableau Software,"Sales Area Manager, Enterprise",7/18/2016,
Michael,Harand,michael.harand@live.com,Deloitte,"Solution Manager, Analytics & Information Management",3/9/2015,
Serge,Lamoureux,sl@nplan.ca,Private Investors,AI Trading Software Developer,2/25/2015,
Guillaume,"Vigeant CPA, CA, CFA, CBV",gvigeant@dvconsultation.com,DV Consultation,Associé,1/23/2014,partners
Dominic,Laurin,dominic.laurin@bell.ca,Bell,Senior manager - Broadband & Transport,10/27/2016,
Marc,Meunier,marcm36@hotmail.com,GENILAN,Director of Operations,8/31/2015,
Moe,Logeswaran,moharan20@gmail.com,National Bank of Canada,"Lead, Web Analytics & Optimization",10/29/2014,colleagues
Fabiola,"Raphael, CPA CMA",feebee98@hotmail.com,McKesson,Senior Financial Analyst,6/11/2014,friends
Carole,Rioux,carole.rioux@ia.ca,iA Financial Group (Industrial Alliance),Directrice adjointe / Coord. - Solutions d'affaires corporatives,4/22/2014,
David,Rouleau,drouleau14@schulich.yorku.ca,Groupe Maskatel LP (Birch Hill Portfolio Company),Strategy Director,8/13/2015,
Steven,Manson,manson.sr@gmail.com,XPETO,"Supervisor, Programmatic Systems",8/20/2014,
Smita,"P., CRHA / CHRP",smita.patel@hec.ca,"Blake, Cassels & Graydon LLP",Human Resources Coordinator,9/8/2014,
Sébastien,Clément,seb9clement@hotmail.com,Diageo,Commercial Planner - Eastern Canada,5/18/2013,
Solange,"Garceau, CPA,CA",solange.garceaucpaca@gmail.com,.,Travailleur autonome,4/26/2013,colleagues
Jérémie,DELOBEL,jeremie.delobel@jemleweb.fr,Facilité Informatique,Architecte solutions - Intégration de données,10/31/2014,friends
Jean-François,"Lasnier, FCPA, FCMA",jf.lasnier@videotron.ca,Ordre des CPA du Québec,Premier vice-président,1/28/2012,colleagues
Eric,Simon,eric.simon@videotron.ca,Fibrenoire,"Vice-President, Finance",1/26/2012,colleagues
Gabriel,"Auger , M.Sc.",Gabriel.Auger@USherbrooke.ca,La Presse,"Analyste Principal , Projets Stratégiques",1/21/2014,
Melva,Hernandez,melvayaneth@hotmail.com,Decideo,"Rédactrice pour Decideo.com, Développement d'affaires et coordination des équipes",4/8/2013,
Shervin,Asgari,shervin.asgari.work@gmail.com,Alberta Health Services-Department of Population Health Research (Cancer Research),Statistical Associate,10/21/2013,
Dupré ,Patrick,armoires_dupre@hotmail.com,Les Cuisines Patrick Dupré Inc.,président,1/4/2016,
Nargess,Hashemi,hashemin.ca@gmail.com,Aimia Inc,Senior Data Anlayst,4/25/2016,
Sophie,St-Laurent,sof_1@hotmail.com,Supermax Healthcare Inc,"Directrice, comptabilité et ressources humaines",5/16/2016,
Steve,Orenbach,stevenorenbach@videotron.ca,FireUp Networks,Business Development Manager,8/27/2012,
Maryse,Turcot,mturcot@krg.ca,Kativik Regional Government,Management Advisor,11/3/2015,
Janny,"Sisalith, CPA, CMA",janny.sisalith@gmail.com,Deloitte Canada,Senior Financial Analyst,6/12/2014,friends
Kai,"Chen,  CFA, FCCA",mxykai@hotmail.com,PSP Investments,"Manager, Investment Finance",6/30/2015,
Guillaume,Poitras,poitrasguillaume4@gmail.com,Keyrus,Business Development Director,3/23/2017,
Micheal,Iles,chefmichealiles@gmail.com,220 Restaurant Group,Chef,12/19/2012,friends
Rupinder,"Rehaln, CPA, CMA",rupinder_rehaln@hotmail.com,Agriculture and Agri-Food Canada,Finance Officer,6/11/2014,friends
Pascal,Pepin,pepin@powercorporation.com,Power Corporation of Canada,Director Compensation and Benefits,10/23/2014,
Geneviève,Lépine,g.lepine@recyc-quebec.gouv.qc.ca,RECYC-QUÉBEC,Conseillère en développement organisationnel,9/26/2012,
Daniel,Dubé,daniel.dube@fmcprofessionals.com,FMC Professionals Inc.,VP Audit and Consulting Services,12/19/2012,partners
Hajer,Charfi Koubaa,hajer.charfi@gmail.com,Croisières AML,Déléguée commerciale - Développement des affaires,5/22/2013,
Michel,Rathé,michelrathe@viziondecision.com,VIZion Décision,Président,1/12/2014,
Anne,Chabert,chabert.anne@agiledss.com,agileDSS,Coordonnatrice Marketing,1/18/2016,
Roxane,Jones Langlois,roxanelanglois@live.ca,GO ROCK IT,Partenaire d'affaires RH - attraction & acquisition de talents,10/25/2015,
Pierre,Marcoux,pmarcoux@morencyavocats.com,Morency Société d'Avocats s.e.n.c.r.l.,Associé,12/19/2012,partners
Guy,Vallieres,guyvallieres@gmail.com,Groupe Dynamite,Director Finance - Operation,6/26/2014,
Michael,"Albo, MSc IT, MBA",michael.albo@datascienceinstitute.org,Data Science Institute,CEO & Co-Founder,3/10/2013,friends
Denis,"Archambault, CFA",denis.archambault@tatacommunications.com,Ergothérapie Enfance,Chef de la Direction Stratégique et Financière,11/1/2015,
Jean-Pascal,Gauthier,DrJP@hotmail.com,Sûreté du Québec,Chef de la Division des Partenaires  en ressources humaines Est du Québec,11/13/2013,
Stephanie,Crow,scrow@tableau.com,Tableau Software,Sales Area Manager - Enterprise - French Speaking,3/12/2014,
Sandro,Sciacca,sandrosciacca@outlook.com,Unemployed,Avionic Contractor,8/26/2016,
Carol,"Bélanger CPA, CMA",cbelanger@biz.videotron.ca,La Coop des Montérégiennes,Chief Accountant,10/3/2016,
Jal,Aeleti,jaeleti@gmail.com,,,11/3/2014,
Catherine,"Boivin, CPA, CMA",cath4_boivin@hotmail.com,DECIMAL,Directrice,1/11/2014,
Wendy,Zhou,wzhou226@gmail.com,Zcloudata 宁波正云数据科技有限公司,Chief Executive Officer,8/20/2014,
Stéfany,"Clouâtre, CRHA",stefany41@hotmail.com,Mediagrif Interactive Technologies Inc.,Conseillère au recrutement,9/3/2014,friends
Virginie,Boivin,boivin.virginie@gmail.com,Vidéotron,Analyste principale - Intelligence d'affaires,6/2/2014,
Indira,Ghahremani,indira.1355@gmail.com,Looking for new position,Database Administrator,2/5/2016,
Marta,Misko,marta.misko@hotmail.com,Canada Mortgage and Housing Corporation (CMHC),Project Planning,6/11/2013,friends
Ariane,Matte Marchand,arie.marchand@gmail.com,Deloitte Canada,Consultante,1/19/2016,
Luc,Archambault,lucarc@hotmail.com,OTF Systems,Programmeur,5/17/2013,
Tony,Sansico,tony@gbandsmith.com,GB&SMITH,Head of Sales North America,12/5/2016,
Patrick R.,Bitoumbou,prbitoumbou@gmail.com,agileDSS,"Business intelligence, Big Data & Data lovers Recruiter",11/7/2016,
David,Desautels,d.desautels@info-tele.com,INFO Télécom,Président,11/2/2013,
Julie,Drapeau,jdrapeau19@gmail.com,Les Habitations Nabco Inc.,Coordonatrice Comptabillité & Administration,12/8/2015,
André,Daviault,andre.daviault@videotron.ca,Cascades,"Directeur marketing, Cascades PRO, Amérique du Nord",10/23/2015,
Osavciuk,Galina,osavciuk.galina@agiledss.com,agileDSS,ajointe administrative,2/9/2016,
Jacob,LeMaire,jlemaire@tableau.com,Tableau Software,Enterprise Sales Area Manager - Strategic Accounts,8/22/2014,partners
Eric,Tremblay,deozyris@gmail.com,slik.media,Graphiste | Designer Web | Développeur front-end,10/28/2013,
Jeremie,Pineau,jeremie.pineau93@gmail.com,Playtika,Customer Analytics Specialist,4/3/2017,
Martin,Leclair,martinleclair99@gmail.com,Atelier Moteur Pompe,Chef d'entreprise,11/18/2013,
Simon,Houle,simon.houle@outlook.com,National Bank of Canada,Senior BI / Data Visualization Analyst,9/5/2014,friends
Jean-Simon,Barry,jeansimon55@gmail.com,"Expedia, Inc.",Software Developer,1/30/2015,friends
Julie,Leclerc,julieleclercgraphiste@gmail.com,Vers'en Art communication,Graphiste,1/27/2016,
Lara,"Midoun, M. Sc.",lara.midoun@ca.ey.com,EY,Senior Sourcing Specialist,4/18/2017,
David,L'Heureux,davidlheureux33@yahoo.com,"Fro, Inc.",Co-Founder,11/3/2015,
Isabelle,Cormier,icormier@modelcom.com,Consultante,Chef comptable,1/15/2014,friends
Khalid,"Lyoubi, MSc,",klyoubi@gmail.com,Desjardins Global Asset Management,Senior BI Consultant,8/31/2016,
Luc,Marsolais,luc@optibusiness.ca,District M,SVP Operations,9/2/2014,
John Baptiste,BILY,johnbbily@gmail.com,ACCEO Solutions,CRM Business Analyst,8/31/2016,
Debbie,Babanikos,d.babanikos@hotmail.com,Google,Digital Media Manager,11/3/2014,
Mathieu,L'Allier,m.lallier12@gmail.com,Playtika,Analyste Intelligence d'affaires,1/20/2017,
Richard,"Bolduc, CIM, FCSI",richardbolduc01@outlook.com,Mandeville Private Client Inc.,Regional Compliance Officer/Directeur régional de la conformité,12/4/2014,
Robert,Allie,robert.allie@ophq.gouv.qc.ca,Office des personnes handicapées du Québec,Directeur des services de soutien à la gestion,9/22/2016,
Dmitry,Victorov,dimvic01@telus.net,Mediative,Sr. System Administrator,1/23/2016,
France,Perreault,france.perreault@sympatico.ca,,,4/25/2017,
Pierre-Jean,Dion,PJDion@outlook.com,Gestion interFORMANCE,Président,2/23/2017,
Vincent,Bureau MGP PMP® MoP® PRINCE2®,vincent@vincentbureau.com,360Project,Chef de projets,4/18/2017,
