First Name,Last Name,Company,Title,Email,Phone Numbers,Notes,Tags
France,Perreault,,,france.perreault@sympatico.ca,,,
Melanie,Roy,Ngenio - Human Capital Management,Analyste accréditée MPO/Certified analyst,melanie@melanieroy.ca,,,
Lara,"Midoun, M. Sc.",EY,Senior Sourcing Specialist,lara.midoun@ca.ey.com,514 848-1881 poste 237,,
Samir,Ghazi,Caisse de dépôt et placement du Québec (CDPQ),Business Intelligence Consultant,samir.ghazi@gmail.com,,,
Vincent,Bureau MGP PMP® MoP® PRINCE2®,360Project,Chef de projets,vincent@vincentbureau.com,,,
Jeremie,Pineau,Playtika,Customer Analytics Specialist,jeremie.pineau93@gmail.com,,,
Xavier,Prudent,Freelancer,Data Analyst for Visualization and Decision,prudentxavier@gmail.com,,,
Olivier,Dupuis,Cyclope Labs,Business Analytics Consultant,odupuis@cyclopelabs.com,819-968-7490,,
Robert,Luong,Microsoft,"Technology Solutions Professional, Data Platform & BI",LuongRobert@gmail.com,,,
Guillaume,Poitras,Keyrus,Business Development Director,poitrasguillaume4@gmail.com,,,
Jean-René,Roy,DevTeach Conference,Program Director,jrroy@devteach.com,866 788-7638,,
Pierre-Jean,Dion,Gestion interFORMANCE,Président,PJDion@outlook.com,,,
Jean-Francois,Verville,Web à Québec,Responsable de piste communication / marketing,jfverville@gmail.com,,,
Mathieu,L'Allier,Playtika,Analyste Intelligence d'affaires,m.lallier12@gmail.com,514 213 3767,,
Jean-William,Milon,Playtika (Canada),Director of Analytics,jeanwilliammilon@gmail.com,,,friends
Paul,Joseph,EY,Business Analyst (EY partner),paujosephjr@videotron.ca,,,
Jean-Philippe,Lejeune,Innocap,Risk Analyst,jean.phil.lejeune@gmail.com,,,
Tony,Sansico,GB&SMITH,Head of Sales North America,tony@gbandsmith.com,,,
Jean-Lou,Dupont,Cogeco Communications,"Director, Technology Strategy (Office of the Chief Technology, Strategy & Security Officer)",jl@jldupont.com,,,
Patrick R.,Bitoumbou,agileDSS,"Business intelligence, Big Data & Data lovers Recruiter",prbitoumbou@gmail.com,514-788-1337 x 51,,
Francois,"Bessette, CPA, CMA",REMAX Real Estate,Contrôleur Financier,francoisbessette@yahoo.ca,,,
Stephane,D'Avril-Favreau,Tableau Software,Conseiller Ventes-Sales Consultant,sdfavreau@outlook.com,,,
Dominic,Laurin,Bell,Senior manager - Broadband & Transport,dominic.laurin@bell.ca,,,
Amar,Brahimi,HEC Montréal,Certificate in Business Analytics,amar_brahimi@hotmail.com,514 449 6069,,
Adrien,Isnard,Hypertec Group,Analyste d'Affaires,adrien1804@hotmail.com, +15147996428,,
Carolina,Rivera,Mediative,"Director, Paid Media",carolinarivera@gmail.com,,,
Patrick,Rondou,Banque Nationale,Analyste Senior,patrick.rondou80@gmail.com,,,
Eric,Bordage,Robert Half Finance & Accounting,Directeur du recrutement,eric.bordage@roberthalf.com,514 875-8585,,
Carol,"Bélanger CPA, CMA",La Coop des Montérégiennes,Chief Accountant,cbelanger@biz.videotron.ca,(514) 206-5239,,
Marc,Lapointe,Association québécoise des technologies (AQT),Directeur génégal adjoint,mlapointe@aqt.ca,,,
Sami,Tbib,Servier Canada,BI Expert,sami_tb@yahoo.com,,,
Robert,Allie,Office des personnes handicapées du Québec,Directeur des services de soutien à la gestion,robert.allie@ophq.gouv.qc.ca,,,
Missoum,Bentounes,Larochelle Groupe Conseil,"Directeur, relations d’affaires",mbentounes@gmail.com,514-244-1387,,partners
Marilyn,Carriere,G2 Consultation - G2 Legal,Développement des affaires et recrutement TI,marilyn.carriere@g2consultation.com,514 548 2025 ext 702,,
André,"Coulombe, PSM",Cosmo-Logique Informatique Inc,President,acoulombe@cosmo-logique.ca,514-889-9457,,
Sandie,Rotgé,Cossette,"Group Director, Digital Transformation and Mandates",sandie.rotge@mail.mcgill.ca,,,
Khalid,"Lyoubi, MSc,",Desjardins Global Asset Management,Senior BI Consultant,klyoubi@gmail.com,,,
John Baptiste,BILY,ACCEO Solutions,CRM Business Analyst,johnbbily@gmail.com,514 799 4935,,
Johanne,Bouchard,Indépendant,Consultante en développement philanthropique,jbouchard.jb@gmail.com,,,
Sandro,Sciacca,Unemployed,Avionic Contractor,sandrosciacca@outlook.com,,,
Alexis,"Bergoz, CRHA",ALITHYA,Conseiller en Acquisition des Talents,alexis.bergoz@alithya.com,514-847-1080,,
David,Besnainou,Tableau Software,"Sales Area Manager, Enterprise",dbesnainou@tableau.com,2028542179,,
Sophie,St-Laurent,Supermax Healthcare Inc,"Directrice, comptabilité et ressources humaines",sof_1@hotmail.com,514-823-0504,,
Julien,Lemaitre,agileDSS,Director / Delivery Manager,julien.lemaitre@paradissime.com,,,
Sonya,Thayer,Sourcevolution,"Vice-présidente, Solutions d'affaires",sonya_thayer@yahoo.ca,514-910-1358,,
Nargess,Hashemi,Aimia Inc,Senior Data Anlayst,hashemin.ca@gmail.com,,,
Christian,Allaire,Caisse de dépôt et placement du Québec (CDPQ),ETL/Data Integration Specialist,c_allaire@hotmail.com,,,
Alain,Quenneville,"Alain Quenneville, gestion et conseil Inc.",Consultant d'affaires - Business Advisor,alain.quenneville@hotmail.com,514 238-3921,,
Sophie,Lalancette,KinEssor Groupe-Conseil,"Directrice principale, Solutions d'affaires",sophielalan@hotmail.com,,,
Michel,Marin PMP,Université de Montréal,IMS Manager for Bureau du développement et des relations avec les diplômés (Advancement Office),mmarin1m@gmail.com,,,
Molivann,Ky,Larochelle Groupe Conseil,Director,molivann.ky@s2mv.com,,,
Chantal,Zaccour,FONDATION J.-LOUIS LÉVESQUE,Coordonnatrice Philanthropie - Bureau de la présidence,chantal.zaccour@videotron.ca,,,
Josee,Sigouin,KinEssor Groupe-Conseil,Directrice Services Professionnels (Recruteur),jsigouin@kinessor.com,514-907-2225*239,,
France,Lavoie,Dévicom inc.,"Vice-présidente, co-fondatrice et directrice générale de DEVICOM",france.lavoie@devicom.com,,,
Feargal,Connor,Mediaoptimise,CEO and founder,fconnor@mediaoptimise.com,514 250 3234,,
Pier-Yve,"Dallaire, MAP",B&TSolution & Creation (division de 9197-4980 Québec Inc.),"Consultant and Business Development Manager, (8,8K)",pydallaire@gmail.com,514-574-4011,,
Karim,Benchekroun,Linked Québec,Partenaire,karim.benchekroun@bjmedia.ca,1 514-983-2039,,
Jean-François,Rousseau,Libéo,General Manager,jean-francois.rousseau@libeo.com,418-520-0739 ext. 103,,
Stéphanie,Trudeau,Mediative,Media Inventory Optimization Analyst ,stephanie_trudeau@hotmail.com,514-772-0677,,
Steve,Trinque,MXO | agence totale,Président et chef de la direction,steve.trinque@agencemxo.com,450-347-8811 poste 233,,
Jean-Philippe,Gauthier,Google,Media Platform,jpgauthier@google.com,,,colleagues
Osavciuk,Galina,agileDSS,ajointe administrative,osavciuk.galina@agiledss.com,,,
Indira,Ghahremani,Looking for new position,Database Administrator,indira.1355@gmail.com,,,
Sona,Lakhoyan Olivier,Casino de Montréal,"Executive Host ,  High Rollers",sona.lakhoyan@hotmail.com,,,
Julie,Leclerc,Vers'en Art communication,Graphiste,julieleclercgraphiste@gmail.com,,,
Dmitry,Victorov,Mediative,Sr. System Administrator,dimvic01@telus.net,,,
Ariane,Matte Marchand,Deloitte Canada,Consultante,arie.marchand@gmail.com,,,
Anne,Chabert,agileDSS,Coordonnatrice Marketing,chabert.anne@agiledss.com,514.788.1337,,
Shaun,Dhani,BMO Financial Group,User Experience Lead,shaun@dhani.ca,,,
Isabelle,Boudreau,Tableau Software,Enterprise Account Executive,iboudreau@tableau.com,514-244-7703,,
Jean-Francois,"Pilon, CBIP",PSP Investments,"Director, Integration and Data Services",jean_francois_pilon@yahoo.ca,514.799.0800,,partners
Dupré ,Patrick,Les Cuisines Patrick Dupré Inc.,président,armoires_dupre@hotmail.com,514-887-6865,,
Evelyne,"Blain, CPA, CMA",Ordre des CPA du Québec,"Directrice, Développement des affaires, Director, Business Development",evelyneblain@hotmail.com,,,
André,Gagné,SWAT Factory Group,President | Strategic Advisor | Project Team Lead,andre@swatfactory.com,514-573-6787,,
Michelle,Cunningham,Mediative,"Senior Manager, Enterprise Client Development & Programmatic Media",meeshbailey@gmail.com,,,
Julie,Drapeau,Les Habitations Nabco Inc.,Coordonatrice Comptabillité & Administration,jdrapeau19@gmail.com,,,
Dorothee,"Rueff, Eng MBA",TC Media,"Director, Digital Product and Operations",dorothee.rueff@hec.ca,514 791 1371,,
Valerie,Danger,Fondation Montréal inc.,Directrice communications - Director Communications,valerie_danger@hotmail.com,,,
Eric,Thibodeau Raymond,Mediative,Analyste,eric_thibodeau_raymond@hotmail.com,,,
Charles,"Verdon, MBA",Microsoft,Solutions Specialist – Data Platform & Analytics,charlesverdon@gmail.com,514-623-6667,,
Mindy,Nguyen,Larochelle Groupe Conseil,Conseillère en acquisition de talents  ,mindy.nguyen@larochellegc.com,514 848-1881 x 250,,
Abdelhaq,Sari MBA ITIL,Service de Police de la Ville de Montréal -- Montréal City Police Department,Business Architect Management System Advisor.,sariabdelhaq@gmail.com,,,
Julie,Gamet,Banque Nationale,Conseillère Sr - Gestion portefeuille et performance -Intelligence d'affaires et gestion des données,juliegamet@yahoo.ca,,,
Joelle,Choquette,Association québécoise des technologies (AQT),Conseillère au développement des partenariats,joelle@aqt.ca,,,
Geoffrey,Bernard,La Presse,"Director, Analytics & Data Science",Geoffrey_bernard6@hotmail.com, +1 514-806-4060,,
Patrice,Collette,Stingray,BI Team Lead,collette.patrice@gmail.com,,,
Mathieu,Leblanc,SherWeb,"Director, Partner Network & Business Development",mleblanc@sherweb.com,,,
Charles,Lippe,Microsoft Canada,Cloud Channel Executive,CLIPPE@microsoft.com,,,
Frederic,Senez,Microsoft Canada,Senior Partner Sales Executive Cloud – East SMB Major Resellers Division,fsenez@microsoft.com,514-434-5838,,
David,L'Heureux,"Fro, Inc.",Co-Founder,davidlheureux33@yahoo.com,,,
Maryse,Turcot,Kativik Regional Government,Management Advisor,mturcot@krg.ca,,,
Ernesto,"Suguer, MBA",Luxury Retreats,"Director, Business Intelligence",esuguer@gmail.com,,,friends
Denis,"Archambault, CFA",Ergothérapie Enfance,Chef de la Direction Stratégique et Financière,denis.archambault@tatacommunications.com,,,
Mathieu,Laforge,Solotech Inc.,"Vice-president, information technology",mlaforge@solotech.com,,,partners
Stephane,Ricoul,Accélérateur du Numérique,President,sricoul@academiedunumerique.ca,514.297.7555,,
Roxane,Jones Langlois,GO ROCK IT,Partenaire d'affaires RH - attraction & acquisition de talents,roxanelanglois@live.ca,514-718-4193,,
Dany,Bossé,Procom,Recruitment Manager,danybosse@gmail.com,514-731-7224x206,,
Jean-Michel,Laroche,Citi,Sr Project Manager - Indpdt Consultant,jmlaroche@gmail.com,514-589-2727,,
Steeve,Brechmann,Brechmann Solutions Inc.,"CEO, CTO, Senior Data Scientist - Engineer - Architect",steevebrechmann@gmail.com,418-271-2919,,
André,Daviault,Cascades,"Directeur marketing, Cascades PRO, Amérique du Nord",andre.daviault@videotron.ca,514-250-8041,,
Robert,Gervais,Corporate Connections - International,President,rgervais@zerofail.com,,,
Gregory,Saget-Rudd,Cossette,E-Business Director,gregory.saget-rudd@polymtl.ca,,,
Nolwen,"Mahé, Eng., MBA",Alsago Inc.,"Consultant, Agile governance",nmahe@hotmail.com,,,
Michel,Poulin,Michel Poulin Gestion et Conseil Inc.,Partner,michelpoulin1@gmail.com,,,partners
Marc,Meunier,GENILAN,Director of Operations,marcm36@hotmail.com,,,
Guy,Adam,Arobas Personnel,Associé Principal,gadam@arobaspersonnel.com,514-890-1773 #224,,
Catherine,Descoteaux,Combustible,Directrice de compte / Account manager,cdescoteaux@gmail.com,(514) 433-6292,,
David,Rouleau,Groupe Maskatel LP (Birch Hill Portfolio Company),Strategy Director,drouleau14@schulich.yorku.ca,,,
Thomas,"Guité, CPA, CA",Canada,Management Consultant & Business Advisor,Thomas_guite@hotmail.com,,,
Francois,Houle,BDO Canada,IT Support Specialist,francois.d.houle@gmail.com,,,
Gabrielle,"Legault, CPA, CMA",PSP Investments,"Senior Analyst, Financial Planning and Analysis",gabrielle_legault@yahoo.com,,,
Kai,"Chen,  CFA, FCCA",PSP Investments,"Manager, Investment Finance",mxykai@hotmail.com,,,
Ludovic,"Peronet, MSc.",agileDSS,Associé/Partner,ludovicperonet@gmail.com,,,
Cécile,Luangphakdy,Morgan Stanley,Senior  SAP BI Developer,cecileluang@hotmail.com,514-573-5896,,friends
Mathieu,Moles,Larochelle Groupe Conseil,Director Data Analytics,matchamol@gmail.com,1 514 578 4476,,
Sébastien,Henry,Multiforce,Big Data & Analytics Consultant,henry.sebastien1982@gmail.com,514 662 6484,,
Sylvain,Martel,National Bank Financial Group,"Chef d'équipe, conseiller senior",sylvain.martel@videotron.ca,,,
Mohsine,"Berrada, B.Com, M.Sc.",National Bank of Canada,Senior Account Executive,mohsineberrada@gmail.com,,,
Mathieu,Bruckert,Aries Développement,Business Development,mathieubruckert@gmail.com, +33768429933,,friends
ALAIN,CARDINAL,Université de Sherbrooke,Chargé de cours  technologies de l'information,alain-cardinal@outlook.com,,,
Najib,Faraj,R3D Conseil,Développeur .Net Senior,najib@faraj.me, +1 514 775-2210,,
Michael,Harand,Deloitte,"Solution Manager, Analytics & Information Management",michael.harand@live.com,,,
Sophie,Gélinas M.Sc.,Cogeco Connexion,"Analyste, intelligence d'affaires (contrat)",sogelinas@hotmail.com,,,
Paren,Parsekhian,Mediative,Yield & Operational KPI Analyst,paren77@gmail.com,,,
Christian,Denis,HEC Montreal Career Management Services,Director of Graduate Career Services,christian.denis@hec.ca,,,friends
Yanic,Roy,PSP Investments,"Senior Director, Finance and Administration, Europe",yroy@investpsp.ca,,,friends
Serge,Lamoureux,Private Investors,AI Trading Software Developer,sl@nplan.ca,514 9445582,,
Jean-Simon,Barry,"Expedia, Inc.",Software Developer,jeansimon55@gmail.com,,,friends
Yann,Penarroya,CGI,System Administrator,yann.penarroya@gmail.com,,,colleagues
Jacky,"Chan, CPA, CGA",PSP Investments,"Advisor, Investment Finance",yang_gor@hotmail.com,,,
Pierre-Etienne,Paradis,MediAmeri4 communications multilingues,Rédacteur et traducteur pigiste,paradis@mediameriquat.com,514-830-2876,,friends
Henri-Jean,"Bonnis, ing., MScA",PSP Investments,"Executive advisor, Office of the Chief Investment Officer",hjbonnis@adsumconseil.ca,,,friends
Hélène,Sirois,Ivanohé Cambridge,Analyste d'affaires BI sénior (consultante),helene.sirois@me.com,,,
Andrew,Wyllie,Ville Marie Oncology Foundation (www.vmof.ca),Member Board Of Directors,andrew@nufrontier.ca,,,partners
Marc L.,"Pageau, B.B.A.",Pagewater Consulting Inc.,President,mlpageau@icloud.com,,,
Houman,Nazarnia,CN,Business Analyst,nazarnia_houman@hotmail.com,,,
Maria,Ponomareva,CLEARGOALS,Business Solutions Consultant,ponomaria@gmail.com, +1-514-236-7558,,friends
Larry,Fitzpatrick,Knowledge Providers Inc,Business Development Executive,larryfitzpatrick6@gmail.com,,,
Richard,"Bolduc, CIM, FCSI",Mandeville Private Client Inc.,Regional Compliance Officer/Directeur régional de la conformité,richardbolduc01@outlook.com,514-715-7983,,
Catalin,Popovici,Investments,Analyst Programmer,catalinpopovici@hotmail.com,,,
Luc,Durand,agileDSS,Directeur de Pratique BI,durand.luc@agiledss.com,(514) 788-1337 #16,,friends
Jal,Aeleti,,,jaeleti@gmail.com,,,
Debbie,Babanikos,Google,Digital Media Manager,d.babanikos@hotmail.com,,,
Jérémie,DELOBEL,Facilité Informatique,Architecte solutions - Intégration de données,jeremie.delobel@jemleweb.fr,5143485767,,friends
Francois,Giasson,Larochelle Groupe Conseil,Analyste BI,frankie.giasson@gmail.com,514-824-6087,,friends
Moe,Logeswaran,National Bank of Canada,"Lead, Web Analytics & Optimization",moharan20@gmail.com,,,colleagues
Nicole,Doucet,DISPONIBLE !,Responsable recrutement,doucetn82@gmail.com,514 886 7099,,friends
Jeff,d'Avignon,IBM Canada Ltd.,"Sr Sales Executive, Risk Analytics",jeffdavignon@gmail.com,,,friends
Mia (Mireille),"Bourassa Denton, CPA, MBA",Qlik,Territory Sales Manager,Mia.Denton@pacbell.net,,,friends
Siegfried,Hulot,INBOX Canada,Executive Director Inbox Canada,shulot@inbox-group.com, +1 514 241 6891,,friends
Marc-Eric,LaRocque,LaRocque Consulting Services,Management Consultant,larocque.marceric@gmail.com,514.952.0142,,friends
Daniel,"Hallé, CPA, CMA",Connexe technologie,Directeur associé | services-conseils,dhalle@connexe.ca,418-564-3064,,friends
Jean-Francois,Couturier,Université Laval - Département d'Informatique et de Génie Logiciel,Chargé de cours - Gestion de projet informatique,jeanfrancoiscouturier@yahoo.ca,418-476-5456 #104,,friends
Louis,Potvin,Croesus Finansoft,Senior Account Manager,louis.potvin@croesus.com,450-662-6101 x149,,friends
Pascal,Pepin,Power Corporation of Canada,Director Compensation and Benefits,pepin@powercorporation.com,,,
Frederic,Moreau,PÖL Digital,Founder & CEO,fred@poldigital.com, +1 514 503 3357,,partners
Jeroen,De Flander,London Business School // TiasNimbas // Vlerick // Solvay,Strategy & Strategy Execution Guest Lecturer,jeroen@jeroen-de-flander.com,,,friends
David,Pidsley,Acrotrend,Head of Product,davidpids@gmail.com,,,
Ryma,"Laoudi CPA, CMA",Desjardins,Conseillère en mesure de la performance financière,rymalaoudi@gmail.com,,,friends
Sophie,G.Gareau,Financière des professionnels,"Administrator, Investments and Settlements, Operations & Compliance",sophieg_g@hotmail.com,,,
Guillaume,Guitard,Pépinière Auclair et frères (1991) inc.,Directeur général,guillaumeguitard@hotmail.com,5146475136,,friends
Smita,"P., CRHA / CHRP","Blake, Cassels & Graydon LLP",Human Resources Coordinator,smita.patel@hec.ca,,,
Simon,Houle,National Bank of Canada,Senior BI / Data Visualization Analyst,simon.houle@outlook.com,,,friends
Stéfany,"Clouâtre, CRHA",Mediagrif Interactive Technologies Inc.,Conseillère au recrutement,stefany41@hotmail.com,,,friends
Marc,Tremblay,iPerceptions,CIO,mt@indovia.com, +1 514 812 0871,,
Nicholas,Emond,Logibec,Business Intelligence Programmer Analyst,nicholas.emond@hotmail.ca,,,
Luc,Marsolais,District M,SVP Operations,luc@optibusiness.ca,5146637217,,
Alexandre,Lefebvre,Rogers Consumer Publishing and Digital Media Group,Digital Ad Tech Specialist,holyfool26@gmail.com,,,
Sylvain,Pastor,Québecor,Digital Performance Expert,mail@sylvainpastor.com,,,friends
Jacob,LeMaire,Tableau Software,Enterprise Sales Area Manager - Strategic Accounts,jlemaire@tableau.com,,,partners
Wendy,Zhou,Zcloudata 宁波正云数据科技有限公司,Chief Executive Officer,wzhou226@gmail.com, +64226845592,,
Steven,Manson,XPETO,"Supervisor, Programmatic Systems",manson.sr@gmail.com,,,
Gil,Gruber,Direct Objective Consulting,Inbound Marketing/Sales Lead Generation for B2B Tech. Commercialization & International Development,gil@directobjective.ca,,,
Pierre Philippe,"Brûlé, M.Sc.",P2B Professional Services (privately own),Senior Business Consultant,pierre.philippe.brule@gmail.com,,,
Samantha,De Hamel,Keyrus,Senior Business Intelligence Analyst,sdehamel@yahoo.com,514-621-0455,,
Amrita,Matharu,SOLA Group Limited,Data Analytics Specialist,amrita.matharu@hotmail.co.uk,07894819509,,
Kyle,Grant,FPI Fireplace Products International,Senior Marketing Manager,kajgrant@shaw.ca,,,partners
François,Jasmin,Investissements PSP,"Analyste principal - Conception de Solution, Livraison de service ",francois.jasmin@polymtl.ca,,,friends
Eric,Gignac,Desjardins,Consultant,eric.gignac@gmail.com,514-865-2081,,partners
Guy,Vallieres,Groupe Dynamite,Director Finance - Operation,guyvallieres@gmail.com,,,
Bernard,"Lessard, MBA, CPA, CMA",Développement économique de l'agglomération de Longueuil (DEL),Directeur de portefeuille,bernardlessard2@gmail.com,,,
Alessandro,"Lastoria, CPA, CMA",CDI Furniture,Controller,alessandro.lastoria@gmail.com,,,friends
Eric,"Drainville, MBA, CPA, CMA",Développement économique de l'agglomération de Longueuil (DEL),Directeur des finances et investissements,eric.drainville@gmail.com,514-898-8697,,
Andrew,Dulgar,ALDO Group,"Financial Analyst, Financial Planning & Analysis",adulgar@hotmail.com,,,friends
Audrey,Poulin,KWANTYX,Senior Digital Marketing Analyst / PMO Director,poulinaudrey@gmail.com,,,
Janny,"Sisalith, CPA, CMA",Deloitte Canada,Senior Financial Analyst,janny.sisalith@gmail.com,,,friends
Alexandre,Schneider,The Access Group,Business Intelligence Managing Director,alexandre.schneider@theaccessgroup.com, +33 1 44 10 41 80,,
Laurence-Olivier,"M.-Trudel, CPA-CMA",Association Régionale de Soccer des Laurentides,Coordonateur à l'arbitrage,laurence_olivier_03@hotmail.com,450-473-8423,,friends
Laurent,"Denault, CPA, CMA",Philipsburg Duty Free,Finance Manager,laurent.denault@sympatico.ca,450.577.2885,,friends
Alexandra,"Raymond, CPA, CMA",BOMBARDIER,Financial Analyst - Deal Management,raymondalexandra@gmail.com,,,friends
Fabiola,"Raphael, CPA CMA",McKesson,Senior Financial Analyst,feebee98@hotmail.com,,,friends
Rupinder,"Rehaln, CPA, CMA",Agriculture and Agri-Food Canada,Finance Officer,rupinder_rehaln@hotmail.com,,,friends
Melanie,Gaudet,Runes Technologies,Directrice développement des affaires TI,mgaudet@runestech.com,,,friends
Yannick,Grant,G2 Consultation,Associé,yannick.grant@g2consultation.com,,,friends
Michael,Lavoie,Octave Maecenas,ASSOCIÉ / RECHERCHE DE CADRES ,mlavoie@octavemaecenas.com,514-647-5002,,friends
Virginie,Boivin,Vidéotron,Analyste principale - Intelligence d'affaires,boivin.virginie@gmail.com,,,
Francois,Houde,Desjardins,Conseiller - Intelligence d'affaires Mouvement,francois.fh.houde@gmail.com,,,
Jean-Baptiste,Parpant,Jean-Baptiste Parpant,Thérapeute en Relation d'Aide,jbparpant@gmail.com, +1 514 799 0468,,
Josée,"Blanchard, CPA, CMA",Ordre des CPA du Québec,"Vice-présidente, Systèmes d'information",joseecma@videotron.ca,,,
Eric,Cappannelli,Inbe,Directeur des Technologies de l'Information,ecappannelli@gmail.com,418 558 6959,,friends
David,Côté,Cirque du Soleil,Customer Experience Portfolio Director,gpitf@icloud.com,,,
Carole,Rioux,iA Financial Group (Industrial Alliance),Directrice adjointe / Coord. - Solutions d'affaires corporatives,carole.rioux@ia.ca,,,
Eric,Cohen,Keyrus,CEO & Owner,eric.cohen@keyrus.com,,,
Philippe,Motillon,Keyrus Canada,"Director ""Data Intelligence"" / Directeur ""Data Intelligence""",philippe.motillon@gmail.com, +1(514)2904828,,
Guillaume,Bedard,Deloitte Canada,Directeur Principal | Information Management & Analytics,gbedard.home@gmail.com,(514) 442-3659,,
Patrice,Boulanger,Avanade,"Group Manager, Business Development",boulanpb@videotron.ca,514 862-6661,,
Carsten,Hilker,SAP America,"Global Solution Owner - S/4 HANA, Central Finance",carsten_hilker@yahoo.com,,,
Alain,Veillette,EXIA,Vice-président - Livraison BI,alain.veillette@outlook.com,,,partners
Harsh,Jiandani,AppNexus,"Director, Account Management and Sales",harshpj@gmail.com,,,
Nadia,Kaskou,Tableau Software,Account Manager Enterprise,nadia_matrat@hotmail.com,,,
Stephanie,Crow,Tableau Software,Sales Area Manager - Enterprise - French Speaking,scrow@tableau.com,,,
Christophe,Kieken,moncfo.com,Financial Strategist,christophe@moncfo.com,5149752032,,friends
Julie,"Ricard, MBA",Comité consultatif des services aux élèves handicapés et en difficulté d'apprentissage/d'adaptation,Présidente,julie_ricard@hotmail.com,514-531-8193,,partners
Srikant,Sastry,Grant Thornton LLP,Principal,srikant.sastry@gt.com,,,friends
Miguel,Guimaraes,Cost and Profitability Consulting Lda.,Partner and Senior Consultant,miguel.guimaraes@costandprofitability.com,,,
Alex,Falconer,TEC Energy inc,Power Trader,afalconer02@gmail.com,,,
Guillaume,"Vigeant CPA, CA, CFA, CBV",DV Consultation,Associé,gvigeant@dvconsultation.com,,,partners
Gabriel,"Auger , M.Sc.",La Presse,"Analyste Principal , Projets Stratégiques",Gabriel.Auger@USherbrooke.ca,,,
Isabelle,Cormier,Consultante,Chef comptable,icormier@modelcom.com,,,friends
Eugène,Robitaille,Associates Consultants,Senior Consultant & Trainer,erobitaille@associesconsultants.com,514-207-7209,,friends
Jacques,Warren,KWANTYX,CEO,jacques.warren@kwantyx.com,1-514-516-3523,,
Michel,Rathé,VIZion Décision,Président,michelrathe@viziondecision.com,514-742-7107,,
Catherine,"Boivin, CPA, CMA",DECIMAL,Directrice,cath4_boivin@hotmail.com,,,
Jean-Philippe,Salvas,Banque Développement du Canada (BDC),"Directeur Principal, Groupe Technologies | Senior manager, Technologies Group",jpsalvas1@hotmail.com,,,friends
Eric,"Torkia, MASc",Technology Partnerz Ltd.,Executive Partner - Analytics Practice,etorkia@technologypartnerz.com,,,partners
Pierre,Delagrave,Cossette Santé,Président,pete.delagrave@gmail.com,,,partners
Pierre,Laplante,Sednove Inc.,Owner And Co-president,laplante@sednove.com,450-671-9307x221,,partners
Chantal,Bilodeau,sednove inc.,Présidente et fondateur,chantal@sednove.com,,,partners
Elvis,Kalnins,Ingenya Consultores,Regional Sales Manager,ekalnins@gmail.com,,,
Steven,Guzman,StrateG Digital,Fundador,sguzman@StrateG.digital, +(506) 2241-6262,,
Guylaine,Hébert,Commission scolaire des Patriotes,Technicienne en éducation spécialisée,ghebert3@videotron.ca,,,
Martin,Leclair,Atelier Moteur Pompe,Chef d'entreprise,martinleclair99@gmail.com,,,
Francois C.,Chartier,Victrix,Directeur général | Executive General Manager,fchartier@victrix.ca,,,partners
Charles,Alexander,Groupe BRIO Inc,Chief Operating Officer,chaza@sympatico.ca,,,partners
Maxime,Surprenant,Clinique Chloé médico-esthétique,Administrateur,maxime@cliniquechloe.com,514.362.6000,,partners
Jean-Pascal,Gauthier,Sûreté du Québec,Chef de la Division des Partenaires  en ressources humaines Est du Québec,DrJP@hotmail.com,,,
David,Desautels,INFO Télécom,Président,d.desautels@info-tele.com,514 498-3030,,
Eric,Tremblay,slik.media,Graphiste | Designer Web | Développeur front-end,deozyris@gmail.com,,,
Clément,Fontaine,Armoires Fabritec Ltée,Vice President Operations,clement.fontaine@videotron.ca,819-574-0070,,
Charles E.,Lavoie,Public appeareances,"Lecturer, Pannelist",charlesetienne.lavoie@gmail.com,514 465 4811,,partners
Art,Warren,"Lityx, LLC",Director of Sales,warren.art@gmail.com,,,partners
Shervin,Asgari,Alberta Health Services-Department of Population Health Research (Cancer Research),Statistical Associate,shervin.asgari.work@gmail.com,,,
Jean-Marc,"Gauthier, MBA, Adm.A",École des dirigeants HEC Montréal,Directeur opérations et communications,jean-marc.gauthier@viceversaconseil.com,514-560-7218,,
Benjamin,Marsac,FPM360,Senior Consultant - Financial Performance Management,benjamin.marsac@gmail.com,,,partners
Regis,Mathieu,UGROUPMEDIA,CFO & Partner,regis_mathieu@yahoo.com, +1 514 691-3003,,
Rick,Pernod,Pernod Analytics LLC,Owner,rick.pernod@gmail.com,917 557-7803,,partners
Martin,Lessard,International Visual Corp. (IVC),Vice President - Digital Solutions,martinlessard@outlook.com,,,
André,Bouchard,Crealink,Président,abouchard@crealink.ca,1-514-594-3739,,friends
Philippe,Taza,Higher Education Marketing,Web Analyst,ptaza@Higher-Education-Marketing.com,514-312-3968,,friends
Phil,"Gravel, CMA, PMP",Prophix Software,"Director, Client Services",pagravel@gmail.com,,,
Julien,Messu,agileDSS,Partenaire RH,jmessu@gmail.com,514-699-6995,,
Pierre,Savignac,Emergex RS&DE Subventions,CEO and Founder,psavignac@emergex.com,514-794-8883,,partners
Simon,Begin,Vidéotron,DevOps consultant,sbegin@begin.solutions,,,friends
Antoine,van Eetvelde,Freelance,Digital Project Manager (freelance),antoine@pastequedeau.com, +32485196947,,friends
Hugo,"Boutet, B.A.A.",Exploration de Nouvelles Opportunités,Leader & Entrepreneur - Commercial - Strategie - Technologie,hboutet@icloud.com,,,friends
Mehdi,Merai Ph.D.(c),Dataperformers,CEO and Cofounder,mehdi.merai@gmail.com,,,partners
Marta,Misko,Canada Mortgage and Housing Corporation (CMHC),Project Planning,marta.misko@hotmail.com,,,friends
Isabelle,"Cote, CPA, CA",TC Transcontinental,Corporate Controller,isabelle.cote.a@tc.tc,,,
Claude,Roy,Force5 Inc.,President,croy@force5.ca,514-978-0950,,
Hajer,Charfi Koubaa,Croisières AML,Déléguée commerciale - Développement des affaires,hajer.charfi@gmail.com,,,
Benoit,Lepine,DECIMAL,Vice-président Ventes / VP Sales,benoit.lepine@decimal.ca,,,
Don,Koenes,Koenes Consulting,Principal,dkoenes@gmail.com,,,
Cassandre,Jean-Baptiste,R3D,Conseillère en recrutement,cassandre.jean-baptiste@techsolcom.ca,(514) 392-9997,,
Sébastien,Clément,Diageo,Commercial Planner - Eastern Canada,seb9clement@hotmail.com,,,
Rafik,Berzi,Mingus Software inc.,President,rafik.berzi@hotello.com,,,
Narjes,Boufaden,Keatext,Founder and CEO,narjes.boufaden@gmail.com,,,
Luc,Archambault,OTF Systems,Programmeur,lucarc@hotmail.com,,,
Sean,Dalton,ET Construction,Director / Administrator,sean_dalton@hotmail.com,514-996-7326,,
Solange,"Garceau, CPA,CA",.,Travailleur autonome,solange.garceaucpaca@gmail.com,,,colleagues
Hugô,St-Onge,Lux éditeur SA,Responsable à l'administration et à la comptabilité,gohu@blocpot.qc.ca,,,friends
Jean Paul,Isson,Monster  Worldwide,Global Vice President Predictive Analytics & BI,issonjp@hotmail.com,,,friends
Luc,Landreville,Virtual Cube Solutions,Founder,luc.landreville@gmail.com,,,partners
Jean-Benoit,Richard,UBeans Technologies,"Vice-President, Strategic Consulting",jbr@hureca.com,,,partners
Claude,Cloutier,"VM6 Software, Inc.",Windows specialist in virtualization,Claude.Cloutier@gmail.com,450-658-3658,,
Melva,Hernandez,Decideo,"Rédactrice pour Decideo.com, Développement d'affaires et coordination des équipes",melvayaneth@hotmail.com,,,
Kevin,Pellegrino,California Apartment Association,Senior Vice President of Membership and Operations,kevin.pellegrino@hotmail.com,916-802-1714,,partners
Lisa,Torbin-Shaw,Adaptive Insights,"Senior Manager, Customer Success",ltorbin-shaw@comcast.net,,,partners
Todd,Meldrum ☁,Adaptive Insights,Regional Manager,todd.meldrum@gmail.com,,,
Jean-Francois,Danis,Desjardins,Conseiller - Mesure de la performance financière,danis.jfrancois@videotron.ca,,,
Michael,"Albo, MSc IT, MBA",Data Science Institute,CEO & Co-Founder,michael.albo@datascienceinstitute.org,514-588-4320,,friends
Caroline,Jacoub,Sanofi,Manager,cjacoub@hotmail.com,,,
Farhnaz,"Somani, CPA, CMA",Sanofi,Business Unit Controller,farhnaz@hotmail.com,,,
Martial,Rivard,Nexio,President,martial.rivard@nexio.com,,,classmates
Lisa,Hershman,The DeNovo Group,Founder and CEO,lhershman@groupdenovo.com,317-759-5370,,friends
» Fabien,Sellin,Commsoft Technologies,Directeur des ventes et marketing,fabien.sellin@commsoft.ca,514.937.4519,,
Sylvain,Amoros,Konversion,President & Partner,sylvain.amoros@gmail.com,5146911264,,
Sabrina,Duguay,NATIONAL Public Relations,"Directrice, Communication corporative",sduguay@national.ca,5148457026,,
Nancy,Chiasson,Consultante,Gestionnaire de projets marketing et événements,chiassonnancy@gmail.com,,,
Marilou,Ouimet,Yellow Pages / Pages Jaunes – Canada,SEO and SEM Campaign Manager,mouimet123@gmail.com,(514) 449-2571,,
Michael,Chadwick,Commsoft Technologies,Ventes ERP Fidelio,michael.chadwick@commsoft.ca,514-996-1680,,
Dominique,Faille,CETI inc,Senior consultant,dominique.faille@videotron.ca,,,partners
Pierre,Marcoux,Morency Société d'Avocats s.e.n.c.r.l.,Associé,pmarcoux@morencyavocats.com,,,partners
Daniel,Dubé,FMC Professionals Inc.,VP Audit and Consulting Services,daniel.dube@fmcprofessionals.com,,,partners
Thierry,Bazay,Google,"Head of Industry, Media Platforms",tbazay@hotmail.com,,,partners
Reynaldo,Mendoza,RM Strategy Inc.,Founder | Cloud Marketing | Lead Generation Specialist,reynaldomendozadans@gmail.com,,,
Micheal,Iles,220 Restaurant Group,Chef,chefmichealiles@gmail.com,,,friends
Olivier,"Laquinte, MGP, PMP",TALSOM,President,olivier.laquinte@talsom.com,,,
Michel,Blanchette,MBGE,Consultant,michelblanchette@hotmail.com,,,
Alex,"Lussier, CPA, CMA",DECIMAL,Directeur,alx.lussier@gmail.com,,,
Alastair,McKeating,Scarsin Corporation,Territory Account Executive,alastairmckeating@gmail.com,647.308.2252,,
Jean-Claude,Lefebvre,Bell Canada,Directeur développement des affaires,jean-claude.lefebvre@bell.ca,,,
Alexandre,"Hénault C., mba",Québecor Média,"Vice President, ventes numériques / Digital Sales",alexandre@henault.ca,,,partners
Frédérick,Lussier,Revenu Québec,Chef du Service dans la direction du soutien au développement,fredlussier@hotmail.com,514-234-9030,,
Martin,Berube,agileDSS inc.,Founder and President,berube.martin@agiledss.com,,,partners
Sylvain,Gagnier,Hearst Newspapers,Sr Ad Technology Engineer,sylvain.gagnier@gmail.com,,,
Eric,"Boillaud, PhD, CAPM, ITIL",Prünge,Senior Technology Advisor (SR&ED - IT),eboillaud@yahoo.com,,,group_members
Philippe,NIEUWBOURG,Decideo,"Analyst, Author and Lecturer",Philippe.nieuwbourg@decideo.com, +33 (0)1 8087 6251,,
Edmond,Chow,GET Technologies,Analyste d'affaires / Business Analyst,echow@videotron.ca,,,friends
Eric,Garceau,BlackBerry,Enterprise Account Manager,pegarceau@gmail.com,,,
Rémi,Bastien,ContentSquare,Head of Operational Effectiveness,remi.bastien@gmail.com,,,partners
Thibault,Etheart,DentsuBos,Account supervisor,thibault.et@gmail.com,514-692-9215,,partners
Joe,Younes,Crucial Interactive,VP Innovation & Audience Engagement,joe.bvm@gmail.com,,,partners
Francois,Haguel,Google,Media Agency Lead,francois@haguel.ca,,,partners
Yannick,Vial,La maison Simons,Vice-President Ecommerce and digital technology,yvial6@gmail.com,,,friends
Matthew,Smith,3C Software,President & CEO,matthewsmith@3csoftware.com,,,friends
Sophie,"Marchand, M.Sc., CPA, CGA, MVP",Le CFO masqué,Experte en modélisation financière et intelligence d'affaires,smarchand@lecfomasque.com,514-605-7112,,colleagues
Martin,"Le Comte M.Sc, CPA, CGA",Boralex Inc.,Senior Financial Analyst,mlecomte@outlook.com,,,colleagues
Genevieve,Allard,Stingray,Directrice de comptes,genevieveallard18@hotmail.com,,,
Geneviève,Lépine,RECYC-QUÉBEC,Conseillère en développement organisationnel,g.lepine@recyc-quebec.gouv.qc.ca,,,
Philippe Richard,Bertrand,Univers Interactif,Chief Growth Officer,prbertrand@ampliostrategies.com,1.866.983.6837,,
Anouchka,Boyer,TELUS,Analyste d'affaires / Product Owner (consultante),anouchkaboyer@gmail.com,514-804-7745,,
Sophie,"Simard, CPA, CMA",Protiviti,Associée directeur,sofia_sima@hotmail.com,514-885-0480,,
Sebastien,Plourde,CGI,BI Support & Project Lead at CGI (outsourcing),sebastien.plourde@outlook.com,,,
Judith,Duquette,Institut Cardiologie de Montréal,Agent de gestion du personnel,judith.duquette@yahoo.ca,,,colleagues
Stephane,Goyette,Ville de Montréal,Directeur du Bureau de la Ville intelligente et numérique/ Chief Digital Officer,stephanegoyette@gmail.com,514-781-0177,,
Steve,Orenbach,FireUp Networks,Business Development Manager,stevenorenbach@videotron.ca,,,
Alexandre,Langlois,agileDSS,"Associé, conseiller stratégique et vice-président des opérations",langlois.alexandre@agileDSS.com,514-567-4152,,partners
Louis-Michel,Mathurin,agileDSS,Principal Partner,mathurin.lm@agiledss.com,,,partners
Shiva,Verma,Grant Thornton,Partner,shiva.verma@us.gt.com,,,
David,Hannan,ArcelorMittal Montreal,Special Projects,david.hannan@videotron.ca,,,colleagues
Leonard,Lewkowict,ML Partners,Managing Partner,leonard@mlpartners.com,,,
Pierre-Antoine,Fradet,Atedra,President and Founder,pafradet@gmail.com,514-267-8075,,
Olivier,Frenette,C2 Montréal,Business Development Mexico,ofrenette@gmail.com,,,friends
Pascal,Cardinal,iPerceptions,Directeur Général / General Manager,pascalcardinalmtl@gmail.com,,,
Matt,Foster,Salesforce,"Account Executive, Healthcare",matthew.h.foster@gmail.com,,,friends
Jean-Francois,Côté,Himalaya Conseil,Consultant,jiefc@hotmail.com,514-602-2683,,
Francois,Gilbert,Anges Québec Capital,Président-directeur général,fgilbert@angesquebec.com,418-261-0011,,partners
Christopher,Gillam,Teralys Capital,Senior Associate,gillam.chris@gmail.com,,,colleagues
Lyubomir,Georgiev,Sigma Modeling Inc.,Consultant and owner of the company,lgeorgiev@sigmamodeling.com,,,colleagues
Michael,Fournier,McDonald's Canada,Consumer and Business Insight Consultant,michaelrfournier@yahoo.ca,514-757-9158,,
Charlene,Harper,Retired and enjoying Life.,Self-manager,charleneharper@sbcglobal.net,,,
Daniel,Cyr,Telesystem,Chief Financial Officer,dcyr@telesystem.ca,,,
Hubert,"Lavigne-Chouinard, CPA, CMA",DECIMAL,Directeur,hlavignechouinard@decimal.ca,,,
Jean-Philippe,Desormiers,Virtual Paper,Chief Executive Officer,jpdeso@videotron.ca,,,
Michel,Dubois,Xaracom,President/CEO,mdubois@xaracom.com,514 912-0020,,
André,Petitclerc,Investissement Québec,Directeur principal investissement,andre.petitclerc@invest-quebec.com,,,partners
Peter,Kwa,,,email@ottawapatentagency.com,,,
Pierre,Pellerin,Pierre Pellerin Consultant Performance - Santé - Liberté,Performance - Santé - Liberté,pierre.pellerinconsultant@gmail.com,,,
Stephane,Desrosiers,Bell,Architecte technologique senior / Senior Technology Architect,hppower@gmail.com,514-213-1603,,
Christian,Larouche,ACCEO Solutions,Mergers and Acquisitions,Chris@christianlarouche.com,,,colleagues
Martha,"Persaud, CPA,CMA",Les Technologies Seedbox Inc.,Financial Analyst,mnpersaud@gmail.com,,,
Ghizlane,"Chegdali, CPA, CMA",Exceleris,Manager - Recruiting and Business Development,ghizlane.chegdali@exceleris.com,,,
Sebastien,"Boivin CPA, CMA",DECIMAL,Directeur Principal / Senior Manager,sebastienboivin@hotmail.com,,,friends
Jonathan,Lafleur,DECIMAL,"Vice-président, Recherche et Développement",lafleurjonathan@gmail.com,,,
Helene,Chartier,Jostens Québec,Yearbook associate sales representative,helene.b2bspecialist@gmail.com,514-554-2469,,
Carole,"Doucet, MBA, PCC",Coaching d'affaires Carole Doucet,Présidente | Coach professionnel certifié,cdcoach@voirplusclair.com,514-237-5065,,
Ambrozié,"Fechet, OCP, MGP, PMP, PMI-ACP",Ville de Montréal,En mandat - Chargé de projets TI,afechet@yahoo.com,514-473-4597,,colleagues
Pascal,Germain,TMR Communications,Owner,PGermain@arkys.com,4505432235,,friends
Gary,Cokins,Analytics-Based Performance Management LLC,Founder and CEO,gcokins@garycokins.com,9197202718,,friends
Paul,Sharman,Focused Management Information Inc.,President and CEO,psharman@focusedmanagement.com,289 337 2297,,friends
Chris,Arsenault,iNovia Capital,Managing Partner,chris@inovia.vc,514-982-2251,,partners
Pierre,Guillaume,Beyond EPS Advisors (The Player Group),President/CEO and co-founder,guillp2004@yahoo.com,,,friends
Francois,Aubin,"Cognitive Group Inc, Human Factors and User experience",Principal and CEO,faubin@cognitivegroup.com,(514) 707-8856,,friends
Véronique,Lalonde,Raymond Chabot Grant Thornton,Première directrice pincipale - Gestion et coordination,lalonde.veronique@rcgt.com,,,
Mike,Mueller,"SemiTorr, Inc",Vice President of Sales,mmueller@semitorrinc.com,,,friends
Yacine,"Amrani, CPA, CMA",Seevibes,CFO,yacine@amrani.ca,514 995 9201,,friends
Carlos A.,Pulido,Arkonas,Director,cpulido@arkonas.com,703-975-9532,,friends
Christian,"Babbini, FCPA, FCMA",DECIMAL,VP Management Accounting,cbabbini@decimal.ca,,,"colleagues,friends"
Valérie,Chamberland,UQAM | Université du Québec à Montréal,Chargée de cours,chamberlandvalerie@hotmail.com,,,friends
Thomas,Akright,Wholesome Harvest Baking,Senior Consultant,tomakright@comcast.net,,,friends
Michel,"Milot, FCPA, FCMA",Retrait de la vie professionnelle,Retraité,michel-milot@sympatico.ca,,,"colleagues,friends"
Ken,Miller,SAS,"Senior Business Consultant, Global Business Advisory Services",Ken.miller@sas.com,(919) 531-7614,,friends
Bob,Thames,"Pathways to Transformation, LLC",Founder,bob@pathwaystotransformation.com,931-210-4690,,friends
Alan,Dunn,Manufacturing Executive Institute,Founder,agdunn@gdiconsult.com,951-736-1281,,friends
Dean,Meyer,N. Dean Meyer and Associates Inc.,President,dean@ndma.com,203-790-1100,,friends
Mario,Nolet,Complys Technologies,conseiller en informatique,marnom@gmail.com,,,colleagues
Todd,"Scaletta, FCPA, FCMA",Chartered Professional Accountants of Manitoba (CPA Manitoba),President and CEO,tscaletta@cpamb.ca,,,"colleagues,friends"
Kevin,"McKenzie, PMP",Strayer University,Adjunct Professor of Business,lookingforbrilliance@gmail.com,,,friends
John,Miller,Arkonas,President,jmiller@arkonas.com,,,friends
Tami,Capperauld,Boeing Commercial Airplanes,Business Operations Specialist,tcapperauld@comcast.net,,,friends
Anthony,Pember,Grant Thornton LLP,Senior Manager,ajpember@gmail.com,,,friends
Frederic,Godbout,Caisse de dépôt et placement du Québec (CDPQ),Deputy Head Global PE,fgodbout@lacaisse.com,,,"colleagues,friends"
Tony,Adkins,SAS Institute,Product Manager,Tony.Adkins@sas.com,,,friends
Hugues,Boisvert,HEC Montreal,Professor,hugues.boisvert@hec.ca,,,friends
Stéphane,"Gélinas, MBA, CPA, CMA",National Bank of Canada,Manager - Accounting Systems,stephgel@gmail.com,514 578-8535,,colleagues
Jean-David,Begin,Angel Investor,Angel Investor,jdbegin@gmail.com,514.589.7966,,colleagues
Maxime,"Dube, CPA, CMA",Groupe BMR inc.,Contrôleur,maximedube@msn.com,,,colleagues
Eric,Legault,Teralys Capital,Managing Partner,elegault@teralyscapital.com,,,colleagues
Robert,Sheridan,Fédération des Caisses Populaires Desjardins,Conseiller principal,rob.sheridan@gmail.com,514-993-4546,,colleagues
Alexander,Franco,Citifinancière Canada Inc.,Senior IT Infrastructure Project Manager - Core services,alexander_franco@hotmail.com,,,colleagues
Rodney,Rock,ServiceNow – The Enterprise Cloud Company,Senior Solution Consulting Manager,rodney.rock@servicenow.com,,,"colleagues,friends"
Nicolas,Salko,ModelCom,"Director, Business & Financial Modeling",nicolas.salko1@gmail.com,,,"colleagues,friends"
Carolyn,Nguyen,Jeunes Entreprises du Québec,Membre du conseil d'administration,carolyn.tam.nguyen@gmail.com,,,colleagues
Olivier,"Ringuet, B. Gest., Adm. A., Pl. Fin.",Groupe Conseil Ringuet et associés inc.,Président,oringuet@gcrcollectif.ca,(514) 583-2873,,"colleagues,friends"
Luca,Guevremont,ModelCom,Partner,lucag@videotron.ca,,,"colleagues,friends"
Luc,Richard,"Morency, Société d'avocats, s.e.n.c.r.l.",Partner,lrichard@morencyavocats.com,,,"colleagues,friends"
Claude,Vachet,Reseau Capital,Member of the Board of Directors,cvachet@cyclecapital.com,514-495-1022,,"colleagues,friends"
Benoit,Beaudry,Telesystem Ltd,"Manager, IT and Administration",bbeaudry@Outlook.com,514 992-2443,,colleagues
Jean,"D'Aquila, CPA, CA",Corporation des pilotes du Bas Saint-Laurent inc.,Directeur général,daquilaj@videotron.ca,418-692-0444,,friends
Andre,Ouellet,Terrestar Solutions Inc.,Vice President Finance,ao@triocapital.ca,,,"colleagues,friends"
Stéphane,"Mercier   CPA, CMA, M.Sc.",Consultant / Self-Employed,Consultant,stephane.mercier100@videotron.ca,,,"colleagues,classmates,friends"
Jean Pascal,Viola,QIAGEN,Senior Vice President Corporate Business Development,mailjpv@gmail.com,,,"colleagues,friends"
Daniel,Dionne,DECIMAL,Webmestre,ddionne@decimal.ca,,,colleagues
Alexandre,"Le Bouthillier, Ph.D.",Imagia Cybernetics,Founder,alexandre@lebouthillier.org,5146495304,,colleagues
Jim,Cappadocia,Cappcor Developments Inc.,Owner,cappadociakj@rogers.com,,,colleagues
David,Bernardi,Telesystem,Managing Partner and CTO,dbernardi@telesystem.ca,,,friends
Francois,Gaouette,Amilia Enterprise Inc.,"Founder, CEO",francois.gaouette@amilia.com,,,friends
Louis,Saint-Jacques,Archimède Solutions,President,louis.saintjacques@archimede.ca,,,"colleagues,friends"
Tom,Birch,Caisse de dépôt et placement du Québec,"Managing Partner, Quebec Funds",tbirch@cdpq.com,,,friends
Frederic,Ciorra,CGI,"Directeur, service conseil",frederic.ciorra@cgi.com,,,friends
Serge,Bouchard,Morency Société d'Avocats s.e.c.r.l.,avocat,sbouchard@morencyavocats.com,,,friends
Luc,Ménard,Desjardins Entreprises - Capital régional et coopératif,Chef de l'exploitation,luc.menard@dcrdesjardins.com,514-281-7134,,colleagues
Jacou,Sarrazin,nGUVU,Chief Technology Officer,jacou@jacou.com,,,colleagues
Christophe,Huni,Dell EMC,Technical Account Manager,chris.huni@gmail.com,,,colleagues
Gilles,Paré,Canada Revenue Agency - Agence du revenu du Canada,"Vérificateur principal, impôts sur le revenu",gilles_pare@videotron.ca,,,"classmates,friends"
Pollus,Brodeur,Desjardins,SQL Server Expert,pollusb@gmail.com,514-803-4824,,colleagues
Simon,Hamel,Riopel Consultant inc.,Senior Consultant,hamel.simon@videotron.ca,,,colleagues
Jimmy,Grondin,Tintri,Sr. Systems Engineer,JGrondin@Tintri.com,,,colleagues
David,Dufresne,500 Startups,Partner,dufresnd@gmail.com,,,friends
Vladimir,"De La Rocq, MBA",Hypotheca,"Courtier Hypothécaire |  Prêts pour achat, renouvellement, refinancement",vdelarocq@videotron.ca,514-572-4725,,colleagues
Steve,Player,The Player Group,Owner,steve@theplayergroup.com,,,friends
Pierre,Donaldson,nGUVU Technologies,Chairman & CEO,pierre@pierredonaldson.com,,,colleagues
Stephane,Henley,RCGT,Senior Manager Business Solutions,stephanehenley@gmail.com,,,"colleagues,friends"
Marc,"Vallée, CPA, CMA",DECIMAL,Manager,valleemarcandre@hotmail.com,,,colleagues
Eric,St-Pierre,ARMA Capital Inc.,Partner,eric@armacapital.ca,514-895-9027,,colleagues
Alphonse,"Galluccio FCPA. FCMA, ASC/ICD",AMG Consulting Group,President,amgalluccio@gmail.com,514 241 3278,,"colleagues,friends"
Miville,des Chenes,NSF International,"Business Development Manager, Food Group",miville.deschenes@mesuredurisque.com,,,colleagues
Eric,Desrosiers,RELATION1,Directeur général et VP Stratégie,eric.desrosiers@relation1.ca,,,"colleagues,friends"
Steve,Gaudet,QuébéComm,Directeur des ressources financières et informationnelles,s_gaudet@videotron.ca,,,colleagues
Sebastien,Labonne,Self-employed,Consultant | Financial Modeling in Excel | Strategic Advisory in Corporate Finance,labonnes@gmail.com,514-812-2586,,colleagues
Martin,"Girard, CFE",Bell Canada,Director Corporate Security & Integrity,martingirard@bell.net,,,friends
Yannick,Munn,ALTEN CANADA,Directeur général,yannickmunn@experco.ca,514 586-9208,,"colleagues,friends"
Ashok,Vadgama,(CAM-I) Consortium for Advanced Management - International,President,ashokvadgama2003@yahoo.com,512-296-6872,,friends
Jean-François,"Lasnier, FCPA, FCMA",Ordre des CPA du Québec,Premier vice-président,jf.lasnier@videotron.ca,,,colleagues
Mike,Haley,Landmark Decisions Inc.,President,mhaley@landmark.ca, +1.902.835.7861,,colleagues
Laurent,Naud,Banque Laurentienne,Assistant Vice President - Corporate Treasury,laurentnaud@hotmail.com,,,colleagues
Gino J.,"ROBERT, PMP",BOMBARDIER,Senior Project Manager,ginorobert@propmglobal.com,(514) 229-8809,,"colleagues,friends"
Isabelle,RIVOAL,DECIMAL,Directrice de communication et de marketing,isabellerivoal@gmail.com,,,"colleagues,friends"
Henri,Besnier,Oldcastle,Vice President Finance - Canada,henri.besnier@live.ca,,,"colleagues,friends"
Derek,McMahon,Oracle,Application Sales Executive - Customer Experience (CX) - Quebec Public Sector,derek_mcmahon@hotmail.com,,,colleagues
Eric,Simon,Fibrenoire,"Vice-President, Finance",eric.simon@videotron.ca,,,colleagues
Francis,Pallascio CPA-CA,EXEK division de KEROSENE,Managing Partner,fpallascio@kerosene.ca,514-842-0908 x340,,"colleagues,friends"
Vincent H.,"Surette, CFA",Laboratoire M2,CFO,vsurette@gmail.com,,,colleagues
Pierre Louis,Couillard,CGI,"Client Architect CGI Global Infrastructure Services, Solutions & Consulting",pl.couillard@gmail.com,,,colleagues
Julien,Thesin,CN,Operation Architect,julien@thesin.ca,5148031612,,"colleagues,friends"
Frederic,Lavoie,OnMobile Global Limited,"Senior Vice President, Corporate Development and M&A",flavoie76@gmail.com,3108095046,,"colleagues,friends"
Francis,Paquet,Le CFO masqué,Partner,fpaquet@lecfomasque.com,514-576-7039,,colleagues
Luc,Vincent,Virtual Paper,Director,lvincent@modelcom.com,,,"colleagues,friends"
Luc,"Galey-Jamier, MSc",Hydro-Québec,Chargé de projet / Coordonnateur déménagement du Datacenter,luc.galey-jamier@hotmail.com,5145068282,,colleagues
Michael,Conn,MediSolution,National Sales Director,michaelconn1@gmail.com,647 284 4190,,colleagues
Lisa,Toste,Intelligent Office Canada,Regional Sales Manager Toronto,torontofcp@intelligentoffice.com,,,colleagues
Sébastien,Morin,Dempton Consulting Group,Vice President Consulting Services,morin@videotron.ca,514-576-6622,,friends
Sebastien,"Arcand, PMP",CGI,Conseiller Principal,sebastien.arcand@hotmail.ca,5148148504,,"colleagues,partners,friends"
Paul,Philp,Amity,Co-Founder and CEO,paul@getamity.com,,,"colleagues,friends"
Alex,Poulin,WSP | Parsons Brinckerhoff,Manager IT Infrastructure Architecture and Planning,alex.poulin@barreoblique.com,,,"colleagues,partners,friends"
Eric,Courville,Avid Technology,Sr. Director of Americas Channel,eric.courville@gmail.com,416-464-6334,,colleagues
Andre,Lebel,Citrix Systems Canada,Senior Network Sales Specialist - Eastern Canada,andre.lebel@citrix.com,,,"colleagues,friends"
Edmond,Baroud,Opermax,Chief Executive Officer,ebaroud@yahoo.com, +15145325953,,"colleagues,friends"
Stéphane,Gaouette,DECIMAL,Président,sgaouette@decimal.ca,,,colleagues
Philippe,Carignan,CN,VMware Consultant,pcarignan@zeus-it.com,,,"colleagues,partners,friends"
Mélina,"Roy, CRHA",Travailleur autonome,Consultante en gestion des ressources humaines,roymelina@hotmail.com,514 991-9334,,"colleagues,friends"
Sophie,Lamontagne,Bell,"Director, Atlantic Canada & Infrastructure Services Operations, L &D, Employee Engagement",sophielamontagne@bell.net,,,friends
Eve,Chamberland,Groupe Maskatel LP,Directrice - Gestion de la mise en marché,eve.chamberland@videotron.ca,514.776.8742,,friends
Frederic,Paquin,GENILAN,Executive Vice-President & CTO,frederic.paquin@genilan.net,514-990-3733,,"colleagues,partners,friends"
Claude,Goudreault,wewant.today,FOUNDER & CEO,claude.goudreault@outlook.com,514.990.3636,,"colleagues,partners,friends"
Nicolas,Rainville,,,nrainville@pre2post.com,"(514) 848-9198 ext. 318,(514) 845-5311",,
Luc,Vincent,,,"lvincent@modelcom.com,lvincent@myvirtualpaper.com",,,
Rémi,Bastien,,,rbastien@odacia.ca,,,
Jean,Valois,Desjardins,,jean.valois@desjardins.com,"(514) 380-8052,(514) 380-8063",,
Ed,Parks,,,,"(610) 865-0300,(610) 868-6277,(610) 457-8948",,
James,D'Agostino,,,james.dagostino@sisca.ca,(450) 679-5050,,
Latchezar,Vassilev,Desjardins Securities,,Latchezar.vassilev@vmd.desjardins.com,"(514) 281-2244 , poste 2480,(514) 842-9879",,
'Martin,Thériault',,,mtheriault@odacia.ca,,,
Michel,Blanchette,,,michel.blanchette@salonbi.com,,,
k Viren,Vaishnavi,BladeLogic,,vaishnavi@bladelogic.com,(978) 273-5875,,
Eugene,Minchenko,,,eugene_minchenko@yahoo.ca,,,
Carsten,Hilker,SAP,,carsten.hilker@sap.com,,,
Pierre,Savignac,,,savip@emergex.com,(514) 765-3333,,
Chantal,Piche,,,cpiche@pothiermorency.com,,,
Habib,Malik,,,hmalik@access-it.ca,"(514) 288-6000,(514) 288-8604",,
Gene,Fay,,,bhathaway@vkernel.com,"(603) 413-5332,(334) 460-5332,(401) 662-1015",,
Clint,Tasset,,,ctasset@adswerve.com,,,
Phil,Palmieri,,,falocco@nwd-microage.com,"(450) 973-6678 ext. 341,(450) 973-9588",,
Guthrey,Stewart,EdgeStone Capital Partners,,gstewart@edgestone.com,,,
Alexandre,Bouthier,,,alex@omegatechnologies.com,"(514) 843-7007,(514) 843-7607",,
Micheal,Iles,,,micheal@sierranevada.com,"(530) 899-7658,+1 (819) 507-5421,+1 (530) 899-7658",,
Éric,Olivier,,,eolivier2004@yahoo.com," +1 (450) 629-8074,(450) 281-0818,(514) 961-1295",,
Stuart,Levinsky,,,robert.harley@virtualblocks.com,"(905) 542-9070 ext 501,(905) 542-7115,(416) 275-1132",,
Frederic,Lavoie,Telesystem Ltd.,,flavoie@Telesystem.ca,,,
Jean,Lesage,,,jlesage@acquisio.com,,,
Dominique,Faille,,,dominique.faille@videotron.ca,,,
,,,,xavier.poulin-gladu@salonbi.com,,,
Christopher,Gillam,,,cgillam@modelcom.com,,,
Ed,Fung,,,barry.smyth@startpartners.com,"(888) 924-9995 x200,(866) 972-9922",,
François,Reeves,,,freeves@reevescommunication.com,"(514) 495-8035 # 225,(514) 279-0349",,
Chip,Heath,Stanford University,,"chip.heath@stanford.edu,chip@heathbrothers.com",,,
Patrick,Dupré,,,armoires_dupre@hotmail.com,"(450) 932-7212,(450) 448-3942,(450) 928-0569",,
Arbitech,Whalen,,,Jimmy@arbitech.com,"(800) 272-4832,(949) 306-8950",,
Thomas,Hassett,Girl Scouts of the USA,,Thassett@girlscouts.org,,,
Greg,Rokos,ESI Technologies,,rsananes@esitechnologies.com,"3311 ext. 284,(514) 745-3312",,
Chuck,Tatham,,,ctatham@cirba.com,"(905) 731-0092,41 6.61 8.3061",,
Jur,Faber,,,jur@consolidate-it.eu," +31 (0) 36 540 5253,+31 (0) 36 540 5254,+31 (0) 6 5429 4612",,
Jean-Pierre,Brunelle,,,jpbrunelle@videotron.ca,,,
Sylvie,Leduc,Telesystem Ltd.,,sleduc@Telesystem.ca,,,
France,Jauron,,,fjauron@jasco.ca,"(450) 442-2879,(514) 984-0958",,
Andrew,Allen,,,andrewallen@allenflavors.com,,,
Koen,Bouwers,,,kbouwers@scense.com," +31 (0) 10 409 0999,+431. (0) 10 409 0990",,
'Myriam,Côté',,,myriam.cote@salonbi.com,,,
Bentley,Callum,,,bentley.mccallum@infra-corp.com,"(562) 733-7500,(562) 733-7501,(613) 762-4771",,
Joseph,Pannunzio,,,joseph.pannunzio@quebecorworldinc.com,"(514) 877-5184,(514) 295-2220",,
Thor,Culverhouse,,,thor@stratavia.com,(303) 991-4848,,
Heath,Brothers,,,"brothers@heathbrothers.com,news@heathbrothers.com",,,
Richard,Betanzos,,,rbetanzos@woozworld.com,,,
Frédéric,Lemire,Desjardins Securities,,eric.trepanier@vmd.desjardins.com,"(514) 281-2244 , poste 3980,(514) 842-9879",,
Serge,Hurtibise,CGI,,serge.hurtibise@cgi.com,,,
D.R.,Reid,Tech Data Canada Inc.,,storagesolutions@techdata.ca,"(905) 286-6800 ext. 22315,(905) 286-6733",,
Jimmy,Grondin,,,JimmyGrondin8@hotmail.com,,,
Robert,Landry,Robert Half,,robertlandry@roberthalf.com,"(514) 875-8585,(514) 875-8066",,
Mark,Wagasky,Racemi,,mwagasky@racemi.com,"(404) 892-5850,(770) 618-1948,(678) 523-4171",,
Luc,Archambault,,,lucarc@hotmail.com, +1 (514) 992-7542,,
Thomas,Kelly,,,thomas.kelly@meridiancu.ca,"(905) 988-4069,(905) 988-9155,(905) 329-2768",,
Lance,Roncalli,,,ed.parks@perfman.com,"(610) 865-0300,(610) 868-6277,(484) 437-6185",,
Eric,Gales,Microsoft,,jeff.ewin@microsoft.com,"(905) 363-8467,(416) 436-2690",,
Pierre,Lecocq,CGI,,"pierre.lecocq@cgi.com,pierre.lecocq@sympatico.ca",,,
Adrian,Dafinei,,,adrian@nerdsalliance.com,(514) 562-8259,,
Benjamin,Holzman,Bain Capital,,bnye@baincapital.com,"(617) 516-2744,(617) 516-2745",,
Thomas,Mills,eG Innovations Pte Ltd,,,"(443) 729-0829,(301) 793-9155",,
Valérie,Gillard,,,vgillard@smartadserver.com,,,
Gilbert,Chamberland,,,gilbert5164@videotron.ca,"(450) 468-1514,(514) 409-4245",,
Pierre,Donaldson,J.L. Albright Venture Partners,,,"(514) 664-4641,(514) 664-4638,(514) 898-4336",,
Vlad,Stesin,,,vlad.stesin@bloom-hq.com,,,
Dorothy,Farris,Wyse Technology,,kshipman@wyse.com,"(905) 831-2000,(905) 831-7005,(416) 809-3265",,
Benjamin,Nye,Bain Capital,,bholzman@baincapital.com,"(617) 516-2688,(617) 516-2110",,
Steven,Kramer,,,skramer@icongo.com,"(514) 866-2664 x203,(514) 866-8404",,
David,A,Magirus France,,david.marton@magirus.com," +41 (0) 41,+41 (0) 41,+41 (0) 76 3612037",,
Anne-Marie,Lemire,,,anne-marie.lemire@saaq.gouv.qc.ca,,,
Ed,Fung,,,ed.fung@startpartners.com,"(888) 924-9995 x 230,(416) 716-8238",,
Denis,Archambault,,,darchambault@5pmedia.com,,,
Denis,Archambault,,,denis.archambault@decimal.ca,1 524-990-9119,,
Mylène,Harvey,,,heidi.gaudet@gcosi.com,"(514) 847-1080 # 2813,(514) 831-1013",,
Lance,Roncalli,,,lance.roncalli@perfman.com,"(610) 865-0300,(610) 868-6277,(610) 457-8948",,
Alain,Quintal,Cap Gemini Ernst & Young,,alain.quintal@cgey.com,"(514) 879-2703,(514) 875-1772",,
Sabrina,Duguay,,,sduguay@kohorte.ca,,,
Christian,Guitton,,,Christian.guitton@scalent.com,,,
Olivier,Ringuet,,,olivier.ringuet@videotron.ca,(514) 868-2873,,
Daniel,B,,,danicott@videotron.ca,(514) 337-1882,,
Louise,Gallais,Desjardins Securities,,richard.seguin@vmd.desjardins.com,"(514) 281-2244 , poste 7086,(514) 842-9879",,
Alex,Baker,RBC Dominion Securities Inc.,,robert.antoniades@rbc.com,"(416) 542-1520,(416) 542-1288",,
Lucie,Forcier,Banque Laurentienne,,desross@banquelaurentienne.ca,"(514) 284-4558,(514) 284-6918",,
Philippe,Carignan,,,zeus@mad.scientist.com,"(514) 991-1221,(514) 364-4010,(514) 990-6969",,
Kim,Labelle,,,KLabelle@gesca.ca,,,
Ezequiel,Steiner,,,jmccormick@parallels.com,"(425) 282-5990,(610) 643-6988,(304) 881-4134",,
Sotthea,Sang,,,sottheasang@hotmail.com,,,
Danielle,Beauregard,Quebecor World,,danielle.beauregard@quebecorworld.com,"(514) 954-0101,(514) 943-6805",,
Thomas,Champeval,,,thomas@konversion.ca,,,
Claude,Cloutier,,,claude.cloutier@vm6software.com,,,
,,Rogers AT&T Wireless,,thibault.etheart@rci.rogers.com,,,
Michel,Ghanem,SNC Lavalin,,michel.ghanem@snclavalin.com,"(514) 334-6780 ext. 4802,(514) 334-6057,(514) 830-4048",,
Nicola,Sanna,Netuitive,,dheimlich@netuitive.com,"(703) 464-1586,(703) 464-1510,(301) 873-3939",,
Antoine,Paquin,Rho Ventures,,apaquin@rho.com,"(514) 844-5605,(514) 844-9004",,
Robert,Gervais,,,rgervais@pre2post.com,"(514) 848-9198 ext. 303,(514) 845-5311",,
Romain,Foucher,,,romain.foucher@vipinsiders.com,,,
,,Cirque du Soleil,,denis.archambault@cirquedusoleil.com,,,
Robert,Margrove,,,robert.margrove@virtualage.co.uk,,,
Daniel,Heimlich,Netuitive,,nsanna@netuitive.com,"(703) 464-1515,(703) 464-1510,(703) 599-0132",,
Patrice,Beaulieu,,,PBeaulieu@gesca.ca,,,
Charbel,Fraifer,,,lcharlebois@car-tel.net,"sans freis: (866) 646-3355,514.5 21.4455",,
Alain,Dubois,Bell Canada,,michel.leclerc@bell.ca,"(514) 344-9936,(450) 687-7488,(514) 247-8306",,
'Mathieu,Charron',,,mathieucharron@myvirtualpaper.com,,,
Hugo,Lachambre,,,ggosselin@Igs.com,"(418) 653-6574,(418) 653-9588",,
,,,,joe@okramedia.com,,,
Francois,Dumont,Atlas Telecom Mobile,,fdumont@atlastelecom.com,"(514) 397-9992 ext. 248,(514) 577-5001",,
Scott,Adams,,,scottadams@3csoftware.com,,,
Serge,Bouchard,,,cmorin@morencyavocats.com,"(514) 845-3533,(514) 845-9522",,
Thierry,Bazay,,,"tbazay@hotmail.com,thierry@theexchangelab.ca",,,
M.A.,Ciprietti,Insight,,rmastand@insight.com,"(514) 344-3500 x5048,(514) 344-6883",,
David,Farajun,,,david.farajun@asigra.com,"(416) 736-8111 ext. 100,(416) 736-7120",,
Trent,Dilkie,,,,"(905) 858-9072,(905) 858-0516",,
Stéphane,Henley,,,guy.lessard@desjgia.com,"(514) 350-8686 , poste 3092",,
Ajay,Agarwal,Bain Capital,,aagarwal@baincapital.com,"(617) 516-2608,(617) 516-2010",,
Valerie,Kane,,,vp-marketing@dmtf.org,"(408) 749-2368,(503) 296-2432,(408) 218-1013",,
,,,,david.roy@cia.ca,,,
John,Kadianos,Infostream Technologies Inc.,,serge.dansereau@infostream.ca,"sans frais: (800) 304-1160,(514) 989-3714,(514) 591-6763",,
Bharesh,Patel,,,bharesh.patel@virtualage.co.uk,,,
Charles,Lax,GrandBanks Capital,,clax@grandbankscapital.com,,,
Daniel,Sullivan,Marathon Technologies,,jmelnick@marathontechnologies.com,"(978) 489-1201,(978) 489-1101,(617) 510-5193",,
Martin,Trudel,Canoe,,Martin.Trudel@canoe.ca,,,
Sylvain,Amoros,,,sylvain@konversion.ca,,,
Ruby,Chan,,,rubchan@deloitte.ca,"(613) 236-2442,(613) 563-2244",,
Ioan,Donea,,,"ioan.donea@omegatechnologies.com,ioando@hotmail.com",,,
Mark,Berlingeri,,,mark.berlingeri@enigmatec.com,(646) 233-2992,,
Bill,Crowley,,,brian@brianmadden.com,(202) 787-3911,,
Charles,Langheight,,,langheit@hotmail.com,(514) 272-5110,,
John,Palmieri,,,jpalmieri@cril.com,"(203) 332-8600,(203) 384-0473",,
Steve,Cockwell,,,stuart.levinsky@virtualblocks.com,"(905) 542-9070 ext 500,(905) 542-7115,(416) 274-5741",,
André,Lebel,,,lebel.andre@yahoo.ca,(514) 990-0648,,
Guillaume,Bazinet,,,,,,
Ronin,Potter,,,ronin@roninpub.com,,,
Joe,Castro,,,tmassie@vizioncore.com,"(866) 260-2483 ext. 137,(847) 279-1868,(815) 790-8727",,
Franck,Garnier,,,fgarnier@smartadserver.com,,,
Michelle,Proulx,,,rawool26@hotmail.com,,,
Sylvain,Amoros,,,s@konversion.ca,,,
Melissa,Cohen,,,melissa@metiscomm.com,"(617) 236-0500 x 13,(617) 543-5708",,
Angelo,Fasulo,RIM,,afasulo@rim.net,"(519) 888-7465 x2668,(519) 571-9899",,
Alain,Morency,Desjardins,,croussett@fid.desjardins.com,"(514) 286-3100 (poste 2131),(514) 285-5458,(514) 213-3115",,
Carl,Paradis,Desjardins,,carl.paradis@desjardins.com,"(514) 281-7000 poste 6450,(514) 281-5916",,
Linda,Falardeau,,,Linda@madeus.ca,,,
Cindy,Gordon,Helix Commerce,,cindy@helixcommerce.com,"(647) 477-6254,(647) 477-6256,(416) 230-6538",,
Robert,Cherniak,,,robert.chemiak@agilit.ca,"(416) 614-0000 ext. 161,(905) 948-9190,(416) 788-8929",,
Zane,Adam,Microsoft,,"yngo@microsoft.com,zaneadam@microsoft.com","(425) 706-3594,(425) 708-6259",,
Nancy,Defoy,Telesystem Ltd.,,ndefoy@telesystem.ca,,,
Sven,Lindell,,,SLindell@rebelgroup.com.au,,,
Pierre,Marcoux,,,pmarcoux@morencyavocats.com,"(514) 845-3533,(418) 651-9900,(514) 695-6404,(514) 231-4034",,
Robert,Antoniades,RBC Dominion Securities Inc.,,jean-david.begin@rbc.com,"(416) 542-1011,(416) 542-1288",,
Mario,Tremblay,,,mtremblay@robotshop.com,(450) 420-1447,,
,,,,jfcote@myvirtualpaper.com,,,
Margaret,Shorten,CIBC World Markets Inc.,,michael.loftus@cibc.ca,"(416) 956-6980,(416) 618-9767",,
Angelo,Bolanis,,,angelo@goldtech.com,"(514) 339-9900 ext. 285,(514) 339-9911",,
Richard,Séguin,Desjardins,,carl.paradis@ccpedq.desjardins.com,"(514) 281-7000 poste : 6450,(514) 781-9695",,
Glenn,Lefrançois,MacDougall MacDougall & MacTier Inc.,,glenn@3macs.com,"(514) 394-3063,(514) 871-1481",,
Simon,Lamarche,,,slamarche@adviso.ca,,,
The Fedora,Store,,,fedoras@email.thefedorastore.com,,,
Anita,Singh,,,asingh@allured.com,,,
Anne-Marie,Vinet,,,annemarie@normandinlafleur.com,,,
Kevin,Patterson,J.L. Albright Venture Partners,,kevin@jlaventures.com,"(416) 367-2524,(416) 367-4604,(416) 457-5122",,
François,Renaud,,,francois.renauld@cma-quebec.org,,,
Sebastien,Arcand,,,"sebastien.arcand@vipinsiders.com,sebofmontreal@hotmail.com"," +1 (514) 509-6359,(514) 992-8502,(514) 990-7117",,
Roy,Gowler,Microsoft,,ndupuis@microsoft.com,(514) 846-5821,,
Edward,Wong,,,edward.wong@scalar.ca,"(416) 202-0023,(416) 364-2434,(416) 451-4586",,
Yves,Paquette,,,yves.paquette@novipro.com,"(514) 744-5353 poste 223,(514) 744-3908,(514) 984-9362",,
Normand,Rochon,Systematix,,,"(514) 393-2668,(514) 605-5549",,
Éric,Simon,,,ericsimon@yahoo.com,,,
Éric,Desbiens,,,guillaume.bazinet@fxinnovation.com,"(514) 525-5777 poste 312,(514) 525-2075",,
Sylvie,LaPerriere,Google,,slaperriere@google.com,,,
Therese,Nguyen,,,therese.nguyen@statcan.gc.ca,,,
Frank,Artale,"Citrix Systems, Inc.",,frank.artalp@citrix.com,"(425) 202-8060,(425) 202-8005,(425) 466-8297",,
Ore,Teich,,,ren.teich@replicatetech.com,"650.980. 5044 0,(650) 823-8100",,
Sophie,Marchand,,,,,,
Irwin,Edelstein,,,todd@spencomp.com,"(514) 737-3321 ext. 211,(514) 737-3267",,
Mark,Lohmeyer,Symantec,,randy_cook@symantec.com,"(801) 805-2787,(801) 318-8595",,
Kevin,Laracey,Sigma Partners,,klaracey@sigmapartners.com,,,
Trent,Dilkie,,,TDilkie@GibraltarSolutions.com,"(905) 858-9072,(905) 858-0516",,
Elise,Lacoste,,,elise_lacoste@hotmail.com,,,
Michael,McDonald,,,,"(416) 601-6150,(416) 874-4300,(416) 409-3720",,
J Bentley,Radcliff,CompeteNet,,bentley.radcliff@competenet.com,"(678) 461-4820,(678) 461-4825",,
Anthony,Gélinas,,,anthony@imarcom.ca,,,
Alain,Réhaume,,,alain.rheaume@videotron.ca,,,
Josko,Bobanovic,,,elagace@inoviacapital.com,"5 14 982-2251 x311,(514) 982-2264",,
François,Perreault,Desjardins,,stephane.sh.henley@desjardins.com,"(514) 380-8037,(514) 380-8063",,
Louis,Fréchette,,,lflouisfrechette@gmail.com,,,
Todd,Hsu,,,todd@thconsulting.com,"(514) 864-5999,(514) 864-5070",,
WinRay,Marketplace,,,8nth0283241m7l9@marketplace.amazon.ca,,,
Michel,Dubois,SNC Lavalin,,sandra.scardocchio@snclavalin.com,"(514) 334-6780 ext. 4860,(514) 334-2318",,
Serge,Allard,Dell,,claude_turcotte@dell.com,"(416) 758-2133,(416) 758-2305,(416) 702-2280",,
Bob,Maynard,,,jliu@univaud.com,(630) 563-8650,,
Jean-Claude,Lefebrve,Bell Canada,,jean-claude.lefebvre@bell.ca,,,
Don,Becker,,,dbecker@rs.com,"(617) 614-4566,(512) 577-4110",,
Richard,Bolduc,,,richard.bolduc@manulifesecurities.ca,"(514) 289-0652,(514) 846-3877",,
Jack,Kaiser,"GreenPages, Inc.",,jkaiser@greenpages.com,"(207) 439-7334,(978) 460-0912",,
Elise,Lacoste,,,partenaires@salonbi.com,,,
Steve,Houck,VMware,,thamilton@vmware.com,"(650) 475-5001,(925) 899-8856",,
Eric,Courville,,,ecourville@embotics.com,"(613) 599-0494 x227,(613) 599-0953,(416) 464-6334",,
René,Mathews,Insight,,agurhan@insight.com,"800.467. 4448 1 ext 2021,514.344. 6938 1,613.796. 8826 1",,
Julien,Demerse,,,demfotos@yahoo.com,(514) 342-7624,,
Yacine,Amrani,,,yamrani@xaracom.com,1 (514) 995-9201,,
Richard,Ashe,,,rashe@matrix42.com,"(713) 849-9642,(713) 937-7622,(832) 816-7424",,
Mike,Maadarani,,,mike.maadarani@orangutech.com,"(613) 288-2840 ext. 202,(613) 288-2844,(613) 263-2442",,
Irene,Orszak,,,irene.orszak@rhinoferoce.com,(450) 676-3311 x 225,,
Vincent,Cote,,,rsassetrffie@jvminfo.com,"(514) 951-2981,(450) 444-6818",,
Yvan,Boisvert,Desjardins,,yvan.boisvert@desjardins.com,"(514) 281-7000 , poste 3858,(514) 281-5916",,
Maria,Coletta,,,mcoletta@acquisio.com,,,
Carl,Paradis,Desjardins,,francois.perreault@ymd.desjardins.com,"(514) 281-2244 , poste 2974,(514) 842-9879",,
Mike,Harper,,,mike.harper@fortisphere.com,"(301) 339-7710,(703) 772-4613",,
Jean-Marc,Leboeuf,,,sroy@groupecreatech.com,"(514) 937-1188,(514) 937-0550",,
Marc,Duval,,,marc.duval@invest.quebec.com,"(450) 444-1054,(450) 293-6704",,
Xavier,Poulin-Gladu,,,xavpg@hotmail.com,,,
John,Coe,,,john.coe@b2bmarketing.com,,,
Claude,Boutin,,,harrisd@tva.ca,"(514) 598-6004,(514) 598-6335",,
Jeffrey,Grammer,Rho Ventures,,jgrammer@rho.com,"(514) 844-5605,(514) 844-9004",,
Frédéric,Arsenault,,,frederic.arsenault@novipro.com,"(514) 744-5353 # 230,(514) 744-3908,(514) 236-3339",,
Sylvie,Paré,,,sylvie.pare@dcrdesjardins.com,"(514) 281-7159,(514) 281-7808",,
Steven,Pollack,,,stephenpollack@sympatico.ca,,,
Guillaume,Bazinet,,,yannick.heeck@fxinnovation.com,"(514) 525-5777 poste 358,(514) 525-2075",,
Marc,Reeves,,,mreeves@reevesinteractive.com,"(514) 495-8035 # 222,(514) 279-0349,(514) 573-2255",,
Jean-Claude,Lefebvre,Bell Canada,,jean-steve.shaker@bell.ca,"(514) 828-0994,(514) 828-4429,(514) 235-8203",,
Alain,Bibeau,CGI,,bob.chaisson@cgi.com,(905) 695-6445,,
,,,,stephane.gaouete@decimal.ca,,,
Christopher,Iles,,,christopher.iles@crc.doc.ca,"(613) 998-2734,(819) 685-3867,(819) 324-0846,+1 (613) 947-6961",,
Christian,Bernier,,,CBernier@vtele.ca,,,
Caroline,Saey,Rogers AT&T Wireless,,Caroline.Saey@rci.rogers.com,,,
Sonia,Boilard,,,sonia.boilard@cia.ca,,,
Guy,Lessard,Desjardins,,frederic.lemire@desjardins.com,"(514) 281-7000 poste 4365,(514) 281-7324",,
Daniel,Meindl,Fujitsu Siemens Computers GmbH,,oussama.kawas@fujitsu-siemens.com," +971 (4) 366 04 91,+971 (4) 366 09 99,+971 (50) 552 8711",,
Luca,Guévremont,,,"lucag@videotron.ca,lguevremont@modelcom.com","(514) 502-2093,(514) 289-9393",,
Paul,Sidwell,Red Hat,,psidwell@redhat.com,"(416) 482-2661 x249,(416) 482-6299,(416) 564-5173",,
Ken,Kruszeski,TechTarget,,bcrowley@techtarget.com,"(781) 657-1413,(781) 657-1100",,
Myriam,Côté,,,mcote@apstat.com,,,
Eric,Lacourciere,,,elacourciere@acquisio.com,,,
Johanne,Labelle,Canoe,,johanne.labelle@canoe.ca,,,
Stephan,Thibault,,,sthibault@trimada.ca,"(450) 508-1723,(450) 508-1817,(514) 292-8416",,
Stéphane,Mercier,,,stephane.mercier@arthurandersen.com,"(514) 871-8559,(450) 641-4176",,
Jean-Louis,Ostrowski,,,jlostrowski@sonotechnique.ca,"(514) 332-6868 poste 231,(514) 332-5537",,
Vinay,Pa,Cassatt Corporation,,vinay@cassatt.com,"(408) 437-7689,(408) 437-7664,(650) 248-3496",,
Dale,Geldart,,,dale.geldart@exludus.com,"(514) 227-8411,(514) 543-5439,(514) 409-6143",,
Eve,Chamberland,,,"eve.chamberland@vidotron.ca,eve.goexpert@gmail.com,shopgirl2004@videotron.ca","(514) 380-7033,(450) 461-9557,(514) 776-8742",,
Frédéric,Godbout,CDP Capital,,fgodbout@cdpcapital.com,"(514) 847-2132,(450) 678-8382",,
David,Ker,,,Davai.Ker@RealWat.com,mobhe: (855) 016-248 448,,
Frederick,Lussier,,,flussier@myvirtualpaper.com,,,
Tom,Hilderbrandt,,,fotonic@game.master.com,(819) 326-7265,,
Olivier,Laquinte,,,olivier.laquinte@dexterit.ca,,,
Luc,Charlebois,,,clraifer@car-tel.net,"sans frais: (866) 646-3355,514.5 21.4455",,
Luc,Lupien,,,luc.Iupien@groupelukas.com,"(514) 849-7072 ext. 222,(514) 849-5393",,
Alain,David,,,jean.lagace@yoplait.ca,"(450) 651-3737 , poste 3225,(450) 651-0641",,
Serge,Hurtubise,CGI,,stephane.guay@cgi.ca,"(514) 841-3250 , poste 6888,(514) 841-3222",,
Jérôme,Gariépie,,,jgariepy@pothierdelisle.com,,,
Robert,Tooth,,,VKryukov@GibraltarSolutions.com,"(905) 858-9072,(905) 858-0516",,
Steven,Abrams,Business Development Bank of Canada,,deshmookh.maherchand@bdc.ca,"(514) 283-1656,(514) 496-8058",,
Jean-Steve,Shaker,Bell Canada,,rejean.mailloux@bell.ca,"(418) 523-0629,(418) 523-0065,(418) 570-5042",,
Marc-Éric,Larocque,,,marc-eric.larocque@procimaexperts.com,,,
Broderie,,,,brod.mont@videotron.ca,,,
Richard,Fade,Ignition Partners,,richardf@ignitionpartners.com,,,
Alan,Macintosh,,,alan.macintosh@sympatico.ca,,,
Salvatore,Micco,,,louise.legallais@avdl.com,"(418) 838-7800 ext. 7634,(418) 833-7044",,
,,,,isabelle.grannary@decimal.ca,,,
Karl,Tagney,,,snowleopard@armourtech.com,"(604) 486-0118,(250) 703-1037",,
Dan,Heath,,,dan@heathbrothers.com,,,
Kelly,Huffman,"Choate, Hall & Stewart",,khuffman@choate.com,"(617) 248-4080,(617) 248-4000",,
Shekar,Ayyar,VMware,,vshvarts@vmware.com,(514) 245-3281,,
LEW,Kious,GlassHouse Technologies,,kevin.doyle@glasshouse.com,"(925) 425-3614,(925) 225-9144",,
Richard,Sasseville,,,vcote@jvminfo.com,"(514) 951-2981,(450) 444-6818",,
Jean,Boisvert,,,jboisvert@bsf.ca,"50 , de lauzon, boucherville, qc canada j48 186 té",,
Diane,Bellavance,,,,"(514) 845-3533,(514) 845-9522",,
Greg,Myers,Tech Data Canada Inc.,,mgagne@techdata.ca,"(514) 420-4414,(514) 420-4405,(514) 217-5202",,
Marcel,Painchaud,,,mpainchaud@avdl.com,"(418) 838-7800 , poste 7324,(418) 833-3105",,
Derek,Sandison,,,derek.sandison@rogers.com,,,
,,,,stephane.gaouette@decimal.ca,,,
Diane,Bellavance,,,dbellavance@morencyavocats.com,"(514) 845-3533,(514) 845-9522",,
Marilou,Ouimet,,,mouimet@myvirtualpaper.com,,,
Barry,Scharf,,,bscharf@vmedsys.com,"services à la clientèle tél. (514) 274-1115,(514) 274-8364",,
Ara,Salbashian,,,atd@acquisio.com,,,
Jean-François,Cuillerier,,,cuillerier.jean-francois@quebecor.com,(514) 877-5157,,
Joseph,Fitzgerald,,,jfitzgerald@manageiq.com,"(201) 962-3388 ext. 102,(201) 962-3236",,
François,Dubé,Bell Canada,,francois.dube@bell.ca,"(450) 687-6788 x232,(450) 687-7488,(514) 603-2321",,
Normand,Rochon,Systematix,,nrochon@systematix.com,"(514) 393-2668,(514) 605-5549",,
Michel,Normandin,,,commerce61@videotron.ca,,,
Michael,McDonald,,,mmcdonald@deloitte.ca,"(416) 601-6150,(416) 409-3720,(416) 874-4300",,
Majorie,Bardier,,,Majorie.Bardier@qmisales.ca,,,
loan,Donea,,,ioando@infrascope.com,(514) 262-1885,,
Pierre,Vanier,,,peter@polyinter.com,"(819) 322-2469,(514) 219-6309",,
Guy,Langlois,Positron Industries,,sgenereux@positron.qc.ca,"(514) 345-2200,(514) 345-2290,(514) 867-2476",,
Benoît,Landry,,,landry.benoit@hotmail.com,,,
Edward,Ortenberg,,,irwin@spencomp.com,"(514) 737-3321 ext. 219,(514) 737-3267",,
James,Northington,IBM,,token@us.ibm.com,"p1313 203 5286,(517) 902-7619",,
Johanna,Mohessou,,,jmohessou@smartadserver.com,,,
Barry,Smyth,,,peter.scheffler@startpartners.com,"(888) 924-9995,(866) 972-9922",,
Justin,Lessard,,,lessardjustin@gmail.com,,,
Eric,Tremblay,,,etremblay@myvirtualpaper.com,,,
Henri,Besnier,,,Henri.Besnier@decimal.ca,,,
Pierre,Donaldson,J.L. Albright Venture Partners,,pierre@jlaventures.com,"(514) 664-4641,(514) 664-4638,(514) 898-4336",,
Richard,Pridham,,,rpridham@agili-t.com,"(514) - 0207,(514) 337,(514) - 4535 248",,
François,Gaouette,,,fgaouette@propulsionventures.com,"(514) 397-8474,(514) 397-8451",,
Tom,Joyce,,,tjoyce@akorri.com,"(978) 431-1269,(978) 428-0091,(508) 353-0846",,
Gisèle,Denis,Desjardins,,gisele.denis@desjardins.com,"(514) 281-7000 poste 8420,(514) 288-9311",,
Sophie,Marchand,,,"marchandsophie@hotmail.com,smarchand@modelcom.com",,,
Reynald,Croussett,,,alain.morency@fiddesjardins.com,"(514) 286-3100 (poste 2554),(514) 285-5458",,
André,Bélisle,,,andre.belisle@sympatico.ca,,,
,,,,sbean@odacia.ca,,,
Benoît,Ménard,,,bmenard@laurentides.net,"(450) 432-8857,(450) 432-6482",,
Guillaume,Bédard,,,gbedard@astral.com,,,
Dany,Harrison,,,doreyr@iva.ca,"(514) 526-9251 , poste 2158,(514) 598-6091",,
Elise,Lacoste,,,elise.lacoste@salonbi.com,,,
Frank,LAI,,,mourad@goldtech.com,"(514) 339-9900 ext. 308,(514) 339-9911,(514) 863-4gtc",,
Stephen,Hurwitz,"Choate, Hall & Stewart",,hurwitz@choate.com,617-248-5088 1 6 67-502-5088,,
Claude,Goudreault,,,"claude.goudreault@vipfirst.com,claude.goudreault@vipinsiders.com"," +1 (514) 836-6372,(450) 470-1457,+1 (514) 990-3636",,
Vlad,Stesin,,,vlad.stesin@adgear.com,,,
Thomas,Mills,eG Innovations Pte Ltd,,tomills@eginnovations.com,"(443) 729-0829,(301) 793-9155",,
Francois,Fontaine,,,ffontaine@solutions-rts.com,"(450) 467-4960,(514) 605-5262",,
Robert,Harley,,,steve.cockwell@virtualblocks.com,"(905) 542-9400 ext 256,(905) 542-9410,(416) 300-9242",,
Jacqueline,Turcot,,,jacduc@sympatico.ca,"(450) 264-5650,(514) 335-2888,(514) 877-5511 + maison",,
,,Google,,marques@google.com,,,
Michael,McDonald,,,,"(416) 601-6150,(416) 409-3720",,
Gabrielle,Bar & Boeuf,,,gabrielle@baretboeuf.com,,,
,,,,sgoyette@astral.com,,,
Valérie,Danger,,,valerie@aqt.ca,,,
Benoit,Girard,,,benoit.girard@vcsol.com,,,
Pierre,Donaldson,J.L. Albright Venture Partners,,,,,
Diane,Bellavance,,,,,,
Eric,Bergeron,Cirque du Soleil,,Eric.Bergeron2@cirquedusoleil.com,,,
Alain,Desautels,,,alain.desautels@info-tele.com,,,
David,Desautels,,,d.desautels@info-tele.com,,,
Tony,Bomis,,,Tony.Bomis@susquehanna.net,,,
Régis,Mathieu,,,regis.mathieu@ugroupmedia.com,,,
Linda,Falardeau,,,,,,
Denis,Archambault,,,,1 524-990-9119,,
Daniel,Dionne,,,, +1 (418) 704-1222,,
Thomas,Peck,,,," +1 (819) 341-2324,(450) 613-0856",,
,,,,administration@myvirtualpaper.com,,,
Martin,Berube,,,,(514) 895-0228,,
Eve,Chamberland,,,eve.c@vl.videotron.ca,,,
Hajer,Charfi,,,hajer@aqt.ca,,,
William,Cloutier,,,cloutier303@gmail.com,,,
,,,,denis.a@123goexpert.com,,,
,,,,egarceau@yahoo.com,,,
Eve,,,,eve.chamberland@videotron.ca,,,
,,,,eve.c@123goexpert.com,,,
,,,,fabien.sellin@commsoft.ca,,,
Pierre-Antoine,Fradet,,,pafradet@atedra.com,,,
,,Cirque du Soleil,,France.Perreault@cirquedusoleil.com,,,
,,,,gallard@myvirtualpaper.com,,,
Claude,Goudreault,"Outlook 4Mobility, Inc.",,"claude.goudreault@outlook.com,Claude.Goudreault@epichappening.com",,,
Francois,Haguel,,,FHaguel@gesca.ca,,,
Support,Informatique,,,support@bgrinformatique.com,,,
,,,,julie@idemstudio.com,,,
,,,,karol.brassard@videotron.ca,,,
Luc,Landreville,,,luc.landreville@vcsol.com,,,
'Martin,Leclair',,,martinleclair99@gmail.com,,,
,,,,lfalardeau@modelcom.com,,,
Faye,Ly,,,faye.ly@cossette.com,,,
,,,,mathurin.lm@agiledss.com,,,
,,,,michael.chadwick@commsoft.ca,,,
Philippe,Nieuwbourg,,,philippe@nieuwbourg.com,,,
'Steve,Orenbach',,,sorenbach@myvirtualpaper.com,,,
,,,,sales@mi9.com.au,,,
,,,,yvial@simons.ca,,,
Charles,Alexander,,,c.alexander@groupedomax.com,,,
Pascal,Cardinal,Yellow Pages Group Co.,,"pascalcardinalmtl@gmail.com,Pascal.Cardinal@ypg.com", +15147516020,,
Antoine,Clermont,,,antoine.clermont@xlcap.com,,,
Stephanie,Crow,,,scrow@tableausoftware.com,,,
Jean-Philippe,Desormiers,,,jpdesormiers@myvirtualpaper.com,(514) 945-4354,,
Clément,Fontaine,,,clement.fontaine@bri-o.com,,,
Olivier,Frenette,,,ofrenette@myvirtualpaper.com, +15142453545,,
Luybomir,Georgiev,,,lgeorgiev@sigmamodeling.com,,,
Lyubomir,Georgiev,,,lgeorgiev@modelcom.com,"514-436-6716,514-289-9393 ext 313",,
Tim,Grassin,,,tim@stinsondesign.com,,,
Christophe,Kieken,,,,,,
Modelcom,,,,,(514) 289-9393,,
Patrick,Sirois,,,psirois@humanequation.co,,,
,,Cirque du Soleil,,Solange.Garceau@cirquedusoleil.com,,,
Maxime,Surprenant,,,maxime.surprenant@bri-o.com,,,
Philippe,Taza,,,,,,
Denis LP,Archambault,,,,(514) 998-7359,,
Chris,Arsenault,,,carsenault@inoviacapital.com,"(514) 982-2251 x323,(514) 982-2264",,
Diane,Associée,,,,"(514) 845-3533,(514) 845-9522",,
L.,Barnett,,,,ain: (781) 290-0770,,
D.,Barrett,,,,"(781) 290-0770,(781) 290-0880",,
Gilles,Beaudoin,,,,pièces & service télécopieur: (514) 344-6737,,
Benoît,Beaudry,,,,(514) 992-2443,,
Bruno,Beaupré,,,,"(514) 281-7000 poste : 5698,(514) 281-2871",,
Jean-David,Begin,,,,"(416) 542-1010,(416) 542-1288",,
Thomas,Birch,,,tbirch@propulsionventures.com,,,
Claude,Brossard,,,,"(514) 393-4772,(450) 426-0076,(514) 982-9138",,
Michel,Côté,,,,"(514) 415-3291,(514) 415-3971,(514) 893-2698",,
Éric,Courville,,,ecourville@cogeco.ca,,,
Denis,Crevier,,,,(514) 573-2787,,
Jaymes,Davis,,,,(925) 459-2306,,
Pierre,Donaldson,J.L. Albright Venture Partners,,,"(514) 664-4641,(514) 664-4638,(514) 898-4336",,
Richard,Dorey,,,,"(514) 526-9251 poste 2150,(514) 596-6091",,
Carole,Doucet,,,,(514) 397-8472,,
Tony,Duarte,,,,"(617) 532-1665,(617) 532-1605,(617) 645-8129",,
David,Dufresne,,,, +1 (514) 664-4642,,
John,Fekete,,,,"(905) 660-8100 x 2234,(905) 669-0785",,
James,Fink,,,,(514) 937-2121 x 6183,,
Mike,Fodor,,,,(650) 454-8954,,
Alexander,Franco,,,,(514) 989-7883,,
RJ,Grandpre,,,,(508) 393-3510,,
David,Hannan,,,david.hannan@videotron.ca,(514) 995-4540,,
Jaeho,Kim,,,,"(989) 785-9118,(905) 326-4290,(416) 302-9585",,
Ophir,Kra-Oz,,,,"us: (800) 848-2854,us: (650) 283-0710",,
Éric,Legault,,,,(514) 815-4773,,
Jason,LIU,,,,,,
Serge,Matte,,,,"(514) 286-3100 (poste 2346),(514) 285-5458",,
Thomas,Mills,eG Innovations Pte Ltd,,,"(443) 729-0829,(301) 793-9155",,
Yoji,Murase,,,,(905) 822-4760,,
Francis,Paquet,,,fpaquet@modelcom.com,(514) 576-7039,,
Christiane,Parajuriste,,,sbouchard@morencyavocats.com,"(514) 845-3533,(515) 845-9522,(418) 564-5877",,
Alex,Poulin,,,poulinal@videotron.ca,(514) 989-8338,,
Normand,Rochon,Systematix,,,"(514) 393-2668,(514) 605-5549",,
Rodney,Rock,,,,"(514) 946-0749,(514) 634-6794",,
Marc-André,Roy,,,,"(514) 931-3169 poste 144,(514) 221-2243,(514) 292-1555",,
David,Storms,,,,"(416) 249-2260 x. 311,(416) 249-8935,(416) 451-8505",,
David,Storms,,,,"(416) 249-2260 x. 309,(416) 249-8935",,
Éric,St-Pierre,,,,(514) 870-3562,,
Michael,Strohl,,,,"(925) 459-2302,925 114-91",,
Julien,Thessin,,,,(514) 803-1612,,
Eric,Trépanier,,,,"(514) 281-5574,(514) 842-9879",,
Christian,Babbini,,,Christian.Babbini@decimal.ca,,,
,,,,daniel.dionne@decimal.ca,,,
,,,,gohu@blocpot.qc.ca,,,
,,,,pacifique@blocpot.qc.ca,,,
Isabelle,Rivoal,,,Isabelle.Rivoal@decimal.ca,,,
PMP,Sebastien Arcand,,,sebastien.arcand@hotmail.ca,,,
Tom,Akright,,,," +1 (925) 279-4531,+1 (415) 215-4595",,
Michael,Albo,,,Michael.albo@modelisationfinanciere.com," +1 (438) 936-0421,+15145087530",,
Michael,Albo,,,,(514) 588-4320,,
Yacine,Amrani,,,yacine@amrani.ca,,,
Michel,Auclair,,,,(514) 397-0701,,
Gerry,B,,,,(819) 324-0481,,
Robert,B,,,,"(819) 321-9785,(819) 324-6295",,
Stéphane,Bergin,,,,(819) 327-2381,,
David,Bernardi,Telesystem Ltd.,,"dbernardi@propulsionventures.com,dbernardi@telesystem.ca","(514) 397-8456,(514) 397-8451",,
Christian,Bernier,,,,,,
Jocelyn,Berthiaume,,,,"(450) 686-8525,(514) 865-3826",,
Hugues,Boisvert,,,"hugues.boisvert@hec.ca,chaire.cicma@hec.ca","(514) 340-6521,(514) 279-5073",,
André,Bouchard,,,, +1 (819) 574-0070,,
Guy,Bourassa,,,,"(450) 228-1343,(514) 660-1343",,
Hugo,Boutet,,,hboutet@igovirtual.com, +1 (514) 603-5348,,
Denis,Bruno,,,, +1 (514) 909-2068,,
Michelle,Cardinale,,,,"(450) 463-2897,+1 (514) 213-5170",,
Valérie,Chamberland,,,chamberlandvalerie@hotmail.com, +1 (514) 334-0776,,
Mario,Chartrand,,,,"(450) 227-8790,(514) 894-1940",,
Hotel,Chateau Laurier,,,,1 (418) 522-8108,,
Gilles,Chaumond,,,,(450) 227-6769,,
Frédéric,Ciorra,CGI,,frederic.ciorra@cgi.com,"(514) 840-9687,(514) 576-7736",,
Richard,Clément,,,,(514) 725-0045,,
Comptable,,,,,(450) 653-4607,,
SEAN,DALTON,,,, +15149967326,,
Jean,D'Aquila,,,"jean.daquila@avaloncsc.com,plante.daquila@sympatico.ca",,,
Judith,Duquette,,,"judith.111@hotmail.com,judith.duquette@yahoo.ca",,,
Stéphane,Gaulin,,,,"(450) 845-9226,(514) 521-5322",,
Jean-Pascal,Gauthier,,,,14186276266,,
Pascal,Germain,,,"pascalgermain@hotmail.com,pgermain@arkys.com",(514) 796-8090,,
Martin,Girard,,,"martin.girard1@sympatico.ca,martingirard@bell.net",(514) 870-8123,,
Antoine,Goulet,,,,"(514) 267-2212,(514) 936-6722",,
Simon,Hamel,,,,(514) 575-3575,,
JEAN-PAUL,ISSON,,,," +15149477938,+15144819028,+1 (514) 350-0740",,
Sophie,Lamontagne,Bell ExpressVu,,"sophielamontagne@bell.net,slamontagne@expressvu.com","(450) 655-7126,(514) 213-6622",,
Jean-Pierre,Lapierre,,,,"(450) 229-6128,(450) 227-2849,(514) 232-8532",,
Francis,Lavoie,,,,"(450) 482-0783,(514) 686-6099",,
Frédéric,Lavoie,,,flavoie@modelcom.com,"(514) 766-4420,(514) 578-4448",,
Jocelyn,Lebel,,,,"(450) 227-6754,(514) 949-6927",,
MARTIN,LECOMTE,,,," +15149693723,1 (450) 482-1716",,
Sylvie,Leduc,,,, +15143978465,,
Luc,Lemonde,,,,(514) 621-2323,,
Guylaine,Lévesque,,,,(450) 447-5072,,
Michel,Major,,,,(450) 510-1153,,
Kevin,Mcenzie,,,, +1 (703) 863-1203,,
Ken,Miller,SAS,,ken.miller@sas.com,,,
Michel,Milot,,,michel-milot@sympatico.ca,,,
Jason,Molinelli,,,,(514) 838-5569,,
Jean-Philippe,Montpetit,,,,"(514) 858-1246,(514) 480-3897",,
Jean-François,Morin,,,,"(514) 847-0067,(514) 387-1859,(514) 521-1390,(514) 562-3277,(514) 401-6034",,
Yannick,Munn,,,"yannickmunn@hotmail.com,yannickmunn@experco.ca","(514) 288-6660 x 1,(514) 586-9208",,
Marc,Olivier,,,,"1 (450) 973-3266,(514) 231-8983",,
André,Ouellet,,,,(514) 992-1970,,
Francis,Pallascio,,,fpallascio@keroseneinc.com,(514) 582-2338,,
Frédéric,Paquin,,,"frederic.paquin@genilan.net,frederic@paquin.ca","(514) 991-1221,(514) 990-3733",,
Gilles,Paré,CCRA,,"gilles_pare@videotron.ca,gilles.pare@ccra-adrc.gc.ca",(514) 229-0620,,
Paul,Philp,,,pjphilp@gmail.com,,,
JOHN,R. HUSSEY,,,, +15149935120,,
Benoît,Racine,,,,(514) 264-4606,,
Jean-Benoît,Richard,,,,(514) 448-9880,,
Luc,Richard,,,lrichard@morencyavocats.com,,,
Gino,Robert,,,ginorobert@msn.com,1 (514) 229-8809,,
Nicolas,Salko,,,,"ext. 421,(514) 576-6513",,
Hugues,Santerre,,,,(514) 995-2228,,
Sandro,Sciacca,,,,"(514) 420-2900 x 2256,(819) 321-9509,(819) 324-8232",,
Securite,,,,,(514) 476-9579,,
Robert,Sheridan,,,,(514) 993-4546,,
Stewart,Small,,,,011. 44. 1. 285. 652403,,
Matthew,Smith,,,matthewsmith@3csoftware.com,,,
Hugo,St Onge,,,, +15146782319,,
Cibc,St-bruno,,,, +14506532427,,
Louis,St-Jacques,,,,(514) 354-0113,,
"Marc ""Boris""",St-Maurice,,,,"(514) 728-1568,(514) 720-8391",,
Hugo,St-Onge,,,,(514) 830-8568,,
Vincent,Surette,,,"Vincent.Surette@vm6software.com,vsurette@gmail.com",,,
Taxi De La Montagne,,,,,(450) 653-5555,,
Taxi Union,,,,, +1 (450) 679-6262,,
Bill,Thornly,,,,"(514) 529-1010,(514) 948-1618,(514) 201-0456",,
stinsondesign,Tim,,,, +15148138869,,
Paul,Tom,,,, +1 (819) 341-1222,,
Serge,Tremblay,,,,"(450) 482-0783,(514) 123-4567",,
Marc,Trepanier,,,, +1 (450) 669-0537,,
Alex,Turcot,,,,"(514) 849-3890,(514) 651-3894",,
Georges,Turcot,,,,(514) 335-2888,,
Maryse,Turcot,,,,"(450) 446-3158,(514) 928-2105",,
Robert & Claudine,Turcot,,,,"(514) 849-3894,(514) 702-5511",,
Luc,Vanier,,,,"(819) 326-0213,(514) 330-4830",,
Jean-Pascal,Viola,,,jeanpascal.viola@qiagen.com,"(514) 849-8057 x18,(514) 849-8057,(514) 895-5978",,
,,,,Amy.Lamoreaux@mediative.com,,,
Debbie,Babanikos,,,debbie.babanikos@mediative.com,,,
Christian,Bernier,,,chrbernier@hotmail.com,,,
Christian,Bernier,,,bernierchristian@videotron.ca,,,
WANG,Bin,,,wangbin2008@hotmail.fr,,,
,,,,c@2ps.com,,,
chantal,,,,chantal@normandinlafleur.com,,,
Tableau,Dan Jewett,,,visualanalysis@tableausoftware.com,,,
,,,,g_vigeant@hotmail.com,,,
Ridha,Gadhgadhi,Yellow Pages Group Co.,,Ridha.Gadhgadhi@ypg.com,,,
Sylvain,Gagnier,Yellow Pages Group Co.,,Sylvain.Gagnier@ypg.com,,,
Melva,Hernandez,,,melva.hernandez@decideo.com,,,
Harsh,Jiandani,,,hjiandani@appnexus.com,,,
Nadia,Kaskou,,,nkaskou@tableausoftware.com,,,
,,,,luc.marsolais@mediative.com,,,
,,,,martin@advisio.ca,,,
,,,,melvayaneth@hotmail.com,,,
,,,,mleclair@atelier-moteur-pompe.com,,,
,,,,nancy@teamoceanside.com,,,
Paren,Parsekhian,,,paren.parsekhian@mediative.com,,,
,,,,rikibobo@videotron.ca,,,
,,,,support@tableausoftware.com,,,
Marta,Turek,,,Marta.Turek@mediative.com,,,
Jacques,Warren,,,jw@waomarketing.com,,,
Alexandre,Bérard,,,alexandre.berard@ugroupmedia.com,,,
Philippe,Bertrand,,,prbertrand@humanequation.co,,,
Martin,Bérubé,,,berube.martin@agiledss.com,,,
Rafik,Berzi,,,rafik.berzi@hotello.com,,,
André,Bouchard,,,abouchard@crealinkmedia.ca, +15143576595,,
François,Chartier,,,francois.chartier@sednove.com,,,
Michael,Fournier,,,michaelrfournier@yahoo.ca,,,
Jean-Paul,Isson,,,"jpi@advancedbusinessanalytics.com,issonjp@hotmail.com",,,
Alexandre,Langlois,,,langlois.alexandre@agiledss.com,,,
Charles-Étienne,Lavoie,,,lavoie.ce@agiledss.com,,,
Manu,,,,mkakkar@rogers.com,,,
Philippe,Taza,,,ptaza@higher-education-marketing.com,,,
Eric,Torkia,,,etorkia@technologypartnerz.com,(514) 278-2221,,
