From,To,SentAt,Message,Direction
Gary Tharme,Denis Archambault,"April 28, 2017, 11:24 AM","Hi Denis,

I came across your profile and thought we could benefit by being connected. 

Hope business is going well.
 
Thanks, 
Gary",INCOMING
Orlando Tojohery RASOLOFONIAINA,Denis Archambault,"May 3, 2017, 6:06 AM",,INCOMING
Daniel Richer,Denis Archambault,"April 22, 2017, 3:59 PM",,INCOMING
Jitesh Desai,Denis Archambault,"April 20, 2017, 11:08 AM",,INCOMING
Alexandre Fournier Ahizoune,Denis Archambault,"April 20, 2017, 8:26 AM",,INCOMING
Melanie Roy,Denis Archambault,"April 19, 2017, 6:30 AM",,INCOMING
"Lara Midoun, M. Sc.",Denis Archambault,"April 18, 2017, 6:23 AM",,INCOMING
Sarah Seddiki,Denis Archambault,"April 17, 2017, 12:02 PM",,INCOMING
Vincent Bureau MGP PMP® MoP® PRINCE2®,Denis Archambault,"April 17, 2017, 7:12 PM","Bonjour,
votre conférence au PMI ""La vérité sur le Big Data, Hadoop, l'internet des objets et les tendances technologiques"" était très intéressante. J´aurai plaisir à suivre vos initiatives.
Cordialement.
Vincent Bureau, PMP.",INCOMING
Tamer Zyadi,Denis Archambault,"April 11, 2017, 11:01 AM",,INCOMING
Ankit kharwar,Denis Archambault,"April 12, 2017, 10:55 AM",,INCOMING
Jeremie Pineau,Denis Archambault,"March 31, 2017, 6:57 PM",,INCOMING
Qinghe Sun,Denis Archambault,"March 23, 2017, 4:03 AM",,INCOMING
Maryse Morin,Denis Archambault,"March 27, 2017, 12:19 PM",,INCOMING
Clement Roy,Denis Archambault,"March 24, 2017, 4:20 AM","Bonjour, j'aimerais vous inviter dans mon réseau LinkedIn. 
J'ai trouvé votre profil très intéressant et je serais heureux d'échanger avec vous sur nos expertises respectives. 
Au plaisir et bonne journée,
Clément Roy
V3 Digital inc.",INCOMING
David Benizri,Denis Archambault,"March 19, 2017, 12:32 PM",,INCOMING
Olivier Dupuis,Denis Archambault,"March 15, 2017, 6:35 AM",,INCOMING
Robert Luong,Denis Archambault,"March 19, 2017, 1:43 PM",,INCOMING
Guillaume Poitras,Denis Archambault,"March 22, 2017, 1:28 PM",J’aimerais vous inviter à rejoindre mon réseau professionnel sur LinkedIn. Guillaume,INCOMING
Steve Estimable,Denis Archambault,"March 3, 2017, 4:06 PM","Hi Denis Archambault, I would like to add you to my Linkedin network.",INCOMING
Anne-Laure Perrot,Denis Archambault,"March 3, 2017, 1:27 PM",,INCOMING
Jean-René Roy,Denis Archambault,"March 2, 2017, 5:31 PM",J'organise la conférence DEVTEACH. ,INCOMING
Pierre-Jean Dion,Denis Archambault,"February 21, 2017, 5:29 AM",,INCOMING
Luc Greth,Denis Archambault,"February 21, 2017, 8:15 PM",,INCOMING
Steven Oppedisano,Denis Archambault,"February 22, 2017, 7:48 PM",,INCOMING
Sirajum Munira,Denis Archambault,"February 9, 2017, 11:59 PM",,INCOMING
Jean-Francois Verville,Denis Archambault,"February 17, 2017, 4:54 AM",,INCOMING
Samriddhi Mehta,Denis Archambault,"February 6, 2017, 2:36 AM",,INCOMING
Emilie Gallo,Denis Archambault,"January 25, 2017, 6:46 AM",,INCOMING
Mathieu L'Allier,Denis Archambault,"January 19, 2017, 7:50 PM",,INCOMING
Michel Rheault,Denis Archambault,"January 7, 2017, 1:32 PM",,INCOMING
Mahal Singh,Denis Archambault,"January 9, 2017, 11:12 PM",,INCOMING
Francis Lacerte,Denis Archambault,"December 22, 2016, 5:41 AM",,INCOMING
Jean-William Milon,Denis Archambault,"January 11, 2017, 7:11 PM",,INCOMING
Paul Joseph,Denis Archambault,"December 15, 2016, 7:57 PM",,INCOMING
Ming Zou,Denis Archambault,"December 12, 2016, 11:07 PM",,INCOMING
Jean-Philippe Lejeune,Denis Archambault,"December 12, 2016, 10:04 AM",J'ai eu la chance de vous rencontrer pendant votre conférence sur le Design des rapports et des tableaux de bord!,INCOMING
Vasil Dimitrov ✨,Denis Archambault,"December 8, 2016, 2:02 PM",,INCOMING
Tony Sansico,Denis Archambault,"December 2, 2016, 4:53 PM","Bonjour Denis, je vous contacte car Cécile m'a parlé de vous, comme étant un expert Tableau! Nous venons de développer un connecteur de notre application 365View pour Tableau et j'aimerais vous le présenter et avoir votre avis d'expert dessus ?

J'espère vous rencontrer bientot,

Tony",INCOMING
Jean-Lou Dupont,Denis Archambault,"November 28, 2016, 8:57 AM",,INCOMING
Gleb Gogolenko,Denis Archambault,"November 25, 2016, 3:13 AM",,INCOMING
Amanda Wischmeier,Denis Archambault,"November 12, 2016, 12:01 PM",,INCOMING
Denis Archambault,Samir Ghazi,"April 18, 2017, 5:58 AM","Salut Samir
Au plaisir de te revoir.
Salut,
Denis",OUTGOING
Denis Archambault,Xavier Prudent,"March 22, 2017, 7:45 PM","Bonjour Xavier
Bien aimé ta présentation ce soir.
Te file la mienne sur slideshare aussitôt que possible.
Au plaisir,
Denis",OUTGOING
Denis Archambault,Paul Lisborg,"November 11, 2016, 6:16 AM","Hello Paul
Let's get LiknkedIn
Talk to you soon
Denis",OUTGOING
