Company Name,Description,Location,Start Date,End Date,Title
DECIMAL,"Main duties:
Manage sales and marketing team in current markets
Responsible for business development in new markets",,4/2010,4/2012,"Vice President, Sales and Marketing"
ModelCom,"Main duties:
Director business intelligence group
Senior consultant business modeling",,12/1999,8/2004,Principal
St-Helens Distillery Ltd.,"Main duties:
R&D Blend Master
Market intelligence & positioning",,1/2007,8/2009,Blend Master
123GoExpert,"Main duties:
Google AdWords™ Advertising
Business Analytics & Business Intelligence",Saint-Basile-le-Grand,1/2013,5/2014,Co-Founder and Practice Leader
ModelCom,"Main duties:
Manage business intelligence & business analytics practice 
Responsible for practice business development",,5/2012,9/2013,"Principal, Business Intelligence & Business Analytics"
"VM6 Software, Inc.","Main duties:
Sales and marketing
Strategic, financial, and operational planning",,8/2004,2/2010,President
Cirque du Soleil,"System requirements, system architecture",Montréal,11/2012,7/2013,"Architect, Planning, Budgeting, and Forecasting"
Virtual Paper,"Main duties:
Responsible for digital catalog intelligence & analytics
Support analytics business development",Longueuil,6/2012,12/2012,"Director, Business Intelligence & Business Analytics"
Data Viz Pro,"Main Duties:
- Data Visualization 
- Dashboard Design
- Database Management
- IT Infrastructure Management",,10/2015,,Founder
Advanced Business Analytics,"Main duties:
Create value with your company data!
Help you compete with analytics.",,10/2013,10/2015,Founder and Principal
