First Name,Last Name,Maiden Name,Created Date,Address,Birth Date,Contact Instructions,Marital Status,Headline,Summary,Industry,Association
Denis,Archambault,,14/11/2005 12:19:48 UTC,,,,,Founder - Data Viz Pro,"LEADING EXPERT IN DATA VISUALIZATION
Denis Archambault is founder and practice leader at DATA VIZ PRO, a company specializing in data visualization and business analytics.  Denis’s goal is to help people communicate quantitative data using data visualization and data storytelling.  He his formally qualified on Tableau Software to help him in his mission.

Denis Archambault has taken part in the development of 34 analytical applications since 1991.  He has helped 1st tier customers such as Le Cirque du Soleil, the American Automobile Association (AAA), and La Caisse de dépôt et de placement du Québec.  He regularly speaks at public events regarding business intelligence and business analytics and occasionally at the University as an invited guest.  

He has master’s degree in science (M.Sc.) and a bachelor’s degree in administration (B.A.) from l’École des Hautes Études Commerciales (HEC).  He is also a member of the Order of Chartered Professional Accountants of Quebec (CPA, CMA).   

Prior to founding his company, DATA VIZ PRO, Denis was president and co-founder at VM6 where he ran a team of 30 people.  He has had a successful career in telecommunications, financial industry, information systems and IT infrastructure.


Specialities :
- Tableau Desktop 8
- Data visualization
- Data analytics
- Web analytics
- Business analytics 
- Business intelligence
- Business modeling
- Mathematical modeling",Information Technology and Services,
