TYPE_MENAGE_ID;ID_REMAX;PERSONNES_VIVANT_SEULES;COUPLES_AVEC_ENFANTS;COUPLES_SANS_ENFANT
1;26013325;27.1;27.6;45.3
2;19909549;31.5;19.6;48.9
3;14372056;27.0;14.2;58.8
4;14923360;29.9;23.3;46.8
5;14279516;39.4;35.2;25.4
6;22027607;34.2;21.1;44.7
7;26888978;27.4;32.3;40.3
8;22084186;36.2;12.0;51.8
9;14371921;23.7;37.1;39.1
10;12981836;34.0;7.3;58.6
11;19292461;23.8;38.5;37.7
12;13917785;39.4;35.2;25.4
13;17535365;63.0;13.5;23.5
14;21264976;43.5;15.3;41.2
15;14551882;18.4;47.6;34.0
16;19145651;30.3;33.5;36.2
17;22519373;45.6;18.2;36.1
18;12865880;44.5;31.2;24.2
19;9736715;16.7;48.2;35.0
20;28362642;27.6;32.2;40.2
21;17546793;23.3;38.2;38.5
22;15982544;19.0;46.8;34.1
23;10038716;27.8;29.0;43.2
24;11590805;16.8;50.3;33.0
25;13266413;14.3;44.2;41.4
26;20681756;24.2;51.9;24.0
27;14627185;22.2;41.4;36.4
28;13637247;19.1;52.6;28.3
29;21647717;37.7;26.7;35.6
30;13617790;31.5;19.6;48.9
31;14585324;32.0;37.4;30.5
32;11802374;17.1;55.1;27.8
33;27776787;39.4;35.2;25.4
34;26766752;14.4;47.0;38.6
35;13353717;31.8;39.6;28.6
36;18492709;39.4;35.2;25.4
37;16949699;29.1;34.1;36.8
38;20891259;27.3;45.5;27.2
39;18680283;30.7;32.3;37.0
40;27866607;31.4;24.6;44.0
41;21931910;29.9;36.1;34.0
42;23562415;26.1;35.6;38.3
43;28077024;36.1;24.0;40.0
44;15747773;50.7;21.6;27.8
45;25944260;47.1;18.3;34.5
46;26042588;17.0;56.3;26.7
47;20213474;9.6;58.6;31.8
48;28600931;34.2;35.8;30.0
49;26732736;42.9;24.6;32.5
50;23409855;26.4;46.3;27.4
51;12091107;12.2;55.4;32.4
52;17494486;16.3;50.7;33.0
53;19841907;22.4;41.9;35.7
54;15776785;31.6;20.9;47.5
55;25616484;12.1;66.8;21.1
56;13034788;28.9;29.8;41.2
57;25592035;12.1;40.6;47.3
58;12782121;18.5;47.5;34.0
59;12127700;52.3;13.1;34.7
60;23816069;7.0;56.6;36.5
61;19339735;40.3;23.7;36.0
62;13112506;37.4;22.3;40.3
63;27197804;36.9;15.6;47.5
64;12528714;15.0;47.1;37.9
65;28918732;25.3;34.9;39.9
66;15314076;25.5;48.9;25.7
67;16620292;33.5;29.5;37.0
68;25039877;31.0;14.8;54.1
69;13546802;14.2;51.4;34.4
70;16105098;47.5;19.7;32.9
71;28140589;10.3;44.8;44.8
73;17191558;57.8;11.0;31.2
74;20889663;26.8;22.9;50.3
75;23905518;29.0;36.0;35.0
76;17027719;51.6;15.6;32.7
77;22825819;17.8;45.4;36.8
78;22688211;32.4;30.4;37.2
79;27821090;52.9;4.5;42.6
80;27638446;36.2;16.8;47.0
81;24567421;31.3;29.5;39.3
82;20424250;32.1;23.6;44.3
83;28481213;47.8;16.2;36.0
84;25562646;48.6;15.2;36.2
85;9688835;29.2;29.8;41.0
86;19867455;22.0;41.2;36.8
87;14048581;20.9;39.7;39.4
88;20391586;42.3;23.0;34.8
89;20592166;47.2;29.1;23.7
90;21050591;28.4;35.4;36.1
91;10348860;40.0;15.3;44.6
92;23906629;34.6;39.1;26.3
93;22508026;29.4;28.7;41.9
94;20193179;25.4;27.2;47.4
95;12639093;18.4;52.1;29.6
96;13068017;18.7;47.2;34.1
97;21040246;36.7;21.6;41.7
98;9178683;25.3;24.4;50.3
99;28694284;29.0;26.8;44.1
100;14600164;34.8;41.8;23.4
101;22872807;35.3;30.8;34.0
102;21223551;24.6;35.6;39.8
104;15499808;32.0;20.8;47.3
105;15923519;33.3;34.8;31.9
106;10103255;55.5;16.1;28.5
107;12106357;45.4;25.4;29.2
108;23573928;33.0;34.0;33.0
109;16496436;20.2;40.7;39.1
110;18000194;22.9;36.2;40.9
111;19091698;28.0;34.4;37.6
112;11083640;49.2;15.0;35.8
113;24048180;26.7;39.5;33.9
114;23054979;48.1;24.3;27.6
115;17430485;37.8;28.1;34.1
116;24750235;28.6;26.2;45.2
117;24551060;32.4;16.9;50.7
118;27912525;18.2;52.8;29.0
119;17214946;21.0;45.9;33.1
120;18635892;31.8;28.9;39.3
121;13883834;25.7;36.4;37.9
122;15169421;20.5;34.6;44.8
123;14672564;26.4;35.1;38.5
124;22717879;19.1;48.0;33.0
125;24504347;33.6;28.6;37.8
126;28114114;66.0;8.6;25.4
127;14424243;52.8;23.6;23.6
128;25346029;45.3;14.2;40.5
129;18541673;24.4;46.1;29.5
130;13801127;21.8;54.9;23.3
131;27695312;34.2;35.9;30.0
132;15739398;22.4;46.9;30.7
133;19433427;18.8;41.3;39.9
134;21112889;26.3;14.7;58.9
135;14932892;49.9;26.9;23.2
136;20835389;37.2;13.1;49.7
137;18880929;23.2;35.4;41.4
138;19473963;16.1;57.2;26.6
139;23664618;36.0;23.0;41.0
140;24669182;51.9;17.7;30.4
141;12903107;36.9;28.5;34.7
142;13571911;16.5;59.3;24.2
144;13187008;15.6;52.2;32.3
145;28575678;15.5;54.2;30.2
146;20329916;16.5;42.8;40.7
147;17358466;19.8;47.5;32.6
148;14343496;33.7;41.5;24.8
149;13609945;27.6;31.6;40.8
150;23692670;32.4;16.9;50.7
151;25697169;25.7;31.8;42.5
152;20628129;39.5;13.1;47.3
154;10396930;49.9;20.5;29.6
155;25487257;22.4;46.7;30.8
156;23378298;22.6;37.1;40.2
157;16277466;34.1;38.6;27.3
158;19721870;16.7;46.2;37.1
159;25854126;20.1;39.7;40.2
160;11607572;14.1;51.1;34.8
161;26861233;12.3;57.2;30.5
162;19168526;17.9;40.0;42.1
163;13704063;31.8;34.7;33.5
153;28987169;18.7;48.0;33.3
143;10311828;32.0;15.9;52.0
164;13651583;20.0;43.9;36.1
165;22045283;16.3;42.4;41.4
166;20814596;17.4;38.2;44.5
167;28494223;30.3;46.6;23.2
168;18524327;23.3;30.7;46.0
169;10109479;25.0;27.6;47.4
170;22359958;48.4;26.7;24.9
171;27644262;49.2;18.7;32.1
174;27271017;34.6;11.7;53.7
175;23161384;56.9;11.8;31.3
176;13469831;13.5;51.9;34.6
177;15923007;49.6;16.8;33.5
179;18993519;27.5;46.4;26.1
180;11318012;53.5;21.6;24.9
181;22871949;55.3;15.4;29.2
182;22174598;27.7;45.3;26.9
183;17569112;37.7;24.0;38.3
184;10358728;33.6;26.8;39.6
185;25193175;30.6;32.0;37.4
186;26327498;24.3;41.2;34.5
187;18152911;27.8;45.8;26.4
188;25345113;29.9;35.1;35.0
189;13251350;16.5;59.3;24.2
190;16442916;24.5;39.9;35.6
191;13077415;13.4;50.4;36.1
192;21242021;35.2;27.4;37.3
193;26294518;25.7;43.3;31.1
194;27777739;18.3;45.4;36.3
195;10152822;52.0;15.7;32.3
197;13216164;19.4;44.6;35.9
198;25257203;38.5;31.5;30.0
199;16303756;5.0;73.7;21.3
200;19201746;23.7;44.2;32.1
201;20734918;28.8;28.1;43.1
202;9515501;20.6;50.4;29.0
203;21281082;31.4;48.6;20.0
204;9844201;48.1;17.8;34.0
72;15777392;27.9;29.0;43.1
205;15793011;49.2;15.0;35.8
206;11902769;16.9;48.8;34.3
207;27390631;34.2;15.8;50.0
208;25532163;24.3;23.6;52.2
209;16764151;15.5;54.6;29.9
210;9797913;42.6;32.4;25.0
211;20867507;23.5;27.8;48.7
212;20822320;18.8;51.3;30.0
213;17090058;22.2;35.9;41.9
214;21837250;35.1;38.1;26.8
215;28053436;25.2;49.1;25.7
216;26990344;28.1;35.9;36.0
217;9211418;25.8;34.4;39.8
218;11567788;17.0;52.6;30.3
219;16408410;55.9;16.7;27.4
220;15562061;16.4;53.2;30.3
221;17182759;48.4;19.3;32.4
222;26762556;22.6;36.6;40.7
223;16132691;23.9;28.1;48.0
224;10613254;45.8;18.0;36.2
225;15860571;26.2;37.7;36.1
226;15807448;12.8;58.1;29.1
227;26355518;21.9;43.3;34.8
228;12696684;17.7;49.7;32.6
229;24355806;49.9;16.9;33.1
230;22341241;22.7;35.8;41.5
231;14865740;39.6;32.9;27.5
232;19185419;10.1;68.1;21.8
233;27583755;16.5;59.0;24.4
234;20856593;20.0;38.4;41.6
235;23606872;25.5;43.3;31.1
236;25919419;23.4;32.5;44.1
237;17802174;38.5;20.5;41.0
238;28965515;12.4;62.1;25.5
239;9959075;17.8;51.4;30.8
240;9845280;22.0;36.4;41.6
241;10965008;46.9;17.8;35.3
242;27526296;18.9;47.6;33.5
243;9853394;20.2;49.5;30.3
196;15567489;21.1;45.8;33.0
173;22498335;45.7;16.6;37.7
244;18190929;33.3;28.0;38.7
245;14227868;24.4;42.2;33.4
246;13268995;25.0;32.8;42.2
247;17457091;31.6;30.1;38.4
248;18681175;38.7;35.7;25.6
249;12922894;27.8;36.5;35.6
251;27608308;40.5;31.1;28.3
252;13397534;40.5;31.0;28.5
253;28554852;44.1;13.6;42.3
254;25159336;16.5;39.1;44.5
255;23762743;59.4;15.0;25.6
256;13073434;34.4;43.1;22.5
257;20655960;44.5;27.6;27.9
258;19921100;30.0;29.1;40.9
259;17901301;18.0;52.1;29.9
260;15334415;55.8;9.5;34.7
261;27238520;45.0;26.2;28.8
262;19064650;28.7;30.8;40.5
264;22158136;23.7;38.6;37.7
265;18745715;24.9;44.7;30.4
266;26697827;47.7;16.1;36.2
268;21877435;29.6;38.0;32.3
269;17360510;14.6;50.7;34.6
270;19580381;42.5;29.0;28.5
271;20154571;48.5;10.5;41.0
272;21959477;41.9;20.8;37.2
273;11238864;31.3;30.9;37.8
274;20234827;41.2;29.0;29.8
275;14489949;28.9;23.7;47.4
276;24041710;45.4;16.3;38.4
277;28689972;25.0;38.9;36.1
278;13597902;24.9;38.7;36.3
279;11167789;11.8;50.4;37.8
280;11504422;22.2;36.3;41.5
281;14491222;9.1;73.0;17.9
282;13530821;32.0;26.7;41.3
283;27729578;60.3;7.9;31.8
284;27855140;30.0;27.3;42.7
285;18551958;25.0;38.9;36.1
286;13098967;40.5;31.5;28.0
287;24468454;25.0;38.9;36.1
288;12839632;19.4;41.8;38.7
290;19367218;31.4;24.6;44.0
291;10541237;25.0;38.9;36.1
292;21948760;47.6;15.9;36.4
293;21597649;34.9;43.1;21.9
294;24331754;20.2;36.4;43.4
295;25106278;23.2;29.6;47.2
296;15855210;45.1;20.6;34.3
297;18388666;34.3;41.6;24.1
298;15927377;58.9;14.5;26.6
299;25580450;22.3;30.6;47.1
300;17003046;17.7;38.8;43.5
301;28476565;23.1;30.5;46.3
302;11447817;25.0;38.9;36.1
303;20887314;42.6;25.3;32.1
304;11332355;41.6;21.4;37.0
305;16638031;37.2;20.0;42.8
306;18160294;35.6;24.6;39.8
308;16346432;25.0;38.9;36.1
309;17950250;39.2;33.2;27.5
310;22003568;13.3;54.0;32.7
311;23223261;20.5;43.5;36.0
312;11044970;26.0;31.7;42.4
313;19161830;35.6;24.6;39.8
314;24200114;20.0;36.3;43.7
315;15117093;36.5;29.1;34.4
316;23571363;34.2;29.3;36.5
317;17112386;25.0;38.9;36.1
318;14147614;47.1;18.0;34.9
319;25142452;54.0;7.8;38.2
320;26971728;31.9;37.3;30.8
321;9530205;25.1;34.6;40.3
322;14746798;16.8;49.4;33.8
323;27835385;24.7;49.5;25.8
324;23791161;33.6;26.3;40.1
325;15411641;38.9;12.5;48.6
326;12202600;25.0;38.9;36.1
327;28336359;60.1;8.2;31.7
289;16933270;14.1;49.2;36.6
328;28167034;28.8;33.8;37.4
329;19484913;14.1;49.6;36.3
330;18165837;30.0;37.5;32.5
331;25776466;18.0;57.8;24.2
332;13326377;45.0;21.6;33.4
333;17227876;13.1;53.8;33.1
334;20218583;18.2;50.3;31.5
336;20161492;37.7;14.9;47.4
337;20893776;25.0;38.9;36.1
338;22401466;6.7;73.6;19.7
339;16743824;27.3;31.5;41.1
341;11029723;34.4;23.9;41.7
342;25341813;15.8;44.2;40.0
343;13940911;15.3;53.7;31.0
344;25567865;15.7;35.4;48.8
345;20316214;18.4;54.5;27.1
346;20094643;37.0;20.2;42.9
347;11584690;33.3;26.0;40.7
349;11001504;27.6;32.2;40.2
350;23885796;24.6;39.4;36.0
351;21869895;39.6;28.8;31.6
352;17226516;28.0;36.9;35.1
353;12661717;27.9;25.8;46.2
354;14111309;25.8;39.2;35.0
355;28165175;44.0;18.8;37.2
356;10240384;35.5;36.9;27.5
357;19238841;16.6;45.3;38.1
358;22489034;50.1;19.3;30.6
359;28822184;16.7;43.8;39.5
360;11804949;36.6;30.7;32.7
361;18777919;42.0;27.5;30.5
362;21346020;13.0;38.1;48.9
363;14156669;19.3;50.8;29.9
364;23821004;32.0;20.5;47.5
365;26185127;35.7;22.5;41.8
366;27964672;15.9;55.2;28.9
367;18315452;24.6;22.4;53.0
368;28849686;38.5;23.0;38.5
369;24562393;23.0;36.3;40.6
370;14013669;37.0;20.2;42.9
371;19198357;28.1;32.5;39.4
372;17000369;49.7;18.5;31.8
373;24747850;33.3;24.2;42.5
376;22284778;10.2;58.2;31.7
377;22767845;54.5;12.7;32.9
378;12933253;35.5;31.0;33.4
379;11006181;25.7;36.7;37.6
380;27956713;48.9;17.9;33.2
381;18020049;47.6;14.7;37.7
382;22289560;15.7;48.0;36.4
383;20476904;7.0;56.6;36.5
384;10119754;15.3;54.3;30.4
385;18379720;28.6;28.6;42.9
386;16294314;21.9;36.8;41.3
387;26355392;20.6;34.5;44.9
388;17946690;50.3;16.6;33.1
389;13801222;37.9;26.3;35.8
390;20486508;45.4;22.3;32.3
391;25548752;39.9;25.1;35.0
392;25060518;16.5;59.3;24.2
393;22652419;33.7;12.0;54.3
394;27393279;17.7;54.2;28.1
395;19096701;39.4;25.4;35.2
397;28157900;41.5;24.1;34.4
398;10314623;42.2;29.1;28.7
400;26765308;22.7;44.5;32.8
401;23544705;16.0;43.4;40.7
402;14273842;12.6;50.1;37.3
403;16096792;22.0;30.4;47.6
404;19292491;43.8;29.4;26.8
405;17752931;37.0;19.4;43.6
406;21978173;18.0;35.5;46.5
407;25929848;45.6;15.2;39.2
408;16529290;38.0;27.0;35.0
374;16792244;20.9;42.5;36.6
340;28379457;33.3;25.6;41.0
399;11419082;24.6;37.7;37.7
348;27755557;27.3;40.0;32.7
409;12423492;23.0;34.5;42.5
410;24010640;27.6;30.2;42.2
250;19974143;13.3;42.0;44.6
263;26658558;37.5;16.0;46.5
267;14102691;8.4;60.9;30.7
412;23133154;31.3;21.4;47.3
413;11186991;20.3;54.9;24.8
415;16094078;27.1;43.0;30.0
416;24096226;37.9;12.5;49.6
417;13814621;21.8;37.5;40.8
418;9676291;26.3;39.8;33.9
419;13979205;55.6;16.2;28.2
420;10618672;50.5;20.2;29.3
421;25307408;10.8;74.0;15.1
423;13081553;9.7;68.9;21.4
424;24051449;35.1;41.0;23.9
425;21881306;37.3;14.8;48.0
426;23517809;57.3;9.8;32.9
427;23940986;23.0;39.8;37.1
428;12122657;49.5;26.2;24.3
429;21391196;49.2;21.5;29.3
431;18540678;28.9;42.8;28.3
432;17904652;16.5;59.3;24.2
433;26383794;20.0;35.4;44.5
434;15062727;63.9;9.9;26.2
435;21787375;32.4;16.9;50.7
436;27341319;35.8;17.5;46.7
437;28306440;29.0;38.4;32.6
438;13852283;30.4;35.5;34.1
439;15818969;28.5;30.4;41.1
440;14700618;36.1;36.3;27.6
441;11837342;28.9;36.0;35.1
443;14844876;23.5;41.0;35.5
445;24236353;40.2;26.0;33.8
446;10360877;47.4;20.8;31.8
447;22723177;29.2;38.9;31.9
448;17041719;20.4;43.4;36.2
449;9968928;19.9;40.7;39.4
450;18470944;36.6;28.8;34.6
451;10314589;40.9;21.5;37.6
452;22882589;33.2;30.8;36.0
453;20055792;29.2;31.5;39.3
454;13003651;44.2;20.1;35.6
455;25246535;32.0;21.1;46.9
456;13922450;20.3;40.6;39.1
459;16029989;22.2;41.4;36.4
460;27977848;32.2;35.6;32.1
462;11192562;27.7;41.6;30.7
463;24951333;24.5;37.8;37.7
464;16359715;40.5;25.9;33.6
465;9261648;11.0;63.6;25.4
466;18787136;30.2;51.5;18.3
467;14788671;22.2;41.4;36.4
468;27780344;36.8;22.0;41.1
469;26202473;22.6;52.2;25.1
470;14433972;22.5;48.1;29.4
473;27082609;16.1;56.3;27.6
474;21993635;31.1;28.4;40.4
476;10122090;32.9;32.0;35.1
479;28287185;22.6;52.2;25.1
480;20395081;18.8;44.2;37.1
481;20393800;11.9;54.4;33.7
482;19423273;28.7;52.5;18.8
483;25517953;21.9;43.9;34.2
484;19717162;29.4;45.4;25.3
485;24428018;30.2;49.6;20.2
486;14331484;37.5;22.8;39.7
477;24718351;15.2;35.3;49.5
478;12128835;29.6;25.1;45.3
461;15279921;34.8;24.7;40.4
411;17454197;28.7;29.9;41.5
487;20115235;33.4;25.6;41.0
488;27638710;30.2;21.5;48.4
489;18172160;23.6;45.3;31.1
490;27452471;40.1;23.7;36.2
491;28608802;33.2;26.8;40.0
492;24745441;26.1;30.3;43.5
493;14944765;48.8;24.6;26.6
494;23520767;23.7;33.2;43.0
495;14172226;35.2;17.7;47.1
496;9116049;15.1;44.1;40.8
497;10271617;33.9;20.6;45.5
499;22471796;25.0;39.6;35.4
500;23897678;21.1;40.4;38.5
501;12845927;33.7;27.6;38.6
502;14433780;29.6;36.0;34.4
503;15187789;38.8;19.7;41.5
505;17707170;15.9;55.1;29.0
507;16932784;21.5;38.6;39.9
509;17766459;48.7;17.6;33.7
510;10333097;33.4;28.6;38.0
511;25405879;21.3;55.5;23.1
512;24651597;26.4;25.3;48.3
514;14718294;26.8;38.2;35.0
518;25062207;20.7;39.2;40.0
519;22436628;37.9;20.6;41.6
520;11370479;24.6;40.8;34.5
521;24882360;45.3;17.0;37.7
522;22577692;26.8;31.8;41.4
523;23222696;43.9;39.2;16.9
524;25526986;29.6;16.3;54.2
526;23021197;26.2;36.5;37.3
527;10719350;30.1;26.5;43.4
528;17816537;36.1;24.5;39.4
529;21245203;11.9;55.1;33.0
530;20525024;30.5;19.6;49.9
532;17823828;26.7;29.3;44.0
533;26517237;13.4;64.0;22.7
535;23946505;30.5;35.7;33.7
536;18392574;20.4;41.9;37.7
537;9727858;32.7;21.3;46.0
538;9885950;12.6;53.5;33.9
539;15485956;16.3;50.7;32.9
540;20289117;19.2;40.4;40.4
541;20565456;21.9;42.2;35.9
543;26275453;16.3;55.0;28.7
544;27334860;7.6;65.9;26.5
545;23842693;47.3;17.4;35.3
546;25124616;25.4;39.3;35.3
547;11442135;27.9;35.2;36.9
548;18094061;43.6;15.2;41.2
549;23800978;28.3;34.0;37.7
552;16183927;20.0;43.2;36.8
553;20304694;34.8;41.8;23.4
554;19237282;13.6;47.8;38.6
555;12730188;32.4;28.9;38.8
556;16552178;36.1;40.4;23.5
557;11608098;37.2;38.2;24.6
560;23787252;42.1;27.8;30.1
566;19687943;37.7;14.9;47.4
506;21781475;22.0;36.8;41.2
508;27198892;41.8;19.9;38.3
513;25244724;14.8;50.6;34.6
515;26544047;12.6;49.5;37.9
525;9509086;16.4;52.9;30.6
531;17989064;7.8;62.8;29.4
534;14308798;17.6;49.3;33.2
504;21096427;53.8;7.9;38.3
517;21509238;56.0;19.2;24.8
562;20699675;34.7;21.2;44.1
498;14585024;47.3;18.2;34.5
516;11713551;14.9;58.3;26.8
569;10095799;34.2;35.9;30.0
574;19234581;17.1;48.7;34.2
575;14207594;55.6;14.6;29.8
576;14279789;41.6;25.7;32.6
577;12022785;34.2;35.9;30.0
582;28358130;31.5;16.3;52.2
583;12485240;16.2;39.9;43.9
584;16209712;41.9;20.8;37.3
585;11427685;23.7;19.5;56.8
588;11582437;15.9;51.3;32.9
590;11226099;15.0;47.1;37.9
597;25528538;39.9;22.8;37.3
598;14155455;35.0;34.8;30.1
599;14464565;23.6;43.0;33.4
600;15508736;34.5;36.0;29.6
603;12337231;22.4;41.9;35.7
607;23345821;25.3;50.7;24.0
609;25977335;13.9;62.7;23.4
610;23070621;50.6;16.0;33.3
414;10166034;32.9;18.9;48.2
422;22060867;32.3;26.0;41.7
430;26899585;50.6;13.2;36.3
442;28326813;25.4;26.1;48.5
444;28927766;11.7;62.7;25.6
457;19370350;31.2;14.8;54.0
458;21205647;31.2;29.0;39.8
471;16748566;29.8;26.1;44.1
472;28646238;21.7;27.8;50.5
475;16136217;21.0;45.4;33.6
612;20289972;15.7;40.0;44.3
614;22869982;29.1;38.7;32.2
615;11086891;16.8;58.9;24.3
616;25425792;29.4;36.1;34.5
617;17991701;32.0;24.0;44.0
620;28704318;10.9;51.3;37.8
621;22485977;16.6;52.7;30.8
623;18427533;20.1;38.2;41.7
624;18451207;16.2;45.0;38.8
625;28552720;51.8;16.5;31.6
628;23277636;16.5;59.4;24.1
629;24178269;17.8;34.0;48.2
632;11881999;35.6;22.4;42.1
633;13311729;42.7;25.9;31.5
634;16276036;43.9;21.6;34.5
626;28218890;22.8;38.6;38.6
627;15012800;23.1;31.4;45.5
630;15477955;33.2;24.1;42.8
631;22622568;27.2;31.6;41.2
636;25520965;10.5;41.9;47.6
638;19583599;9.5;63.3;27.2
618;12278844;17.1;42.8;40.1
619;28351289;29.2;32.3;38.5
637;20008689;28.1;28.1;43.8
613;15541999;33.7;43.4;22.9
622;24459365;31.5;33.9;34.7
635;17129914;30.4;26.5;43.2
611;22845474;40.7;18.4;40.9
640;10681341;40.2;16.1;43.7
642;17363693;15.1;46.5;38.4
643;26672497;51.6;20.4;28.0
645;21546275;19.6;45.5;34.9
646;21453879;14.1;61.2;24.7
647;26887656;35.8;28.1;36.1
648;22735277;28.8;25.4;45.8
649;10313702;38.3;15.4;46.3
558;23582705;36.0;23.0;41.0
559;19511729;21.9;43.3;34.8
561;11992872;39.4;37.7;22.9
563;18585020;53.1;12.7;34.2
564;27604876;40.0;16.2;43.8
565;25055060;26.9;25.8;47.3
567;11589915;32.4;28.5;39.2
568;28403485;11.5;58.2;30.3
572;14201845;38.9;38.2;22.9
570;28757275;59.7;8.7;31.6
571;24804695;29.7;39.8;30.5
578;9995311;39.2;16.3;44.5
579;27735580;16.8;44.0;39.2
580;19204760;51.3;17.3;31.5
581;9642451;19.6;37.7;42.6
586;19646565;21.7;50.5;27.8
587;23997117;43.6;31.0;25.4
589;27091274;17.7;43.9;38.4
592;24722465;29.2;40.2;30.7
591;21434527;43.9;25.8;30.3
593;28380779;34.7;32.9;32.3
594;17152479;30.4;28.3;41.2
595;14710845;24.0;44.3;31.7
601;11120581;29.6;33.4;37.0
602;17176427;13.8;60.7;25.5
604;18092256;60.2;8.0;31.8
605;23401245;7.4;60.4;32.2
606;17906536;41.1;23.0;35.9
608;25027591;59.4;5.3;35.3
650;11854132;21.3;45.0;33.8
651;17998864;20.4;41.9;37.7
652;17230348;44.7;32.5;22.8
653;10925994;46.0;22.1;31.8
654;24720245;17.1;54.1;28.8
655;25407372;42.8;16.7;40.5
656;17951134;28.9;30.1;41.0
657;11094330;30.4;31.0;38.6
658;28192445;28.7;28.5;42.8
659;18857738;42.2;26.4;31.4
660;20726185;10.1;71.6;18.2
661;24761966;17.9;45.9;36.2
663;24507629;20.9;48.8;30.2
665;12378406;20.4;39.6;40.0
666;22844482;45.1;12.6;42.4
667;20073516;36.8;29.6;33.7
668;18784128;22.2;41.4;36.4
669;9744267;45.9;23.7;30.4
670;20997217;23.2;43.0;33.9
671;21541994;23.0;51.4;25.5
672;20375189;31.5;34.1;34.4
673;26476343;21.8;43.8;34.4
674;13730805;20.5;49.2;30.3
675;28729363;29.7;13.7;56.6
676;17978936;39.4;28.7;31.9
677;15231684;21.9;36.4;41.7
678;21490155;19.1;51.3;29.6
679;14188779;34.3;26.1;39.5
680;15692634;26.6;34.9;38.6
681;27620764;56.5;11.7;31.7
682;15158108;54.6;14.2;31.2
683;10682009;54.1;20.4;25.5
684;23727190;17.9;38.0;44.1
686;9974821;16.6;53.8;29.6
687;15998027;30.0;26.9;43.2
688;9756375;29.6;30.6;39.9
573;23849157;23.0;43.7;33.2
685;28353804;40.7;23.1;36.2
596;25201502;43.5;26.3;30.2
664;25580572;14.5;54.1;31.4
662;26546957;28.2;40.2;31.6
644;20462289;29.3;29.4;41.3
689;9392582;25.7;33.8;40.5
690;28019175;31.1;42.2;26.7
691;20642934;66.0;8.6;25.4
692;12479474;41.0;19.7;39.3
693;24355006;23.0;43.8;33.1
694;20787824;22.2;41.4;36.4
696;18087872;25.4;38.5;36.1
697;19602290;39.3;21.7;39.0
698;16868952;25.0;27.1;47.9
699;13405335;31.9;39.0;29.0
701;11617006;44.7;32.5;22.8
702;22113973;47.5;17.5;35.0
703;24803870;44.7;32.5;22.8
704;26485489;56.2;14.8;29.0
705;9741553;41.9;25.5;32.6
706;14110898;9.4;54.9;35.8
707;23612942;20.0;43.0;37.1
708;9179876;29.5;26.9;43.5
710;18614386;22.8;36.0;41.2
711;26024060;24.3;41.7;34.0
712;21931455;26.9;38.2;34.9
713;25938815;24.6;40.8;34.6
715;27431892;33.6;26.6;39.8
716;24995077;26.5;34.8;38.6
717;17487728;48.9;18.1;33.0
718;20667591;28.9;26.0;45.1
719;23394329;45.6;21.9;32.5
720;18865436;35.5;30.3;34.2
721;13993169;33.1;35.2;31.7
722;24168180;39.8;23.7;36.5
723;27391015;37.4;12.5;50.1
724;24642160;29.9;37.8;32.3
725;14879082;36.4;26.5;37.1
726;23317738;14.9;54.8;30.3
727;23026517;46.1;24.3;29.7
728;28169895;35.2;36.4;28.4
729;16171645;55.8;14.7;29.5
731;20067232;34.0;32.1;33.9
732;12290093;36.0;20.0;44.0
733;13625943;37.7;27.1;35.2
735;24009715;20.0;37.9;42.1
737;17543958;37.4;12.5;50.1
738;28807721;33.6;39.9;26.5
739;10974904;24.1;36.5;39.4
740;19092028;9.8;50.6;39.6
741;16478810;42.6;22.8;34.6
742;26385974;27.2;37.5;35.3
743;27643530;35.3;18.5;46.2
744;13320804;43.3;21.6;35.1
746;24726976;28.3;34.0;37.7
747;9183410;30.1;51.2;18.7
748;14678811;26.2;36.4;37.5
749;9219272;52.4;14.7;32.8
750;14676119;12.8;58.8;28.4
751;13372544;19.5;43.2;37.2
753;27048141;44.3;21.0;34.7
755;22794767;17.1;30.7;52.2
756;12295534;34.8;20.1;45.1
758;12891545;30.8;21.5;47.7
760;15832622;25.7;36.7;37.6
761;28919261;22.7;38.4;39.0
762;9268072;20.7;50.7;28.6
764;18202994;23.2;38.7;38.1
765;9253354;33.5;28.1;38.4
766;25365483;52.5;18.8;28.8
767;27539279;36.4;23.9;39.8
769;11990619;18.8;33.6;47.6
734;12712795;39.8;15.6;44.6
752;11571583;29.6;37.2;33.2
695;18040925;15.7;53.6;30.7
709;9599355;20.3;36.2;43.4
700;22181645;15.6;53.8;30.6
714;13446715;29.2;28.3;42.5
770;13517347;26.3;41.6;32.1
771;22176701;9.6;45.0;45.4
772;9451873;18.9;44.4;36.7
773;16727307;45.0;23.4;31.6
774;9564775;41.9;23.4;34.7
775;27690975;17.6;54.9;27.5
779;27021667;15.6;54.3;30.1
550;25662332;21.5;49.7;28.7
551;17228795;48.5;28.3;23.2
780;22812124;31.0;30.8;38.2
781;26040077;25.2;44.0;30.8
782;23885932;42.0;10.9;47.1
783;28529843;31.9;31.9;36.2
784;22983006;35.7;15.9;48.4
785;28041769;15.2;57.5;27.3
787;24589683;34.6;39.1;26.3
788;15775605;53.9;16.5;29.6
789;13034191;18.7;46.2;35.2
790;10447246;19.9;44.1;35.9
791;28768549;13.3;56.0;30.8
792;13847238;27.3;34.7;38.1
793;9364121;23.9;47.0;29.1
794;15343561;19.3;51.5;29.1
795;21272033;23.5;37.3;39.2
796;24724447;22.7;34.2;43.0
797;14208766;36.3;34.2;29.5
798;24769107;42.5;23.1;34.4
799;17030703;12.9;58.7;28.5
800;26474429;37.3;14.8;48.0
801;9491744;11.2;63.7;25.2
802;15704029;41.5;15.0;43.6
803;12419342;41.7;19.6;38.7
804;28623362;24.2;35.6;40.2
805;15747271;42.4;29.0;28.7
806;28360457;38.1;29.2;32.7
807;28878722;14.0;52.2;33.9
808;18949728;42.1;27.8;30.1
809;13368078;10.5;51.4;38.1
810;17626441;49.5;19.0;31.6
811;15381666;32.8;30.5;36.8
812;22373917;38.5;29.8;31.7
813;19589606;35.0;34.8;30.1
814;27484526;25.9;30.3;43.8
816;25250000;28.5;36.1;35.4
817;17965001;30.7;33.3;36.0
818;27743484;42.5;23.1;34.4
819;14696508;51.5;11.3;37.3
820;17703379;16.5;48.3;35.3
821;10806267;27.5;44.5;28.0
822;9699787;12.9;51.1;36.0
823;20477657;45.8;17.8;36.4
824;16213779;20.0;36.9;43.1
825;27889857;24.6;48.6;26.8
826;16575767;15.9;46.1;38.0
827;22212286;42.5;23.1;34.4
828;19612871;15.3;46.5;38.2
829;26015713;6.3;64.4;29.3
830;22731959;27.2;36.5;36.3
831;15894687;42.5;23.1;34.4
832;28781767;26.8;38.6;34.6
833;21242672;15.9;47.6;36.6
834;12537675;53.4;16.4;30.2
835;22957222;24.8;39.0;36.2
836;14942749;47.2;26.1;26.7
837;17326193;33.6;25.5;41.0
839;19645137;26.8;32.5;40.7
840;15577878;31.9;22.0;46.1
841;18458854;42.7;32.1;25.2
842;19009957;33.5;29.8;36.7
843;17506700;50.7;17.1;32.2
844;10494251;16.5;59.3;24.2
846;21804999;17.3;49.9;32.8
847;22941904;14.9;48.4;36.7
786;18406939;25.1;50.0;24.9
778;23657750;48.2;15.7;36.1
845;21833286;34.2;25.7;40.1
815;19000686;46.7;18.1;35.2
542;11978077;39.1;21.4;39.5
838;9173234;26.5;35.0;38.5
848;20201380;32.1;23.6;44.3
849;17651615;30.4;33.9;35.7
850;19154103;25.5;25.6;48.9
851;11891110;57.7;10.0;32.3
852;26782349;29.8;26.1;44.1
853;19812664;45.6;25.5;28.9
854;18937785;23.7;35.2;41.1
855;11115824;23.1;45.4;31.5
856;25420056;26.5;28.1;45.5
858;20131502;21.5;44.7;33.8
859;20007471;29.1;27.8;43.1
860;19213882;18.1;42.8;39.2
861;14671999;12.5;60.1;27.3
862;26002221;48.6;15.2;36.2
863;16066772;27.9;41.5;30.6
864;25681827;36.1;38.8;25.1
865;16607704;34.1;18.5;47.5
866;19432973;7.4;68.8;23.8
867;17944247;24.3;34.0;41.7
868;12114961;8.8;47.4;43.8
869;19324941;32.4;31.5;36.1
870;26485944;36.2;19.3;44.5
871;20618389;22.8;35.8;41.4
872;17744161;27.7;28.1;44.2
873;20231175;19.0;38.2;42.8
874;25707824;14.1;43.1;42.8
875;11927562;12.8;54.3;32.9
877;21578378;28.0;34.7;37.4
878;14071056;14.2;38.0;47.9
879;22139030;19.5;37.3;43.2
880;26250199;20.1;42.0;38.0
881;14274718;32.1;38.9;29.0
882;25786179;25.7;41.6;32.7
883;11689721;44.3;23.9;31.8
884;9016258;33.2;27.6;39.2
885;12211319;29.1;31.4;39.6
886;9150660;28.4;28.9;42.7
887;9461441;29.1;26.0;44.9
889;25248469;28.3;37.8;33.8
890;22950283;22.6;52.2;25.1
891;11838562;48.6;11.3;40.1
892;15096248;33.9;28.0;38.1
893;21148701;38.9;28.3;32.8
894;14833539;25.3;44.0;30.6
895;18703611;28.3;34.3;37.4
896;26475262;26.6;37.6;35.8
898;18390773;13.2;60.2;26.6
899;14685205;43.0;18.3;38.7
900;17508862;59.6;13.8;26.6
901;25031041;40.6;23.3;36.1
730;27826983;41.0;20.0;38.9
736;16474598;41.1;16.3;42.7
745;17926945;18.4;32.0;49.5
754;20074081;35.8;29.4;34.8
757;10795519;23.1;38.6;38.3
759;27546491;24.0;41.2;34.8
763;16090768;49.1;15.8;35.1
768;13607075;44.4;18.9;36.8
776;15272595;28.9;30.1;40.9
777;25943671;28.0;25.5;46.5
902;18848671;23.6;43.5;32.9
904;18909732;27.1;42.2;30.7
905;26243098;27.7;29.1;43.1
906;24307710;12.0;62.8;25.2
907;9363587;33.4;28.4;38.2
908;19609510;25.9;33.0;41.1
909;21285706;23.6;46.3;30.1
910;15551330;17.0;49.5;33.4
911;27830970;39.5;18.2;42.4
912;26588295;30.5;23.8;45.7
913;28376483;10.3;58.2;31.5
914;11653671;38.1;20.5;41.4
915;25847581;39.2;21.7;39.1
916;23863670;34.0;14.9;51.1
917;19285180;59.3;12.5;28.2
918;19780406;21.9;41.3;36.8
888;26883401;36.8;22.3;40.9
903;23507943;27.8;32.7;39.5
919;12999256;8.6;55.6;35.8
921;10347579;23.1;43.8;33.1
922;25410468;21.5;54.3;24.2
923;11444486;39.3;22.2;38.4
924;12923757;29.9;33.7;36.4
925;24997079;15.1;47.9;37.0
926;23843014;23.5;34.3;42.2
927;14616305;24.1;32.6;43.3
928;21519847;31.1;16.4;52.6
929;15092818;60.0;11.6;28.5
930;12110221;33.2;17.4;49.4
931;25032008;41.3;22.0;36.7
932;9827104;28.4;35.0;36.6
933;26817836;16.4;54.2;29.4
934;19597213;11.2;53.5;35.4
935;22766306;11.3;52.5;36.2
936;14697690;39.5;21.7;38.8
937;27601764;27.6;32.1;40.3
938;9235661;33.1;40.2;26.7
939;26928859;34.0;27.3;38.7
940;24096558;21.5;54.3;24.2
942;21434752;19.6;44.3;36.2
943;20346238;29.4;39.6;31.0
944;19147758;20.0;41.6;38.4
945;12619789;25.0;34.4;40.6
946;12269929;27.5;34.9;37.6
947;22070914;24.0;37.6;38.5
949;25753822;32.1;38.9;29.0
951;27466997;10.6;61.6;27.8
953;22048649;20.0;47.1;32.9
954;10424388;35.3;26.5;38.2
955;10693825;32.1;22.5;45.5
956;13462190;25.0;34.4;40.6
957;22524083;21.5;54.3;24.2
958;14974851;58.4;9.2;32.4
959;28311364;7.7;60.8;31.6
960;11365441;37.5;32.5;30.1
961;14592560;26.9;27.5;45.6
962;28781144;39.4;22.8;37.8
963;10677334;20.6;43.5;35.9
964;15913862;43.3;28.9;27.8
965;18157026;17.8;42.3;39.8
966;19432799;14.9;54.8;30.3
967;13640105;28.4;35.0;36.6
968;12028744;21.5;54.3;24.2
969;20147788;51.1;22.6;26.3
970;9659666;24.9;38.4;36.7
971;12314808;32.8;20.3;46.9
972;25586703;13.6;46.2;40.2
973;17557250;33.5;28.7;37.8
974;21044299;30.9;46.7;22.5
975;25199503;29.2;22.0;48.8
976;23933180;17.0;54.1;28.9
977;9735814;37.5;18.6;43.9
978;18481545;41.3;26.7;32.0
980;23428083;64.9;9.0;26.1
981;18284033;39.3;19.5;41.2
982;16285665;17.1;46.3;36.6
983;17722771;29.0;40.4;30.7
984;26377904;13.7;51.1;35.2
985;18831804;29.1;43.4;27.5
987;9352363;23.5;34.3;42.2
988;16382686;23.7;44.2;32.1
989;20897433;13.1;41.7;45.2
990;26241719;15.2;51.4;33.4
991;18228031;40.6;36.9;22.6
992;15928153;23.5;48.0;28.5
993;14785995;24.2;28.6;47.2
994;27554440;29.2;42.1;28.8
995;14836942;27.3;36.9;35.8
996;23727943;20.0;40.1;39.9
997;10727821;22.0;48.1;29.9
998;24170334;13.2;57.6;29.2
999;21835128;28.0;28.4;43.6
920;25788200;18.1;46.7;35.2
979;24665837;19.2;37.6;43.1
950;15424189;26.5;23.0;50.6
948;16848340;33.3;22.7;44.0
1000;17730747;17.0;54.1;28.9
1001;27342615;15.2;51.4;33.4
1002;16976692;17.0;50.2;32.7
1003;24238153;20.5;49.2;30.3
1004;12136441;32.2;27.2;40.6
1005;27451617;40.9;34.1;25.0
1007;20071167;26.6;39.9;33.5
1008;14603920;16.6;43.4;40.0
1009;22222877;27.7;29.3;43.0
1010;28856300;33.8;25.4;40.8
1011;17686356;42.1;23.8;34.1
1012;21841815;17.0;54.1;28.9
1013;28807660;23.5;33.4;43.1
1014;28061552;55.6;13.5;30.9
1015;14493313;41.5;24.1;34.4
1017;24884644;35.6;31.6;32.9
1018;9455472;42.4;27.6;29.9
1019;13907508;11.9;52.3;35.8
1020;11028553;23.8;35.1;41.1
1021;27578437;51.1;20.4;28.5
1022;17272550;47.9;13.7;38.4
1023;23087107;32.9;26.8;40.3
1024;11954258;46.5;19.7;33.9
1025;18253555;22.4;36.7;40.9
1026;11100225;23.8;41.9;34.3
1027;17683046;29.1;32.4;38.5
1028;13372199;23.7;46.2;30.1
1029;26450175;40.8;27.2;32.1
1030;13176997;23.3;39.3;37.5
1032;20499274;20.0;49.1;31.0
1033;25022222;14.8;41.9;43.3
1034;16934257;21.9;46.2;31.9
1035;23025835;16.2;51.9;31.9
857;24246890;21.7;41.5;36.8
876;27307805;27.8;23.4;48.8
897;25431913;15.1;59.2;25.7
1037;25151868;45.1;20.6;34.3
1038;14523230;38.2;12.8;49.0
1041;23742445;20.0;48.7;31.3
1042;21594944;21.9;39.2;39.0
1043;22054108;29.7;43.3;26.9
1044;20549813;42.6;26.4;31.0
1049;23594617;26.1;34.5;39.4
1050;28297790;39.0;31.7;29.3
1051;13895619;40.3;21.5;38.2
1052;24714222;35.6;24.6;39.8
1053;22507214;7.3;56.4;36.2
1054;18212623;22.3;44.5;33.2
1055;21029472;27.1;29.2;43.7
1056;22800760;28.2;33.3;38.5
1057;15151427;52.4;11.6;36.1
1058;27683203;23.9;28.1;48.0
1059;26190757;30.2;44.7;25.1
1060;21057387;7.0;59.9;33.1
1061;12627946;5.3;70.9;23.8
1062;19377033;49.2;18.7;32.1
1063;17925950;10.5;53.3;36.2
1064;21813247;40.8;25.6;33.6
1065;17505080;49.7;17.3;33.0
1066;20575884;19.2;44.0;36.8
1067;21385968;6.7;65.4;27.9
1069;25282358;26.5;43.2;30.3
1070;23778640;48.1;10.0;41.9
1071;18852515;25.2;46.9;27.9
1072;16240202;44.3;22.0;33.7
1073;18023341;38.9;19.6;41.5
1074;17855023;26.2;43.1;30.7
1075;10881890;67.1;10.4;22.5
1076;24360117;43.3;10.7;46.0
1077;15162529;20.3;43.0;36.7
1047;24654583;23.8;41.9;34.3
1039;23010650;14.6;50.3;35.1
1040;24949754;28.9;28.5;42.7
1006;13390216;32.6;33.7;33.7
1045;16669936;27.8;26.5;45.7
1016;26782663;39.5;23.8;36.7
1036;24730125;27.5;36.8;35.7
1046;17384582;31.2;28.9;39.9
1078;27494244;31.0;20.2;48.8
1079;20744955;29.3;32.3;38.4
1080;14664981;32.9;29.8;37.4
1081;15735867;35.5;15.6;48.9
1082;12955785;30.0;40.0;30.0
1083;19757281;38.9;21.1;40.0
1084;19774205;67.1;10.4;22.5
1085;23482422;40.3;10.2;49.5
1087;21325201;25.7;39.7;34.6
1088;20778859;16.4;54.3;29.3
1089;26438347;24.2;47.3;28.5
1090;9687631;13.7;40.6;45.7
1091;26766791;24.8;28.8;46.4
1092;20472795;17.1;41.5;41.4
1093;20151894;37.0;34.7;28.3
1094;22846645;35.0;39.0;26.0
1096;15317635;30.1;45.3;24.5
1097;15007503;57.5;8.8;33.7
1098;14293942;31.0;38.1;30.9
1099;11551325;38.7;28.9;32.4
1100;28910422;31.7;38.7;29.6
1101;19262676;37.9;17.9;44.2
1103;27380946;39.4;30.3;30.3
1104;26618085;24.6;38.9;36.5
1105;22020652;40.5;36.1;23.4
1106;11990344;25.0;29.4;45.6
1107;11569980;15.0;54.6;30.4
1108;21705541;50.9;26.0;23.2
1109;20215077;24.3;43.3;32.3
1110;20381733;20.3;47.7;32.1
1111;15017847;35.0;21.6;43.4
1112;25637269;17.3;58.4;24.3
1114;23816446;11.8;53.1;35.1
1115;12920912;28.0;35.9;36.1
1116;17007779;15.3;43.7;41.0
1117;23807816;29.6;32.3;38.2
1118;17375279;39.0;24.5;36.5
1119;11867165;29.3;42.6;28.2
1120;20402847;27.9;25.0;47.1
1121;27708815;30.3;41.3;28.3
1122;15865049;16.5;47.0;36.5
1123;26582456;64.4;8.9;26.6
1124;22667511;17.6;44.2;38.2
1125;15518403;32.8;22.0;45.2
1126;25170225;29.5;27.3;43.3
1127;16547661;25.5;35.4;39.1
1128;17603007;57.6;16.4;26.1
1129;22414434;29.6;37.3;33.1
1130;25989433;43.9;16.5;39.6
1131;13672552;15.4;55.6;29.1
1133;22545383;27.2;31.1;41.7
1134;13916950;31.8;30.6;37.6
1135;18213590;51.2;18.3;30.4
1137;10377688;58.0;15.3;26.7
1139;9435463;22.9;44.2;32.9
1140;21468557;36.7;27.5;35.8
1141;18702800;27.3;38.3;34.4
1143;13079319;33.6;26.3;40.1
1144;18396620;32.0;38.1;29.9
1145;12422632;10.3;65.6;24.2
1146;16600362;15.3;48.0;36.7
1147;11073407;8.8;69.0;22.2
1148;16572971;11.7;56.0;32.3
1149;27173957;24.6;39.5;35.9
1150;9871434;22.3;39.6;38.1
1151;17834572;37.8;32.7;29.5
1152;12138085;36.2;12.0;51.8
1153;14988345;19.8;44.8;35.4
1154;12333410;22.5;46.0;31.5
1155;15061819;16.5;59.1;24.4
1156;26611958;38.3;35.7;26.0
1157;16513563;29.6;24.5;45.9
1158;15023111;40.2;25.0;34.8
1086;13301272;49.3;19.3;31.4
1113;17216914;39.1;10.1;50.7
1132;20849794;26.4;35.0;38.6
1102;10483694;26.9;25.8;47.3
1136;23186084;41.9;16.7;41.4
1142;26990294;31.5;27.2;41.3
1159;26346609;48.3;28.1;23.7
1160;12414039;15.1;53.3;31.6
1161;9972596;17.8;45.8;36.3
1162;20982445;20.8;48.4;30.8
1166;18850796;45.6;14.4;40.0
1167;19995973;30.4;33.2;36.4
1168;22096297;37.5;36.7;25.8
1170;20994237;22.3;46.4;31.2
1171;14576544;57.8;11.2;31.0
1172;26546539;48.7;23.9;27.3
1173;26337903;44.2;20.0;35.8
1174;14296613;18.0;51.4;30.7
1175;11807691;34.0;7.3;58.6
1031;9908455;43.8;31.0;25.2
1180;24582143;14.9;54.8;30.3
1181;14413265;20.4;40.5;39.1
1188;18815884;13.8;54.2;32.0
1192;23281657;30.4;43.9;25.8
1193;26727692;43.8;12.0;44.1
1196;20394013;22.0;49.3;28.7
1198;11348355;26.1;31.4;42.5
1208;28720628;4.3;69.0;26.7
1210;25255117;26.2;31.4;42.4
1211;11922680;23.3;43.0;33.7
1212;22037790;49.1;15.3;35.7
1216;22720271;55.0;12.2;32.8
1217;12802206;25.0;35.3;39.7
1218;15327415;17.5;43.2;39.4
1219;27182079;21.9;53.8;24.3
1221;21235744;39.9;19.0;41.1
1226;19856580;44.9;20.7;34.4
1231;23020079;28.3;34.0;37.7
1236;16595717;12.6;56.1;31.3
1178;16085616;17.3;58.4;24.3
1225;19082697;32.6;13.9;53.4
1183;25180172;24.7;32.3;43.0
1201;19279646;36.1;22.9;40.9
1164;9127673;22.1;45.2;32.7
1237;24674177;15.7;39.6;44.7
1165;13206970;29.6;25.3;45.1
1176;23707881;24.4;38.6;37.0
1163;28776408;29.5;28.8;41.6
1169;21354300;55.4;15.2;29.4
1207;9204812;35.8;24.5;39.7
1182;12931657;37.4;19.6;43.0
1239;20660929;30.5;27.0;42.5
1240;26799462;28.6;26.5;44.9
1048;15408635;52.1;15.6;32.2
1068;17192113;17.9;51.7;30.4
1095;13843258;37.7;24.1;38.2
1242;11143594;19.9;38.6;41.6
1243;11738288;57.4;11.6;31.0
1244;27197338;32.0;29.1;38.8
1245;22100566;20.4;34.4;45.2
1246;24574842;41.8;22.6;35.6
1247;28402495;13.7;48.2;38.2
1248;13254490;16.5;59.3;24.2
1249;14766972;31.9;40.2;27.9
1250;18394886;17.3;58.4;24.3
1251;28554028;52.6;19.7;27.6
1253;26784429;7.2;56.7;36.0
1254;25578938;13.4;50.1;36.5
1255;15174488;15.0;48.0;37.0
1256;21934734;20.3;54.9;24.7
1257;9936726;7.1;69.7;23.2
1258;10629991;41.8;22.6;35.6
1259;16334399;20.2;49.5;30.3
1260;9879120;40.6;23.6;35.8
1261;28018553;32.1;42.4;25.5
1262;22136194;51.2;13.8;35.1
1263;25009194;20.1;46.4;33.6
1264;14263424;17.4;57.1;25.6
1265;22182924;14.1;55.5;30.4
1266;23826954;35.8;22.5;41.7
1268;18029943;49.2;18.7;32.1
1269;22605230;13.6;54.2;32.3
1270;19900885;23.4;39.4;37.2
1271;9978084;57.7;8.7;33.6
1179;27332390;28.7;31.9;39.4
1184;12578610;36.5;26.5;37.0
1185;19810876;15.8;56.2;28.0
1186;19646009;26.2;39.9;33.9
1187;24089085;48.9;27.3;23.8
1189;13078866;16.5;59.3;24.2
1190;13094239;14.2;59.8;26.0
1191;17718039;42.7;17.5;39.9
1194;25124185;20.4;43.6;36.1
1195;11059855;24.4;43.2;32.4
1197;16795691;29.0;35.4;35.6
1200;12665463;49.5;18.7;31.8
1202;26459562;31.0;26.1;42.9
1203;12286082;33.9;28.5;37.6
1204;24431310;49.5;19.5;31.0
1205;12355207;49.5;19.5;31.0
1206;28599563;21.5;47.3;31.2
1209;22619281;41.8;23.1;35.0
1213;17851712;43.3;17.8;38.8
1215;25065900;49.2;18.7;32.1
1220;10694080;50.1;18.9;31.1
1222;9033965;18.1;52.0;29.9
1223;17276513;24.3;35.1;40.6
1224;20444625;21.5;35.7;42.8
1227;24229275;17.8;46.9;35.3
1230;27757896;46.1;21.9;32.0
1232;24121728;49.1;20.3;30.6
1233;26863338;35.5;34.9;29.6
1235;23870619;13.4;57.4;29.2
1238;21607600;37.8;38.8;23.4
1241;12553792;41.5;22.1;36.4
1272;15179494;60.7;8.4;30.9
1273;15051751;38.3;20.4;41.3
1274;16816516;37.7;31.0;31.3
1275;10024222;9.7;56.0;34.3
1276;17680906;8.0;62.2;29.9
1278;15727584;22.6;52.2;25.1
1279;23444330;36.4;33.8;29.7
1177;28912057;16.2;42.8;41.1
1277;20827312;41.2;21.4;37.4
1267;10072827;15.0;49.7;35.2
1228;17457761;20.8;30.3;48.9
1234;9744225;27.6;28.6;43.8
1229;18386804;35.9;22.9;41.2
1281;21242705;30.2;51.5;18.3
1282;20600620;30.1;49.9;20.0
1283;22656832;33.5;23.8;42.7
1284;27712447;24.0;30.8;45.2
1285;13362391;15.8;53.0;31.2
1286;23202428;13.8;48.2;38.0
1287;22954561;35.6;24.2;40.3
1289;16593629;25.4;38.4;36.2
1290;20817311;33.7;36.1;30.2
1291;15340873;24.6;33.8;41.6
1292;11324170;18.0;35.5;46.5
1294;11364741;19.1;42.0;38.9
1295;25648815;18.3;42.9;38.8
1296;26407355;43.6;28.5;28.0
1297;12138258;40.0;32.0;28.0
1298;25780772;21.4;46.0;32.6
1299;25357996;24.4;39.7;35.9
1300;11560320;14.4;37.7;48.0
1301;27390608;49.2;18.7;32.1
1303;27022121;26.2;46.3;27.6
1304;27789085;18.2;40.9;40.9
1305;23812445;31.8;38.0;30.3
1306;12069263;46.8;25.3;27.9
1307;28099862;23.9;47.1;29.0
1308;19245087;50.3;16.2;33.5
1309;14573026;34.7;17.5;47.8
1310;21777904;15.5;53.0;31.6
1311;22709988;37.9;17.7;44.3
1312;24606152;36.7;13.7;49.6
1313;28893690;41.3;29.0;29.8
1314;12014834;32.9;41.6;25.5
1315;13218060;28.5;34.7;36.8
1316;16447807;60.6;9.8;29.5
1317;19467489;21.8;42.1;36.1
1319;23703975;43.3;23.9;32.7
1320;16525612;40.5;21.9;37.6
1321;17476315;13.4;58.2;28.5
1322;12260842;46.7;23.8;29.6
1324;23631295;39.5;18.2;42.4
1325;15119422;45.3;22.3;32.4
1326;9999174;31.4;29.4;39.2
1327;22681605;44.5;18.6;36.9
1328;12341212;37.9;33.3;28.8
1329;20926687;41.7;29.9;28.4
1330;17985651;20.7;43.5;35.8
1331;24770202;35.1;34.6;30.3
1332;27273544;18.6;43.2;38.2
1333;28756956;49.5;22.4;28.1
1334;22135741;19.2;48.5;32.3
1337;15778054;14.9;56.1;29.0
1338;18458351;41.5;25.6;32.9
1339;21704375;18.9;47.6;33.5
1340;19204824;46.8;25.3;27.9
1341;10456673;7.4;68.8;23.8
1342;23853291;26.7;28.3;45.0
1344;9898131;34.3;34.8;31.0
1345;14529748;7.5;65.9;26.6
1346;21665987;36.5;17.8;45.7
1347;11993638;30.9;33.2;35.9
1348;12980311;21.7;40.3;38.0
1349;24298599;25.2;46.9;27.9
1350;27422781;18.2;40.2;41.6
1352;27016765;24.7;41.5;33.8
1353;19298439;28.6;42.8;28.6
1354;24280529;19.2;46.5;34.2
1355;10343097;23.8;42.9;33.3
1356;9832383;58.6;11.9;29.5
1358;23838661;25.2;42.5;32.3
1359;27871495;29.7;42.7;27.6
1360;28867351;31.7;18.0;50.3
1293;25226279;50.1;18.9;31.0
1280;28914347;27.0;28.4;44.6
1323;9233241;22.3;30.4;47.3
1343;15302377;35.3;18.5;46.2
1351;19725363;16.4;53.2;30.3
1288;13904075;16.1;46.6;37.3
1318;28455289;27.4;40.7;31.9
1361;10414638;41.2;23.5;35.3
1362;22061792;26.2;35.3;38.5
1363;16603596;24.0;31.1;44.9
1364;9232958;23.3;32.9;43.8
1365;10313391;27.5;39.8;32.7
1366;17055158;33.8;25.9;40.3
1367;18699433;16.6;47.1;36.4
1368;12078860;16.5;43.1;40.4
1369;20785416;58.6;11.9;29.5
1371;25027019;6.7;75.6;17.6
1372;20095243;23.1;43.3;33.6
1373;22494956;36.8;28.6;34.6
1375;24300239;21.8;41.2;37.1
1376;16900805;39.9;11.8;48.3
1377;28300523;26.1;30.3;43.5
1378;11676536;34.8;35.4;29.7
1379;11175392;52.5;17.7;29.8
1380;28194021;59.7;8.7;31.6
1382;28133500;28.2;41.5;30.3
1383;22185859;31.0;30.5;38.5
1384;16874963;32.7;26.5;40.8
1385;21679634;32.4;32.2;35.4
1387;18767813;13.3;62.2;24.5
1388;24974499;11.9;53.1;35.1
1389;24122641;23.3;32.9;43.8
1390;11901652;33.3;17.2;49.5
1391;23328641;16.1;42.8;41.1
1392;19578569;18.4;53.6;28.0
1393;19138752;25.2;50.7;24.1
1394;9709426;29.8;42.1;28.1
1395;20046166;27.9;47.6;24.5
1397;28772062;31.5;27.0;41.5
1398;19001035;38.5;30.0;31.5
1399;15041678;28.7;17.9;53.4
1400;28486105;15.6;54.3;30.1
1401;10615882;28.6;43.4;28.0
1402;12308298;17.8;49.8;32.4
1403;18979805;63.3;8.5;28.2
1404;20720322;46.5;22.5;31.0
1405;15829903;16.3;50.7;33.0
1252;13832564;48.8;20.4;30.8
1199;28317061;16.8;52.7;30.5
1214;13035798;17.9;48.4;33.7
1406;13890771;29.7;23.4;46.8
1407;26390162;51.8;14.9;33.3
1408;25597703;12.1;56.4;31.4
1410;27310247;13.3;50.4;36.3
1411;17492226;57.8;10.1;32.1
1413;9638042;37.0;40.3;22.8
1415;22914513;44.1;20.9;35.0
1416;12455088;12.4;54.6;33.1
1417;28572989;30.0;33.8;36.2
1423;18856070;2.9;58.9;38.3
1425;26193809;14.8;52.4;32.8
1427;27675779;13.3;63.5;23.1
1428;14274303;28.9;25.9;45.2
1429;11680920;43.0;28.7;28.3
1432;21050993;34.0;23.1;42.9
1433;15353178;25.3;44.0;30.6
1436;19421979;40.6;13.7;45.7
1437;16792371;32.7;18.4;49.0
1438;17654329;28.9;31.0;40.1
1370;23874650;9.0;53.8;37.2
1381;9352768;14.3;55.1;30.6
1430;15016522;9.0;48.3;42.7
1435;16320843;29.5;34.8;35.8
1434;21482615;33.3;29.0;37.7
1421;28170426;17.1;44.2;38.6
1420;25464850;15.1;55.2;29.7
1422;28293686;37.5;12.4;50.1
1414;26403481;30.9;23.0;46.1
1412;21574080;25.3;36.1;38.7
1418;22372420;18.2;59.9;21.9
1426;19718920;17.7;48.6;33.8
1374;22341096;27.6;32.8;39.7
1439;24212677;50.1;15.8;34.1
1441;21435888;50.4;18.2;31.4
1443;21340678;30.1;35.7;34.1
1445;14662170;49.3;13.5;37.2
1447;18058842;44.1;26.8;29.1
1449;25586889;44.2;25.5;30.3
1450;26000835;38.9;21.5;39.6
1455;17422426;17.5;44.2;38.3
1460;13401006;40.8;21.0;38.2
1461;11742296;22.2;35.1;42.7
1464;28554947;19.1;44.1;36.8
1470;16024321;25.3;37.8;36.9
1473;28477387;15.7;46.1;38.2
1476;13157706;38.5;27.8;33.7
1477;26566557;46.8;25.3;27.9
1478;25204112;54.5;16.6;28.8
1481;24017919;38.2;23.5;38.3
1482;18474378;31.3;27.2;41.5
1488;22626115;48.4;18.6;33.0
1491;26382221;31.1;25.1;43.8
1492;28723602;24.7;33.2;42.2
1505;28254739;47.9;11.7;40.4
1506;16993214;22.6;39.9;37.5
1509;14388324;34.4;21.9;43.7
1511;20264311;14.2;39.7;46.1
1513;26472400;30.6;28.7;40.7
1514;13585931;32.3;37.4;30.4
1508;25381053;35.4;29.6;35.0
1510;20266999;10.5;68.8;20.7
1444;26906846;35.9;28.4;35.8
1466;12834354;47.8;21.9;30.4
1471;12207052;34.7;36.9;28.3
1499;19266324;34.8;24.0;41.2
1446;17928534;40.4;22.9;36.6
1440;22831466;20.0;42.1;37.9
1457;18085454;26.1;21.2;52.6
1458;9110250;39.3;22.2;38.4
1452;21658779;24.7;31.8;43.5
1465;20623562;11.5;44.4;44.1
1480;15549565;34.7;26.1;39.1
1486;20122282;39.8;27.1;33.0
1512;20632184;34.6;36.4;29.0
1495;20242718;26.4;32.4;41.3
1518;23316905;10.6;60.2;29.2
1469;22160934;31.9;32.0;36.1
1494;18300976;22.6;34.2;43.2
1498;25841850;30.6;26.4;43.0
1483;16097510;24.8;40.2;35.1
1484;24938857;41.1;17.8;41.1
1485;24349931;32.3;17.4;50.4
1442;22171243;37.2;13.1;49.7
1516;22828437;13.2;60.2;26.6
1453;10243406;44.5;18.5;37.0
1463;25289711;17.6;55.2;27.3
1472;12302541;44.3;22.4;33.3
1503;16544837;27.3;40.6;32.0
1490;16818716;44.4;13.1;42.5
1496;14662643;39.1;24.1;36.8
1448;22707350;43.6;22.4;34.0
1459;28442963;11.3;46.7;42.0
1475;25567869;39.1;26.4;34.5
1497;23899740;33.4;27.2;39.4
1500;11835648;41.2;28.4;30.4
1487;13316946;26.0;35.7;38.3
1501;24894413;13.4;37.6;49.0
1454;10529395;26.0;35.7;38.3
1502;14142830;36.3;24.7;38.9
1451;15062709;36.1;25.2;38.6
1474;23876501;17.2;48.7;34.1
1521;14358037;22.2;31.5;46.3
1526;9886275;30.6;27.0;42.4
1527;12300652;46.8;25.3;27.9
1534;18692593;7.6;68.9;23.5
1538;26906094;48.4;18.6;33.0
1540;25484019;12.7;59.6;27.7
1544;28526920;44.1;13.9;42.0
1545;22006065;37.1;36.1;26.7
1552;21391561;23.9;48.5;27.6
1558;28279988;46.5;23.2;30.4
1567;22458082;50.0;20.6;29.4
1568;16425166;42.2;31.4;26.5
1578;26280030;36.5;33.7;29.8
1581;28660583;20.4;38.7;40.9
1584;14990898;28.7;31.0;40.3
1588;20526050;12.3;56.4;31.3
1591;17221482;46.9;19.0;34.0
1599;24917765;33.2;24.5;42.3
1547;15773300;49.2;18.7;32.1
1576;28305513;30.0;24.8;45.2
1549;20235198;19.8;53.8;26.5
1522;15006260;60.1;9.7;30.2
1539;24014235;45.6;14.4;40.0
1583;20138464;9.6;65.0;25.4
1537;12150486;31.6;24.9;43.5
1565;15147976;36.9;34.6;28.5
1520;15311268;20.5;33.7;45.8
1582;14575500;43.9;34.3;21.9
1528;25649498;35.4;33.5;31.1
1536;11070532;32.1;23.6;44.3
1546;19533866;21.8;53.8;24.4
1551;20905394;39.6;33.8;26.6
1553;19605540;27.7;35.5;36.8
1573;23632425;27.7;35.5;36.8
1595;27598289;28.0;41.9;30.0
1548;14791147;24.0;36.9;39.1
1556;18637701;36.8;27.7;35.5
1592;15940382;46.3;19.3;34.4
1564;23288524;31.6;21.8;46.6
1530;22846904;18.8;37.9;43.3
1566;20147585;30.3;27.0;42.7
1579;24483365;32.9;25.9;41.2
1541;26270824;23.0;36.9;40.1
1550;28310564;16.4;50.7;33.0
1561;9561907;15.3;52.5;32.2
1570;25755455;13.8;46.2;40.0
1574;14763170;19.4;43.2;37.4
1590;21843236;23.4;33.4;43.2
1542;19269086;34.8;23.1;42.1
1533;18802546;39.7;12.5;47.9
1525;26803661;34.1;21.1;44.8
1577;13980824;28.7;30.0;41.4
1529;24369299;27.5;29.6;43.0
1532;17520493;20.5;30.8;48.7
1571;28433037;21.0;36.1;42.9
1535;18174585;19.7;44.4;35.9
1602;21456058;14.6;60.6;24.8
1493;21783272;23.9;28.2;47.9
1515;18019542;35.0;17.2;47.8
1517;18110046;33.3;21.6;45.1
1523;15044406;44.2;20.0;35.9
1605;12690118;34.0;27.8;38.2
1609;18726408;25.7;32.9;41.4
1610;11434679;45.5;27.3;27.2
1612;25674534;43.9;19.4;36.7
1613;14209402;24.8;39.3;35.9
1614;25894703;36.6;21.1;42.3
1615;19094534;35.3;28.6;36.0
1618;15061454;16.3;63.7;20.0
1619;16224858;29.7;33.1;37.2
1630;19172205;40.7;30.9;28.4
1631;25092913;36.1;17.6;46.3
1638;22973744;23.2;48.9;27.9
1641;9941989;26.4;34.7;39.0
1557;19833012;44.0;25.0;31.0
1562;24696926;30.5;34.4;35.1
1572;19742737;8.8;62.6;28.7
1585;23268154;40.8;32.3;27.0
1589;23568257;25.3;43.4;31.3
1594;25411568;25.0;35.0;40.0
1600;15329680;22.5;45.8;31.7
1601;17378803;28.8;37.1;34.1
1479;26742664;14.1;45.9;40.0
1647;11844917;50.0;18.5;31.5
1648;20401460;50.4;22.4;27.2
1606;12755276;34.9;18.9;46.2
1642;16266253;27.3;36.4;36.4
1604;10174617;15.7;48.1;36.2
1635;23777551;34.0;16.6;49.4
1616;21794153;24.3;34.2;41.5
1575;20132080;27.1;28.2;44.7
1626;19693928;39.4;15.6;45.0
1629;19101931;37.0;20.2;42.7
1598;25787249;17.5;47.2;35.3
1555;16856212;7.7;63.4;28.9
1554;24483174;47.3;21.7;31.0
1611;16401760;30.0;29.2;40.8
1622;22723563;43.9;23.6;32.4
1627;24793919;25.8;30.9;43.3
1519;27423214;25.1;26.2;48.7
1531;28808402;51.2;19.8;29.0
1489;24710882;30.5;35.0;34.5
1504;11244560;38.1;26.8;35.1
1593;21541177;17.7;43.7;38.6
1603;22424361;22.0;43.8;34.2
1560;18470201;35.6;24.6;39.8
1617;20478482;24.6;40.8;34.5
1624;19650705;24.5;44.9;30.6
1633;14128391;28.7;45.7;25.6
1580;26451650;35.5;27.6;36.9
1586;9347668;25.0;40.5;34.4
1596;24379905;36.6;28.0;35.4
1620;18458164;40.6;24.6;34.7
1621;14744272;18.4;48.3;33.3
1623;18650021;7.2;63.0;29.8
1632;27787367;25.0;48.6;26.4
1634;13489691;25.4;26.1;48.6
1637;14543413;28.0;33.7;38.3
1640;21204268;33.3;22.2;44.4
1646;16488964;21.3;25.4;53.3
1645;12305732;40.6;23.6;35.8
1569;12617333;19.8;39.0;41.2
1587;19075193;32.3;29.7;38.0
1543;20169416;22.1;41.6;36.3
1649;14571739;56.5;14.4;29.1
1651;22262083;34.1;34.1;31.8
1652;9047323;47.9;27.0;25.1
1653;22706377;33.3;37.0;29.7
1654;16913942;25.8;47.7;26.5
1655;27124618;40.6;34.3;25.2
1656;25827473;12.8;49.8;37.4
1657;19938349;37.6;35.1;27.3
1658;13431015;49.9;29.4;20.7
1660;11096220;48.0;23.7;28.2
1662;11300498;43.9;25.4;30.7
1663;22906015;36.4;30.8;32.8
1664;28837883;46.0;23.7;30.3
1665;14137492;49.2;18.7;32.1
1666;25217603;34.2;32.8;33.1
1667;25792975;44.1;31.2;24.8
1668;15859258;47.4;19.8;32.8
1669;13403392;33.6;45.3;21.1
1670;9777731;33.3;38.6;28.1
1672;25995093;27.1;43.5;29.4
1673;25140517;38.7;32.4;28.9
1674;10477120;51.7;20.6;27.7
1675;14145928;44.9;25.7;29.4
1676;23082753;30.3;46.6;23.2
1677;20989857;34.6;39.1;26.3
1678;12266704;33.8;41.1;25.1
1679;11355841;35.5;34.9;29.6
1680;13089835;34.9;36.5;28.7
1681;19750211;44.5;30.6;24.9
1682;20202822;38.2;31.8;30.0
1683;16143109;41.9;24.6;33.5
1684;24735873;44.4;23.6;32.0
1685;11085138;28.2;43.7;28.1
1686;13777710;48.4;18.1;33.5
1409;15203812;26.8;50.3;22.8
1559;28246415;47.6;13.4;39.1
1431;18696754;50.7;12.0;37.4
1507;14020843;13.7;66.7;19.6
1524;22433794;47.0;21.1;31.9
1597;24887182;30.3;33.2;36.5
1692;10117391;54.0;16.6;29.5
1693;10373771;45.2;27.3;27.5
1698;15358528;20.1;41.8;38.1
1703;18070059;19.6;43.3;37.1
1708;21380229;10.7;61.4;27.9
1710;24149814;30.1;30.5;39.4
1688;20268594;21.1;26.5;52.4
1696;27111169;26.0;29.9;44.1
1702;16100678;17.1;49.2;33.7
1650;20299440;34.8;41.6;23.6
1607;21055315;42.5;23.1;34.4
1608;19096881;20.5;48.6;30.9
1563;13162852;39.1;39.2;21.7
1659;21282166;31.3;41.4;27.3
1661;26535970;25.8;33.8;40.4
1625;18717532;18.5;50.5;31.0
1628;19083876;40.9;24.4;34.7
1671;23729981;13.6;55.4;30.9
1636;12475352;51.1;22.4;26.5
1639;28148547;52.9;17.4;29.7
1643;10748241;35.1;39.0;25.9
1644;25845616;53.9;17.6;28.5
1722;11818182;18.2;54.6;27.2
1723;11995332;4.9;72.2;22.9
1725;28991053;22.7;42.6;34.7
307;15513818;10.9;66.0;23.1
335;21489825;22.9;36.9;40.2
1727;27521965;50.0;19.7;30.3
1728;22664392;16.4;39.5;44.2
1733;18428485;33.3;24.6;42.2
1734;22373560;28.5;36.1;35.4
1735;12725551;25.3;37.4;37.4
1687;10873633;26.6;29.3;44.1
1689;9538973;17.5;53.1;29.4
1695;17978122;21.0;45.4;33.6
639;20959718;31.3;39.4;29.3
641;10327417;44.7;21.1;34.2
1697;18393648;28.3;34.0;37.7
1699;25260843;36.3;26.2;37.5
1700;22076154;18.7;46.4;34.9
1701;26364579;31.3;29.8;38.9
1704;28886401;13.0;51.0;36.0
1705;20779776;16.2;47.2;36.7
1736;27992579;29.7;37.0;33.4
1737;11453060;20.7;34.6;44.7
1738;20154380;14.9;58.4;26.7
1739;16052926;13.2;57.6;29.2
1740;18364882;10.4;54.6;35.0
1741;13138053;40.6;23.6;35.8
1742;24137889;17.5;43.2;39.4
1743;12612532;36.6;33.3;30.1
1729;21086294;34.8;24.0;41.2
1690;16180839;44.0;26.8;29.1
1691;17509273;25.3;43.0;31.7
1694;9981711;28.3;35.3;36.4
1731;25586763;24.2;29.6;46.1
1732;25707738;25.9;31.9;42.2
1467;10798800;32.8;23.5;43.7
375;11578890;44.3;21.5;34.2
1718;19643006;31.8;29.2;38.9
1456;21934747;23.2;41.4;35.5
1706;22006287;18.5;41.5;40.0
1707;19937905;36.3;26.2;37.5
1709;27928809;13.3;51.1;35.6
1711;11841532;21.4;41.9;36.7
1712;9944796;22.5;43.9;33.6
1713;23470506;11.4;52.9;35.8
1714;13331591;15.3;46.5;38.2
1715;17771615;46.0;24.8;29.2
1716;15774240;15.8;52.9;31.2
1717;25957087;38.4;24.5;37.0
1730;20023343;60.4;12.5;27.1
396;16363289;42.7;22.9;34.4
1462;27370570;22.9;29.4;47.7
1721;26811511;19.5;39.4;41.1
1468;12663221;20.0;42.1;37.9
1751;15186416;9.2;56.2;34.6
1753;17734048;44.0;26.8;29.1
1755;11570183;14.4;39.3;46.4
1756;18162093;50.3;20.4;29.3
1757;18054619;21.0;39.4;39.7
1761;19154676;18.4;43.7;37.9
1719;18530172;18.5;43.1;38.4
1720;10244212;17.7;45.0;37.3
1724;9931745;15.3;48.0;36.8
1726;20492231;34.7;26.2;39.1
1772;22565594;29.4;27.5;43.2
1745;17141507;69.0;4.7;26.3
1752;27194499;69.0;4.7;26.3
1760;15498912;69.0;4.7;26.3
1764;23068468;69.0;4.7;26.3
1766;10173173;24.2;33.4;42.4
1767;11048528;25.5;28.4;46.1
1768;26088437;69.0;4.7;26.3
1744;17496074;50.9;20.1;29.0
1746;12290876;23.6;37.4;39.0
1747;18701078;34.5;27.6;37.9
1748;14090077;27.9;36.6;35.5
1749;22023616;6.3;68.5;25.2
1750;19278005;13.7;51.7;34.6
1754;15499230;25.1;27.6;47.3
1759;13712537;21.5;40.6;37.9
1758;16118845;10.8;56.8;32.4
1762;12377326;14.6;42.7;42.7
1763;18335938;30.6;34.3;35.1
1765;20572628;11.8;54.6;33.6
1769;19728173;55.2;18.2;26.6
1770;18143892;43.2;18.8;38.0
1771;20771005;55.4;12.1;32.4
1841;28683425;46.5;20.0;33.6
1831;20678587;41.2;26.6;32.2
1838;22699478;55.5;13.1;31.3
1845;26369417;37.9;26.1;36.1
1846;23532024;27.1;39.7;33.2
1849;23187652;39.6;30.5;30.0
1773;11928243;42.7;22.4;34.9
1774;27505317;38.9;18.7;42.3
1775;16773368;40.1;24.8;35.0
1776;12348086;50.4;19.7;29.9
1777;26820883;38.9;31.6;29.5
1778;26140931;58.9;13.1;28.1
1779;13074006;34.5;33.0;32.5
1780;22659275;31.3;29.7;39.0
1781;24690796;34.5;31.7;33.8
1782;25127779;34.5;27.2;38.3
1783;16096619;24.6;27.7;47.8
1784;15933651;22.2;39.6;38.2
1785;26115372;47.3;17.0;35.8
1786;16140243;49.7;15.6;34.7
1787;9080098;40.9;22.0;37.1
1788;9834045;60.8;11.2;28.1
1857;17595297;59.7;13.6;26.7
1868;22783972;43.8;23.4;32.8
1869;18815966;31.1;34.2;34.8
1871;14412825;47.6;20.3;32.1
1873;19235182;48.8;25.2;26.0
1874;20602871;45.9;23.7;30.4
1880;17237203;45.9;23.9;30.2
1884;27703161;32.4;35.9;31.8
1885;15630257;22.0;37.1;40.8
1888;15811861;34.7;36.8;28.5
1900;27579482;16.3;63.7;20.0
1901;12653508;33.3;40.9;25.7
1902;28696510;23.7;46.2;30.1
1903;27886758;39.3;37.2;23.5
1904;18975796;58.4;9.2;32.4
1905;18616969;50.4;22.7;26.8
1906;18964532;42.7;26.9;30.4
1907;13620948;39.8;32.0;28.1
1908;15464053;45.7;20.1;34.2
1909;23387329;29.9;45.4;24.7
1910;28960017;32.8;44.8;22.4
1911;23715655;39.0;31.6;29.3
1912;28720153;17.2;50.1;32.6
1913;18469932;30.2;49.2;20.6
1914;24516941;37.0;27.9;35.1
1915;14806048;53.5;16.7;29.8
1916;24935861;48.0;19.6;32.4
1917;22738199;40.4;33.0;26.6
1918;11860602;36.1;35.0;28.9
1919;27911910;42.0;28.3;29.7
1922;21813295;33.7;36.7;29.6
1923;20271199;28.5;45.8;25.7
1924;25446518;47.1;19.8;33.1
1842;20711339;38.1;30.4;31.5
1855;13220834;49.3;14.2;36.5
1860;20896783;28.2;38.8;33.0
1864;21382652;23.6;37.4;39.0
1875;13868957;28.4;38.4;33.3
1882;13052955;40.7;24.0;35.3
1887;11807062;36.4;25.7;37.8
1890;18760824;32.1;29.4;38.6
1893;24065411;25.9;44.2;29.9
1832;23390820;35.0;38.8;26.2
1833;13415885;35.4;32.0;32.5
1834;19280679;49.6;24.0;26.4
1835;10750624;45.4;25.3;29.4
1836;9813523;53.9;16.3;29.8
1837;10172561;31.1;43.2;25.8
1839;16290932;33.4;42.4;24.2
1840;25991711;34.4;38.3;27.4
1920;13557660;36.5;36.4;27.1
1921;26085339;26.0;48.0;26.0
1881;12087522;37.5;33.3;29.2
1883;22941059;45.9;29.1;25.0
1891;16252830;28.0;49.0;23.0
1896;18307064;27.0;45.6;27.4
1926;15228906;48.3;20.9;30.8
1927;28126126;48.1;18.3;33.5
1929;13680084;33.6;44.8;21.7
1930;16734459;47.4;20.2;32.4
1932;9352969;50.1;24.2;25.7
1933;22245720;57.8;12.3;29.9
1937;13092186;40.8;34.2;25.0
1938;13937866;51.8;20.7;27.4
1939;16326751;55.6;10.1;34.3
1940;19461518;34.2;42.2;23.6
1942;10631177;34.2;35.6;30.2
1944;23481033;28.3;47.2;24.5
1945;17709758;12.3;57.1;30.6
1946;15586133;39.8;38.3;21.9
1952;14254748;47.5;20.6;31.8
1953;13872155;47.7;16.8;35.4
1954;10084946;59.3;12.8;27.9
1955;15848125;33.8;41.6;24.6
1957;25032621;29.9;36.8;33.3
1958;23525303;30.9;33.6;35.5
1959;20172770;51.3;19.0;29.7
1960;27571583;30.4;47.1;22.6
1961;16829149;44.0;29.1;26.9
1962;26793541;40.5;35.1;24.3
1964;23491458;35.4;33.5;31.1
1965;15974299;28.8;35.9;35.3
1967;10635470;47.4;29.2;23.5
1968;23984001;49.4;19.4;31.2
1969;28657627;17.5;51.0;31.5
1843;21894486;42.1;35.5;22.4
1844;25288987;40.0;36.5;23.5
1847;10553987;43.2;24.5;32.3
1848;10160696;36.1;35.2;28.6
1850;13234415;45.3;32.4;22.3
1851;25950124;49.1;20.1;30.8
1852;27216567;30.4;43.6;26.1
1853;13294560;35.4;36.2;28.4
1854;18100543;47.3;26.5;26.2
1856;22659189;28.0;49.6;22.4
1858;10884361;44.4;26.6;28.9
1859;20023809;49.3;20.4;30.3
1861;11151391;54.7;22.1;23.2
1862;16473549;30.4;43.6;26.1
1865;20364428;32.7;44.1;23.2
1863;17597494;33.6;39.9;26.5
1866;26713386;32.5;35.0;32.5
1867;12471040;50.1;24.2;25.7
1870;14259736;32.0;45.4;22.5
1872;15903291;49.1;23.8;27.0
1876;18851152;27.0;45.6;27.4
1970;20282331;34.1;44.3;21.7
1971;18330981;33.0;41.8;25.3
1973;17084914;23.7;44.9;31.4
1976;13408072;35.0;23.2;41.8
1978;28840242;11.2;57.9;30.9
1997;16164955;41.5;22.9;35.6
2000;27974418;28.3;34.0;37.7
2008;22008220;33.1;23.2;43.7
2015;20765268;16.1;43.9;40.0
2020;10828382;11.8;49.0;39.1
2022;11965386;20.8;42.0;37.2
1925;24196083;57.8;11.2;31.0
1928;28193197;10.0;60.8;29.2
1931;19516972;47.3;21.3;31.5
1934;17834653;36.3;42.0;21.8
1935;24414458;20.5;48.1;31.3
1936;24254560;44.8;33.7;21.5
1941;9589688;40.2;26.0;33.8
1943;14164340;34.8;41.8;23.4
1947;28470793;34.0;33.3;32.7
1948;14687965;22.5;47.3;30.3
1949;10192164;9.8;56.9;33.3
1950;19169252;46.8;21.2;32.0
1951;11305198;22.4;42.4;35.3
1956;9758682;32.3;43.8;23.9
1963;11247439;33.2;34.2;32.6
1966;24773394;22.3;50.7;27.0
1972;15051542;26.5;50.5;23.0
1974;12833469;47.2;24.2;28.6
2025;12010039;32.1;29.3;38.6
2026;19795246;25.9;15.7;58.4
2027;24626550;17.0;52.6;30.3
2028;14815203;23.5;33.2;43.2
2029;16710904;25.9;24.0;50.1
2030;22802268;29.4;21.4;49.1
2032;17539842;24.6;22.3;53.1
1975;9181453;35.5;23.5;41.1
1989;14869368;42.6;20.7;36.6
1980;26572446;16.6;53.4;30.0
1981;10371347;29.6;41.7;28.7
1982;17774080;21.7;45.4;32.9
1985;26811021;29.7;35.2;35.1
1987;12943440;11.0;62.4;26.6
1988;26745358;18.0;41.0;41.0
1990;14650434;13.1;55.6;31.3
1996;23389134;41.5;22.1;36.4
1998;13884541;22.8;35.8;41.4
1999;15224927;28.7;47.6;23.8
1977;16828425;22.9;39.9;37.2
1979;18658966;27.1;42.2;30.7
1983;14455503;15.0;45.8;39.1
1984;17999366;25.4;43.1;31.5
1986;13387736;11.3;53.2;35.5
1991;14227065;19.2;54.8;26.0
1993;17659054;12.0;52.9;35.1
1994;28245256;47.3;14.3;38.5
2001;11752078;19.4;40.5;40.1
2002;14778332;23.9;42.8;33.2
2010;28904545;32.1;38.9;29.0
2013;14495549;35.3;26.0;38.7
2014;15634697;27.0;40.9;32.1
2017;12028352;14.2;48.0;37.8
2031;18856856;34.8;24.0;41.2
2033;11138340;24.7;32.3;43.0
2035;27892669;28.6;35.7;35.7
2036;15479802;24.6;27.7;47.8
2037;9460358;24.2;39.9;35.8
2038;16924192;25.6;32.7;41.7
2040;26381115;25.9;31.9;42.2
2041;15596742;31.9;28.0;40.1
2042;18918160;14.7;41.3;44.1
2043;17882915;25.4;26.1;48.5
2045;19772442;21.2;46.5;32.3
2047;22991975;42.4;21.2;36.4
2048;25837105;28.1;35.9;36.0
2049;23168732;29.5;29.4;41.1
2050;18386265;23.5;42.4;34.1
2051;21280000;42.8;21.5;35.7
2052;26810461;44.0;21.2;34.7
2053;15000494;24.7;32.3;43.0
2054;11649663;43.2;24.2;32.6
2055;27622646;25.4;26.1;48.5
2056;26358596;32.3;24.5;43.2
2057;23857844;30.5;32.0;37.5
2058;20267628;39.3;22.2;38.4
2059;27106752;24.7;32.3;43.0
2060;16195368;22.0;22.8;55.1
2061;28145743;57.8;18.1;24.1
2062;25185378;40.2;24.3;35.5
2063;16939242;29.0;32.3;38.6
2065;27756104;24.7;32.3;43.0
2066;23935647;31.1;16.4;52.5
2068;26350311;38.9;18.7;42.3
2070;16705282;25.5;31.6;42.9
2071;16248330;44.4;23.4;32.2
2072;20961218;28.7;28.5;42.8
2073;27405663;26.9;29.4;43.7
2075;23801961;30.0;35.9;34.1
2076;11938098;33.3;22.2;44.4
2077;12045747;27.5;26.1;46.4
2078;28471862;30.0;26.9;43.1
2079;28924094;31.0;26.6;42.4
2080;16737651;35.9;24.9;39.2
2081;11999802;13.7;51.7;34.5
2082;28773543;29.9;25.5;44.6
2083;9180189;42.1;22.4;35.5
2084;18312582;36.2;26.9;36.8
2085;12519339;31.0;27.9;41.2
2086;27654960;34.3;26.0;39.7
2087;12667606;39.1;21.8;39.1
2088;23259898;55.8;14.4;29.8
2089;28873250;29.8;35.7;34.5
2090;24552554;52.4;15.5;32.1
2091;12848729;29.4;32.2;38.4
2092;26045968;20.0;34.3;45.7
2093;28783401;20.5;36.7;42.8
2094;26068498;31.4;32.4;36.2
2095;10866048;25.5;25.6;48.9
2096;20783633;13.3;40.6;46.0
2097;28014980;43.8;21.8;34.4
2098;19893534;47.4;20.8;31.8
2099;20580619;45.2;20.5;34.3
2100;11760897;36.4;30.4;33.2
2101;16174787;31.7;24.2;44.1
2102;13463152;34.2;30.3;35.5
2103;18384805;17.1;44.7;38.2
2104;11569038;54.9;15.0;30.1
2105;11033238;36.1;30.6;33.3
2106;25818551;23.8;39.0;37.1
2107;26332974;23.7;38.1;38.1
2108;9655379;46.1;23.1;30.8
2109;23669546;25.4;31.9;42.8
2110;15520553;26.0;25.0;49.0
2111;16030259;11.8;51.6;36.6
2112;9555288;30.0;26.9;43.1
2113;20040060;12.9;41.7;45.4
2034;20419236;23.5;27.8;48.7
2039;14995650;33.7;25.7;40.6
2044;21024245;45.7;18.3;36.0
2114;14429330;37.9;25.5;36.5
2115;27702633;38.5;25.7;35.8
2116;21598235;31.8;26.1;42.1
2117;23720634;26.3;18.4;55.3
2118;20023394;47.3;15.3;37.4
2119;20256737;21.3;41.2;37.5
2120;26003801;43.8;21.8;34.4
2121;16854873;30.0;27.3;42.7
2122;9047507;21.5;27.1;51.4
2123;11676136;45.8;19.5;34.7
2124;16825309;25.6;38.5;35.9
2125;22656518;25.5;35.3;39.2
2126;13159340;30.0;26.9;43.1
2127;28385623;43.2;16.6;40.2
2128;24167575;33.7;25.0;41.3
2129;20080858;14.5;51.3;34.2
2130;17559136;32.5;31.3;36.2
2131;12802604;12.9;41.7;45.4
2132;21098542;26.3;18.4;55.3
2133;25848056;29.9;29.9;40.2
2134;12421326;28.0;17.6;54.3
2135;28347205;20.0;34.3;45.7
2136;21089595;30.0;26.9;43.1
2137;27575640;37.5;25.7;36.8
2138;9532270;26.8;25.3;47.8
2139;16179721;19.4;40.3;40.3
2140;13170242;22.7;40.7;36.6
2141;24794353;42.0;20.6;37.4
2142;27254928;33.8;30.9;35.3
2143;24209150;41.0;25.0;34.0
2144;25927455;49.6;16.4;34.0
2145;26832140;23.5;40.6;35.9
2146;10832947;31.3;34.4;34.4
2147;14534858;36.5;22.0;41.5
2148;27236613;30.4;34.6;35.1
2149;12995289;35.7;23.2;41.1
2150;14168955;27.0;28.8;44.2
2151;18398014;34.0;31.5;34.4
2152;23073222;46.3;20.9;32.7
2153;9996095;52.2;16.4;31.4
2154;22359420;36.8;30.8;32.5
2155;27616788;29.6;25.1;45.2
2156;14670060;30.6;22.1;47.3
2157;23394770;26.2;30.6;43.2
2158;21159029;46.4;19.6;34.0
2159;13434613;35.3;25.9;38.8
2160;20491266;23.7;34.0;42.3
2161;14210148;34.3;26.0;39.7
2162;11486481;32.6;33.7;33.7
2163;27846120;35.7;26.6;37.6
2164;17638600;44.4;6.9;48.6
2165;11362404;33.3;29.9;36.8
2166;13368194;33.4;21.1;45.5
2167;19496931;31.8;26.4;41.9
2168;27323499;69.0;4.7;26.3
2169;18017113;22.8;37.0;40.2
2170;18339291;28.2;25.1;46.7
2171;13098122;36.5;21.9;41.6
2172;12476272;36.4;27.4;36.3
2173;22466567;26.2;37.2;36.5
2174;15538489;30.2;21.6;48.2
2175;14996031;36.5;27.5;36.1
2176;21011996;37.5;16.9;45.6
2177;24380567;57.3;13.4;29.2
2178;24896789;29.0;27.5;43.5
2179;25757945;24.6;34.8;40.7
2180;27316436;27.1;30.6;42.3
2181;10278249;34.3;26.0;39.7
2182;16252546;32.5;18.9;48.6
2183;25093515;24.2;25.6;50.2
2184;22683552;40.0;23.1;36.9
1138;20131060;40.8;10.9;48.3
2185;12717376;29.4;34.9;35.7
2186;16776061;55.0;17.4;27.5
2187;21849928;46.3;23.7;30.0
2188;26304662;45.6;15.7;38.7
2189;21956933;20.8;37.3;41.9
2190;22431068;30.1;27.4;42.6
2191;13383495;31.3;25.7;43.0
2192;21386445;13.7;47.4;38.9
2193;26215837;43.7;19.0;37.3
2194;13550787;36.1;25.6;38.3
2195;21526744;40.0;20.6;39.4
2196;12435113;19.4;46.4;34.3
2197;16742889;22.4;33.0;44.6
2198;17983109;39.6;24.0;36.4
2199;13606354;40.7;23.8;35.5
2200;27822517;27.7;37.7;34.7
2201;26331022;30.2;27.9;41.9
2202;27355070;25.4;42.8;31.8
2203;28248718;48.6;21.2;30.3
2204;15774929;38.5;25.9;35.6
2205;21946474;27.3;36.7;36.0
2206;13628009;26.4;31.9;41.6
2207;9533238;19.5;45.1;35.4
2208;20700822;23.7;25.9;50.4
2209;10625293;23.5;41.5;34.9
2210;20802189;28.7;26.5;44.7
2211;21837948;45.9;21.2;32.9
2212;13607549;27.1;31.6;41.3
2213;24402754;35.0;24.1;40.9
2214;13175935;18.8;37.8;43.4
2215;21956215;27.8;37.6;34.6
2216;11651852;31.1;25.5;43.4
2217;19515028;32.2;22.6;45.1
2218;26585899;23.5;27.2;49.4
2219;21626870;34.6;12.3;53.1
2220;27403238;26.2;36.9;36.9
2221;20200818;24.9;37.4;37.7
2222;25829059;20.6;43.9;35.5
2223;26557919;40.0;28.4;31.6
2224;18770388;30.2;32.4;37.4
2225;13365253;43.7;22.3;34.0
2226;17556676;29.7;28.7;41.6
2227;24215998;31.8;24.3;43.9
2228;23521974;33.6;26.8;39.5
2229;18478922;24.1;36.0;39.9
2230;13889159;34.2;28.3;37.6
2231;11436410;32.8;29.2;38.0
2232;17594966;23.8;29.1;47.1
2233;15930413;46.3;23.7;30.0
2234;9736395;27.3;24.2;48.5
2235;26288880;36.0;24.8;39.2
2236;14120757;22.8;37.7;39.5
2237;24152211;39.2;29.4;31.5
2238;14742148;33.3;28.6;38.1
2239;25537142;24.3;28.2;47.5
2240;11060317;63.7;10.3;25.9
2241;27814224;32.1;30.2;37.7
2242;13021886;58.7;13.2;28.1
2243;10800863;32.4;23.0;44.6
2244;21577781;38.6;30.8;30.7
2245;13482931;42.1;20.3;37.6
1335;11854299;42.2;21.5;36.3
2246;9270413;28.3;34.3;37.4
2248;24060267;28.3;34.3;37.4
2249;24309751;28.3;34.3;37.4
2251;24663807;28.3;34.3;37.4
2252;22715986;26.6;35.1;38.3
2254;12417847;28.3;34.3;37.4
2255;24333439;55.8;17.9;26.3
2257;13836233;37.8;21.3;40.8
2258;24825574;29.0;34.1;36.9
2259;20451238;36.4;21.0;42.6
2260;14130550;28.3;34.3;37.4
2262;12515736;34.9;19.0;46.0
2263;25188774;22.9;35.5;41.7
2264;17971771;40.4;24.5;35.0
2266;22307963;30.1;26.3;43.6
2268;26471457;19.6;38.4;42.0
2271;14220655;31.6;29.3;39.2
2247;19989557;37.9;22.5;39.6
2256;28066235;20.8;42.4;36.9
2261;27627526;39.8;22.1;38.1
2265;20691604;27.8;33.8;38.4
2269;14965584;14.6;48.1;37.3
2277;9964636;40.8;22.8;36.4
2278;9516246;32.5;24.3;43.2
2279;28602494;28.8;41.4;29.8
2282;16692145;28.3;34.3;37.4
2283;28667492;26.3;30.7;43.0
2284;22641288;31.5;33.5;35.0
2285;23552304;29.0;34.1;36.9
2286;17570518;29.0;34.1;36.9
2288;16758049;22.4;45.8;31.8
2289;15460149;46.1;20.7;33.1
2293;27830979;28.3;34.3;37.4
2294;22660274;35.1;24.1;40.8
2296;25869178;30.2;26.4;43.4
2297;12189641;34.5;26.4;39.1
2298;28931912;25.9;36.1;38.1
2301;24720780;39.8;21.8;38.4
2302;24404621;19.9;46.4;33.7
2303;26305644;33.5;26.2;40.3
2305;18759966;38.3;27.3;34.4
2306;11192619;23.0;36.9;40.1
2307;24711291;34.6;29.2;36.2
2308;12752065;31.9;25.9;42.3
2309;15170287;24.9;36.2;38.9
2310;20708786;27.3;42.2;30.5
2311;16926737;42.3;24.9;32.7
2312;14135106;37.9;27.2;35.0
2313;19430206;35.4;31.9;32.7
2314;9577739;37.1;30.4;32.5
2315;23681267;34.6;23.8;41.5
2316;17947406;26.0;17.6;56.3
2317;16253927;30.3;20.8;48.9
2318;12335772;49.3;19.1;31.6
2319;22791033;33.4;25.6;41.0
2320;10424247;26.0;17.6;56.3
2321;27225520;26.5;34.2;39.3
2322;20974320;52.7;17.1;30.3
2323;20840079;21.6;36.9;41.5
2324;28901389;42.2;26.9;30.9
2325;21331441;28.5;30.4;41.1
2326;19320851;42.1;23.6;34.2
2327;9739308;23.2;35.5;41.3
2328;13503351;31.7;21.9;46.4
2329;17880235;16.8;41.0;42.2
2330;10737053;37.6;29.1;33.3
2331;20274422;25.9;25.9;48.2
2332;17267266;33.8;21.8;44.4
2333;15239200;18.3;41.4;40.4
2334;17041614;16.8;42.4;40.8
2335;17456071;13.3;47.1;39.6
2336;20024830;29.2;22.1;48.7
2337;26103775;34.6;29.2;36.2
2338;15524925;25.3;37.3;37.4
2339;10268104;25.5;30.2;44.3
2340;22036868;34.7;32.1;33.2
2341;27972606;25.5;30.2;44.3
2342;9369819;20.7;37.9;41.4
2343;28253817;29.5;27.0;43.5
2344;28050165;15.0;47.7;37.3
2345;21002908;28.8;33.1;38.1
2346;16306853;30.8;22.0;47.2
2347;16553634;29.7;29.0;41.4
2348;19157184;13.5;46.9;39.6
2349;18126064;32.6;33.0;34.5
2350;10159741;26.0;17.6;56.4
2351;13730104;31.0;24.8;44.2
2352;25793639;21.2;43.9;34.9
2353;26628199;26.8;25.3;47.8
2354;14387624;27.6;31.4;41.0
2275;27938923;41.1;26.9;32.0
2276;13264136;25.0;29.0;46.0
2281;26387551;23.1;47.8;29.1
2295;14469042;21.7;41.1;37.1
2299;27678295;46.7;19.5;33.8
2355;15100309;40.9;28.5;30.6
2356;11583941;20.7;37.9;41.4
2357;25428477;20.2;40.9;38.9
2358;28408779;25.2;35.2;39.6
2359;25434239;25.9;25.9;48.2
2360;11514580;26.4;32.7;40.9
2361;13385777;17.2;44.1;38.7
2362;11944520;26.6;26.9;46.5
1357;17565472;26.6;30.7;42.7
172;27935337;26.0;32.8;41.1
103;16679095;30.8;19.8;49.4
178;16432692;42.3;24.4;33.3
2363;15398507;28.1;28.5;43.4
2364;15773553;34.1;27.1;38.8
2365;16413432;31.2;29.2;39.6
2366;16652668;30.3;31.7;38.0
2367;15580910;27.8;26.5;45.7
2368;16386942;36.0;22.9;41.1
2369;15301997;41.7;17.9;40.3
2370;15810295;33.9;28.9;37.2
2371;14224593;27.3;32.6;40.1
2372;18883372;47.7;16.1;36.1
2373;16619762;27.9;24.6;47.4
2374;27762099;28.1;28.5;43.4
2375;19117621;25.0;23.1;51.9
2376;12289708;34.5;21.8;43.7
2377;27422523;24.9;32.6;42.5
2378;21129176;38.9;36.4;24.7
2379;17961481;43.5;20.5;35.9
2380;16662115;33.5;22.1;44.4
2381;15964653;28.3;28.4;43.3
2382;22099407;31.1;24.0;44.9
2383;10016701;35.3;14.4;50.3
2384;12419739;29.5;29.6;40.9
2385;9493817;23.9;34.4;41.7
2386;24627547;0.0;0.0;0.0
2387;24187329;35.2;37.6;27.1
2388;20136834;47.6;20.1;32.3
2389;24264003;34.2;29.3;36.5
2390;12561292;33.3;18.1;48.6
2391;15278298;27.5;29.0;43.5
2392;11736832;28.1;24.0;47.9
2393;19474335;33.3;27.9;38.8
2394;27312151;37.1;15.3;47.6
2395;21638514;28.4;28.2;43.4
2396;20926854;34.1;26.4;39.5
2397;10563099;39.5;15.6;44.8
2398;21592844;34.5;28.8;36.7
2399;26703057;28.7;32.4;38.9
2400;24330164;34.9;34.3;30.8
2401;18049881;0.0;0.0;0.0
2402;19595239;32.7;23.6;43.7
2403;24993325;28.4;20.6;51.0
2404;18835150;40.6;18.4;40.9
2405;22602890;30.3;26.6;43.1
2406;16028960;35.1;25.5;39.4
2407;12843030;34.7;22.7;42.6
2408;27030731;29.9;32.3;37.8
2409;16341536;32.7;23.5;43.8
2410;25712337;35.8;25.6;38.6
2411;23470651;28.1;24.0;48.0
2412;9881288;51.7;14.5;33.8
2413;19409224;36.9;15.4;47.8
2414;27018362;38.1;30.9;30.9
2415;23374474;39.0;26.2;34.8
2416;12474700;39.3;15.0;45.7
2417;12105676;29.3;32.1;38.6
2418;24158471;37.6;20.1;42.4
2419;17851368;28.1;28.5;43.4
2420;18731362;31.5;24.0;44.6
2421;23487385;23.1;33.0;43.9
952;20966119;36.1;25.7;38.2
2422;15681893;47.9;19.6;32.4
2423;26550302;37.7;22.1;40.2
2424;26860820;24.8;37.5;37.6
2425;23711463;19.4;51.5;29.1
2426;9675292;30.4;20.6;49.0
2427;13253084;7.5;64.1;28.4
2428;11054513;23.4;45.1;31.5
2429;26138773;37.3;14.8;48.0
2430;28680469;18.6;50.0;31.3
2431;13332463;12.1;50.5;37.5
2432;25379371;13.7;47.5;38.8
2433;19970714;32.0;29.1;38.9
2434;23489736;18.0;42.6;39.4
2435;21676797;31.0;29.6;39.5
2437;15423186;26.8;34.3;38.9
2438;19656210;19.5;42.8;37.8
2439;19216799;11.8;63.7;24.6
2440;19654800;26.1;30.0;43.9
2442;26398766;38.9;12.5;48.6
2443;22926109;16.3;47.0;36.7
2444;11776881;29.2;38.3;32.5
2445;25293517;23.7;46.2;30.1
2446;15294008;25.2;44.7;30.1
2447;21515163;15.8;48.5;35.7
2448;16868953;18.9;45.5;35.6
2449;27605884;31.6;30.7;37.7
2450;23400633;16.0;46.4;37.6
2451;20598247;46.6;19.2;34.3
2452;25824085;34.9;16.4;48.7
2453;9258732;16.7;36.1;47.2
2454;24234519;11.7;62.7;25.6
2455;24331419;43.4;11.0;45.6
2456;22407459;13.4;59.8;26.8
2457;17732728;24.6;38.4;36.9
2459;14540454;18.1;55.3;26.6
2460;20906049;28.2;24.4;47.3
2461;18378214;17.5;40.2;42.3
2462;19118002;17.8;41.5;40.7
2463;15473557;19.1;56.3;24.6
2464;23858805;35.9;13.5;50.7
2465;23730948;35.6;24.2;40.3
2466;17986320;25.7;31.8;42.4
2467;9982491;21.0;44.7;34.3
2468;11204772;20.9;47.5;31.6
2469;28088764;28.0;39.4;32.6
2470;21866204;24.1;37.6;38.3
2471;17560732;30.1;38.0;31.9
2472;28813103;27.3;35.7;36.9
2473;9621516;12.1;46.3;41.6
2474;13967690;32.1;29.4;38.6
2475;12517020;37.0;33.7;29.2
2476;17189933;34.7;35.7;29.6
2477;15115219;13.2;53.3;33.5
2478;10111919;10.0;64.4;25.6
2479;14426597;19.4;53.2;27.4
2480;17410610;16.9;54.1;29.0
2481;18528550;25.1;32.8;42.1
2482;28618122;21.5;35.3;43.2
2483;17822792;8.2;71.1;20.7
2484;11452030;7.9;70.4;21.7
2485;20603496;11.2;58.0;30.8
2486;13913346;23.2;44.3;32.4
2487;18968182;23.2;44.3;32.4
2488;23196291;18.5;44.2;37.2
2489;10465404;33.8;35.1;31.1
2490;15906200;11.1;57.6;31.3
2491;20105794;24.9;48.1;27.1
2492;9423615;22.8;44.4;32.8
2493;17192946;18.7;58.4;22.9
2494;19067092;24.0;46.1;30.0
2495;11691983;34.3;26.1;39.5
1992;26112815;16.3;50.7;33.1
1995;13439463;23.0;43.4;33.7
2436;18768041;39.7;26.5;33.9
2441;16426177;18.0;44.4;37.6
2004;10356575;22.3;46.1;31.6
2003;19150565;6.2;66.8;27.0
2005;11840752;31.2;32.2;36.6
2006;10583782;32.9;33.0;34.2
2007;13372572;7.3;66.1;26.6
2009;22667407;4.9;73.1;22.1
2011;22919431;24.5;41.0;34.5
2012;22850689;17.7;56.3;26.0
2016;16942315;40.7;21.5;37.8
2458;18048619;11.7;62.7;25.6
2018;13816875;16.7;49.9;33.4
2019;22314414;17.0;55.5;27.4
2023;25400447;12.9;50.7;36.4
2496;24851323;46.8;17.4;35.8
2497;27937961;26.8;22.9;50.3
2498;12305215;35.8;20.4;43.8
2499;12301247;19.5;34.5;46.0
2500;18248464;28.9;27.7;43.4
2501;11958577;27.1;26.4;46.5
2502;10803119;11.7;43.9;44.4
2503;18629650;24.8;26.8;48.4
2504;24621669;41.5;20.2;38.4
2505;21290713;33.3;21.7;45.0
2506;16099051;29.1;25.8;45.1
2507;25315234;20.5;33.7;45.8
2508;23187648;32.0;28.8;39.2
2509;26730165;45.6;15.2;39.2
2510;26724914;34.5;21.1;44.3
2511;27052341;21.2;36.3;42.6
2512;21873639;50.2;14.9;34.9
2513;24804305;29.1;25.8;45.1
2514;18554293;37.0;21.8;41.2
2515;23849156;35.7;16.1;48.2
2516;11423233;34.2;19.2;46.6
2517;27435410;18.5;45.9;35.6
2518;21181687;31.5;23.9;44.6
2519;18199200;20.0;45.6;34.3
2520;27409812;30.2;20.5;49.3
2521;23299419;47.3;14.6;38.1
2522;21815925;60.6;4.6;34.8
2523;20496003;48.7;20.7;30.6
2524;24165708;45.7;18.5;35.7
2525;15148505;37.0;15.7;47.3
2526;24655814;26.8;22.9;50.3
2527;17693001;33.3;21.7;45.0
2528;14785448;32.8;20.0;47.2
2529;18694225;14.0;36.2;49.8
2530;16508084;48.6;15.2;36.2
2531;28393441;43.7;20.9;35.4
2532;21625755;19.3;31.0;49.7
2533;14447624;27.7;24.9;47.4
2534;20498016;24.1;37.1;38.8
2535;9072849;24.7;26.8;48.5
2536;10970108;32.1;21.0;46.9
2537;12823326;35.7;16.1;48.2
2538;26277583;32.2;26.6;41.1
2539;25354726;40.8;17.8;41.3
2540;20335953;31.8;29.5;38.7
2541;15328270;29.7;28.1;42.2
2542;9858558;34.1;16.5;49.4
2543;24519070;22.2;43.4;34.4
2544;16178459;45.6;15.2;39.2
2545;23347978;47.1;18.5;34.4
2546;24440987;17.5;44.3;38.2
2547;27778903;32.1;23.6;44.3
2548;13065910;31.5;29.6;38.9
2549;28680516;21.8;28.9;49.3
2550;22961324;30.2;20.5;49.3
2551;25557623;31.8;30.4;37.9
2552;18630373;26.0;31.8;42.1
2553;25805043;24.7;31.4;43.9
2554;23051429;33.5;19.2;47.3
2555;16326791;24.3;38.9;36.9
2556;13697616;47.7;18.4;33.9
2557;12412726;33.9;14.0;52.1
2558;26146202;22.1;42.5;35.4
2559;28669987;6.3;64.4;29.3
2560;21548500;14.3;41.5;44.2
2561;25929763;26.8;37.6;35.6
2562;24573916;29.2;29.2;41.6
2563;20027418;37.7;24.5;37.7
2564;16290505;40.1;25.8;34.1
2565;12830065;24.4;33.9;41.7
2566;24420938;13.6;41.4;45.0
2567;27072976;18.0;30.2;51.9
2568;25305676;22.6;31.7;45.7
2569;26065091;18.2;30.7;51.1
2570;17247572;36.6;20.6;42.8
2571;16923351;26.3;33.7;40.0
2572;21853231;40.7;22.6;36.8
2573;9638775;30.8;24.5;44.7
2574;25036699;16.8;52.6;30.6
2575;15628312;18.0;45.1;36.9
2576;28900047;33.4;31.8;34.8
2577;28005713;24.4;36.4;39.3
2578;11312726;32.1;26.4;41.5
2579;27330397;16.3;52.4;31.2
2580;13466289;30.1;35.7;34.1
986;13743604;30.1;26.7;43.3
941;22798110;17.9;41.1;41.0
2021;16118670;33.8;31.4;34.9
2024;10030439;12.8;49.8;37.4
2581;11499693;30.2;29.9;39.9
2582;16196274;32.6;28.6;38.8
2583;23634509;27.2;34.3;38.5
2584;27093850;22.7;41.9;35.4
2585;14706440;30.1;30.5;39.4
2586;19709286;18.0;33.2;48.8
2587;14911727;45.0;24.9;30.1
2588;24942448;22.4;40.7;36.8
2589;20422267;20.7;44.0;35.3
2590;19492965;27.7;31.2;41.1
2591;18074147;22.7;41.9;35.4
2592;20985360;42.2;26.5;31.3
2593;20633891;26.2;38.4;35.4
2594;17846986;35.5;32.3;32.2
2595;27939126;18.0;33.2;48.8
2596;10143783;16.4;46.1;37.4
2597;27078755;23.7;41.0;35.3
2598;13012549;23.0;43.9;33.1
2599;9592084;43.6;22.4;34.0
2600;23008855;40.7;21.8;37.4
2601;17077261;35.9;20.9;43.2
2602;10607533;18.2;47.7;34.2
2603;19659323;38.4;27.0;34.6
2604;25620501;26.5;27.6;45.9
2605;19388081;34.8;40.6;24.7
2606;26909964;33.6;41.0;25.4
2607;18198019;34.0;7.3;58.6
2608;14046026;17.7;46.7;35.5
2609;26427187;14.5;50.6;35.0
2610;13635316;16.6;51.1;32.3
2611;17351853;9.7;58.4;31.9
2612;11329930;17.2;56.6;26.2
2613;14852805;19.0;44.4;36.6
2614;10828047;13.4;53.4;33.2
2615;16161885;17.0;57.8;25.2
2616;18565289;40.7;27.6;31.7
2617;21455857;16.4;52.9;30.6
2618;18789288;43.6;22.4;34.0
2619;10866333;15.1;45.9;39.0
2620;13122313;47.5;25.3;27.3
2621;24075309;23.7;38.7;37.6
2622;27556322;39.9;29.2;30.9
2623;12307453;11.6;53.9;34.5
2624;16453820;22.2;42.0;35.7
2625;13411718;21.1;44.3;34.6
2626;19170671;34.5;24.6;41.0
2627;19353064;40.8;21.3;37.9
2628;13290649;23.5;41.1;35.4
2629;15015603;20.0;47.7;32.3
2630;18956918;16.4;53.3;30.3
2631;16478754;10.1;58.3;31.6
2632;24946597;32.5;38.1;29.4
2633;23192762;13.6;60.4;26.1
2634;12666013;34.0;7.3;58.6
2635;23594550;43.4;23.2;33.4
2636;11701586;25.8;33.3;40.9
2637;12942628;32.3;16.0;51.7
2638;27549770;26.4;33.9;39.7
2639;16930669;17.2;43.9;38.9
2640;12185417;25.8;51.8;22.4
2641;10896343;32.6;13.9;53.4
2642;25151629;34.0;18.9;47.2
2643;14946706;45.2;23.2;31.6
2644;11534165;53.5;14.4;32.2
2645;14440998;38.6;30.3;31.1
2646;22940579;32.9;43.4;23.8
2647;16873726;33.3;32.1;34.6
1419;18545039;23.8;48.6;27.5
1424;15529462;32.8;35.0;32.2
1302;21115504;34.1;18.5;47.5
1386;26049239;34.0;7.3;58.6
1396;9875583;44.4;23.7;31.9
1336;27110120;28.8;31.4;39.8
2649;28582449;32.6;27.3;40.2
2652;28482238;43.0;17.0;40.0
2656;17183128;24.9;35.4;39.7
2665;21158001;31.9;21.9;46.2
2671;13987101;24.4;40.7;34.9
2675;25181518;33.0;25.8;41.2
2678;28325994;22.2;35.2;42.5
2680;15843628;26.4;37.3;36.3
2686;24614785;28.0;33.9;38.0
2689;17975787;16.8;42.8;40.3
2692;11773134;61.2;7.5;31.4
2694;22602074;12.5;46.5;41.0
2695;22971607;30.8;20.3;48.9
2700;27314915;12.3;57.2;30.5
2703;15084678;25.2;36.2;38.6
2704;21550632;23.9;29.4;46.7
2705;21564448;18.0;48.9;33.1
2706;27037548;24.7;40.3;35.0
2650;10202269;21.5;42.4;36.1
2696;23052112;11.5;57.7;30.8
2659;12046504;15.4;51.1;33.5
2662;24187610;21.5;42.4;36.1
2667;25121351;16.3;49.8;33.9
2669;25620668;22.1;45.1;32.8
2697;16741826;32.4;28.2;39.3
2698;16511289;29.9;39.9;30.1
2699;20072176;50.4;9.6;40.0
2674;16852042;24.4;36.2;39.4
2701;17235935;30.0;28.5;41.5
2702;18915835;25.6;40.6;33.8
2687;24123398;28.6;26.2;45.2
2707;18526830;49.6;15.8;34.6
2708;12750802;26.8;43.7;29.5
2709;19223988;22.0;45.7;32.3
2710;23336188;31.4;35.5;33.1
2711;11760530;34.7;30.6;34.6
2712;19941785;24.6;28.8;46.6
2713;18201529;25.7;32.2;42.1
2714;22312037;28.6;31.1;40.3
2715;21159811;25.3;36.6;38.0
2716;13877019;14.8;52.1;33.2
2717;26583109;14.8;52.2;33.0
2718;10978765;23.7;41.7;34.6
2719;21181864;14.9;54.8;30.3
2720;14940941;31.1;36.1;32.7
2721;24947462;28.1;35.8;36.1
2648;18714521;19.7;35.4;45.0
2651;25891073;23.7;38.8;37.5
2653;15913312;27.9;33.6;38.5
2654;12222752;26.1;30.1;43.8
2655;28007863;21.1;39.0;40.0
2657;15350388;21.5;41.5;37.0
2658;20102828;36.6;24.5;38.8
2660;15389134;58.0;12.9;29.1
2661;26400696;33.1;22.3;44.6
2663;22363512;30.1;31.7;38.2
2664;15653853;46.6;7.7;45.7
2666;18272430;30.5;31.2;38.3
2668;16321856;39.7;21.5;38.8
2670;20002934;18.1;46.0;36.0
2672;11743227;28.1;32.6;39.4
2673;15091887;38.4;25.2;36.3
2676;12539887;19.8;49.1;31.1
2677;27923071;53.9;9.5;36.5
2679;15848363;17.1;45.4;37.5
2681;20034898;16.9;38.9;44.2
2682;27681999;28.0;31.5;40.4
2683;20959314;26.8;38.2;35.0
2684;9381217;19.7;44.4;35.8
2685;24256028;32.7;31.0;36.2
2688;21599793;25.2;34.9;39.9
2250;28694448;25.0;35.2;39.7
2253;16991370;45.1;22.8;32.1
2267;28095518;10.4;41.1;48.6
2270;24496448;19.3;35.9;44.8
2272;19979914;26.4;38.2;35.4
2274;20121357;19.3;43.1;37.6
2280;21321993;25.2;44.8;29.9
2287;15107133;18.5;48.9;32.6
2291;10668227;15.3;53.7;31.0
2290;9661810;19.7;49.7;30.6
2292;26313595;46.1;14.4;39.5
2300;18097120;25.0;29.0;46.0
2304;18750563;17.8;49.1;33.1
2690;26764003;35.8;27.0;37.2
2691;27091302;24.3;32.6;43.2
2693;24643462;19.2;35.1;45.7
2722;10329247;26.2;35.8;38.0
2723;24719996;28.2;32.4;39.4
2724;17770378;35.6;32.5;31.9
2725;23904992;40.7;25.5;33.7
2726;14459344;25.5;44.7;29.8
2727;22458609;9.0;66.5;24.5
2728;23859275;17.8;49.1;33.1
2729;14238708;16.9;49.2;34.0
2730;20655883;24.9;41.4;33.8
2731;18522411;34.5;17.0;48.5
2732;15643609;42.9;17.4;39.6
2733;24731845;30.4;27.9;41.7
2734;15700947;20.5;37.8;41.6
2735;22254610;28.1;32.4;39.4
2736;14403354;39.6;23.0;37.4
2737;16257086;41.9;22.0;36.2
2738;19754091;17.3;42.8;40.0
2739;11253474;39.7;22.7;37.6
2740;14039559;44.4;21.9;33.7
2741;15254321;13.4;37.6;49.0
2742;22564737;34.6;26.6;38.8
2743;19880180;26.2;26.2;47.6
2744;24354221;28.1;32.5;39.5
2745;14410884;32.8;24.0;43.2
2746;10226939;17.0;50.2;32.7
2747;28085983;28.9;35.0;36.1
2748;27295701;16.6;46.1;37.3
2749;9067005;23.8;37.7;38.5
2750;18499938;17.7;34.0;48.3
2751;16454531;21.1;35.6;43.2
2273;20569861;20.7;33.0;46.2
2752;28766774;31.5;30.5;38.0
2753;19865645;16.9;39.4;43.6
2754;26112264;25.9;20.9;53.2
2755;18179868;15.6;44.6;39.8
2756;18314142;18.0;42.7;39.3
2757;27419947;33.0;23.8;43.2
2758;13664605;27.3;38.7;34.0
2759;11324578;20.4;41.0;38.6
2760;18106266;30.4;25.5;44.1
2761;22694357;26.6;26.9;46.4
2762;12499377;35.9;20.8;43.3
2763;10619959;27.0;29.3;43.7
2764;20548001;31.2;29.0;39.9
2765;20089128;21.1;40.5;38.5
2766;16805402;12.3;45.7;42.0
2767;19717687;24.8;31.3;43.9
2768;18207496;19.9;19.7;60.3
2769;16215124;17.8;30.5;51.7
2770;21877097;33.8;20.9;45.3
2771;18013237;33.6;22.9;43.5
2772;14442747;42.4;19.4;38.2
2773;20234652;27.5;30.7;41.8
2774;15655872;40.0;19.2;40.7
2775;20162947;46.2;18.1;35.6
2776;27366036;14.7;41.9;43.4
2777;27574673;26.5;23.0;50.6
2778;21243634;41.0;20.1;38.9
2779;10235045;20.8;40.4;38.8
2780;14673125;28.5;34.9;36.6
2781;17350836;29.9;32.1;38.0
2782;19697810;29.9;32.1;38.0
2783;21594102;24.7;39.2;36.1
2784;21152002;25.0;29.6;45.4
2785;23526823;28.3;35.2;36.6
2786;10636385;21.4;34.4;44.1
2787;23561890;29.9;32.1;38.0
2788;19901929;31.4;31.4;37.2
2789;20464232;20.5;30.2;49.3
2790;11715296;22.6;45.6;31.7
2791;11286654;30.1;30.6;39.3
2792;15083070;31.2;32.2;36.6
2793;24061366;24.1;37.2;38.6
2794;20319852;42.6;18.1;39.3
2795;28917477;31.3;30.7;38.0
2796;26474701;0.0;0.0;0.0
2797;12520156;30.1;30.6;39.3
2798;27126142;26.2;31.2;42.6
2799;12334937;20.5;41.5;38.1
2800;24142357;30.7;26.3;43.0
2801;25321060;30.4;26.1;43.5
2802;15297551;27.6;26.2;46.2
2803;21563041;19.9;19.7;60.3
2804;23027636;26.3;20.1;53.7
2805;25744358;29.9;32.1;38.0
2806;13951546;29.9;32.1;38.0
2807;25165329;20.9;25.5;53.6
2808;16572684;16.0;52.1;32.0
2809;9299582;29.9;32.1;38.0
2810;12235721;31.6;27.3;41.1
2811;18417261;29.0;26.5;44.4
2812;19593938;30.0;29.7;40.3
2813;18455521;22.4;40.1;37.5
2814;12479047;39.3;24.8;36.0
2815;23000538;34.5;28.5;37.0
2816;28820167;21.4;31.5;47.1
1789;16530391;36.0;24.8;39.2
1790;12889963;37.5;25.0;37.5
1791;25516980;52.4;21.2;26.4
1792;10431658;30.3;34.0;35.6
1793;9280056;59.1;16.2;24.6
1794;20020486;44.6;21.5;33.9
1795;19806999;30.5;19.7;49.8
1796;9435572;0.0;0.0;0.0
1797;13869160;56.9;15.0;28.1
1798;12550019;37.9;23.9;38.2
1799;11176215;28.2;31.9;40.0
1800;28902776;53.6;15.1;31.2
1801;28767984;41.5;16.7;41.8
1802;12776842;35.0;28.0;37.0
1803;25466573;33.1;30.1;36.8
1804;11215328;43.5;21.5;35.0
1805;25453384;45.2;21.2;33.6
1806;24937392;56.0;15.0;29.0
1807;15293752;29.0;32.7;38.2
1808;25705691;37.4;25.6;36.9
1809;10955892;22.0;36.6;41.4
1810;13184666;44.5;21.0;34.5
1811;9962190;46.0;17.7;36.3
1812;10379335;67.3;8.4;24.4
1813;13513621;41.7;24.8;33.6
1814;25556954;53.0;16.0;31.0
1815;27398338;27.1;32.6;40.3
1816;13170349;64.4;10.1;25.5
1817;20286813;46.3;22.6;31.1
1818;24324505;52.2;16.1;31.6
1819;21959843;46.3;22.2;31.4
1820;12125141;31.4;17.1;51.4
1821;21260596;58.7;12.7;28.6
1822;9983464;64.0;9.1;26.9
1823;19977794;27.7;43.9;28.4
1824;23785759;28.7;28.5;42.8
1825;18055909;53.5;19.2;27.3
1826;13701798;34.4;33.2;32.4
1827;11476312;54.3;20.6;25.1
1828;15289630;42.0;20.3;37.7
1829;10658014;25.9;39.4;34.6
1830;22662950;47.7;17.0;35.3
2819;15892346;17.8;45.6;36.7
2820;18907816;34.7;40.6;24.8
2826;21142620;29.7;44.8;25.5
2828;18526386;49.8;16.9;33.4
2832;13629567;30.4;43.5;26.1
2834;28237677;27.9;40.6;31.5
2835;26683870;20.5;54.4;25.1
2839;19835769;29.6;38.9;31.5
2841;20029551;33.8;42.9;23.3
2842;13200814;37.6;29.6;32.8
2844;13850169;59.1;15.0;25.9
2846;28131650;47.2;19.4;33.4
2849;14053698;41.8;35.5;22.7
2850;10043184;31.1;40.8;28.1
2851;14670321;35.7;34.8;29.4
2852;14051815;37.2;39.4;23.4
2853;16777570;44.0;27.1;28.9
2854;27543495;46.4;31.3;22.2
2855;17181550;39.4;28.2;32.4
2856;23138206;31.4;33.5;35.1
2817;14155478;38.4;27.3;34.3
2818;9252492;51.4;16.7;31.9
2821;12801865;52.2;18.9;28.9
2822;10879405;48.9;20.4;30.7
2823;16655085;49.0;20.0;31.0
2824;19157810;52.2;18.9;28.9
2825;21725136;48.9;27.3;23.8
2827;17208995;49.7;22.7;27.6
2829;16316498;52.2;18.9;28.9
2830;20268569;32.3;44.6;23.1
2831;18509879;49.6;20.4;29.9
2833;26923424;46.5;20.4;33.1
2836;16504118;32.3;34.9;32.8
1877;23075250;33.8;44.3;21.9
1879;20846573;45.8;31.4;22.8
1878;13234458;47.0;17.9;35.0
2837;25049002;51.3;20.6;28.1
2838;26577857;37.8;33.8;28.5
2840;23446206;38.2;29.3;32.5
1886;13956875;36.6;38.4;25.0
1889;17976311;46.3;23.6;30.1
2843;27993932;48.6;26.1;25.3
1892;23802241;30.8;40.4;28.8
1894;23187084;49.0;20.0;31.0
1895;19916738;29.4;43.5;27.1
2845;27671368;18.7;43.3;37.9
2847;21287858;46.1;22.1;31.9
1897;22106537;48.3;26.5;25.2
2848;23147291;44.8;22.4;32.8
1898;24941575;48.4;28.3;23.3
1899;28273106;35.9;28.4;35.8
2857;24715641;25.4;26.1;48.5
2858;9295497;31.7;24.7;43.7
2859;25796225;29.5;29.4;41.1
2860;27755308;27.2;33.6;39.2
2861;16412649;34.2;29.9;35.9
2862;21397586;31.7;24.7;43.7
2863;21193557;31.7;24.7;43.7
2864;23569406;31.1;23.0;45.9
2865;16382436;22.0;42.3;35.7
2866;12672351;41.4;18.3;40.3
2867;16246612;16.4;49.4;34.2
2868;18440125;53.3;14.4;32.3
2869;14151679;43.3;11.3;45.3
2870;21461486;48.4;18.0;33.6
2871;27928576;22.0;31.2;46.8
2872;27291534;23.4;16.2;60.4
2873;21135212;25.7;26.3;48.0
2874;16928684;33.3;22.7;44.0
2875;10782736;35.6;24.2;40.3
2876;15277020;27.1;32.6;40.3
2877;18936598;32.0;15.9;52.0
2878;21822075;32.4;25.7;41.8
2879;24560705;33.3;22.7;44.0
2880;14074990;56.0;15.5;28.6
2881;12612344;48.4;18.0;33.6
2882;12484484;34.9;29.4;35.7
2883;23270495;26.2;32.3;41.5
2884;26635304;53.2;16.8;30.0
2885;9025225;54.1;15.3;30.6
2886;28849147;45.6;17.4;37.0
2887;13972625;33.3;22.7;44.0
2888;22466323;29.5;29.4;41.1
2889;19452014;48.4;18.0;33.6
2890;15151277;33.3;21.1;45.5
2891;26259164;25.7;26.3;48.0
2892;21034380;29.5;29.4;41.1
2893;18321223;24.4;31.7;43.9
2894;25510998;44.4;11.1;44.4
2895;13229599;52.2;17.1;30.8
2896;28953441;28.7;29.9;41.5
2897;23965365;26.4;27.3;46.3
2898;25816529;28.2;29.9;41.9
2899;19289342;28.2;31.5;40.2
2900;11323767;26.4;27.8;45.8
2901;12130146;45.1;18.1;36.7
2902;17300700;31.4;29.7;38.9
2903;25360222;30.3;19.8;49.9
2904;22333579;33.3;22.7;44.0
2905;10269681;32.9;22.8;44.3
2906;25267439;47.6;17.2;35.3
2907;13966501;31.5;16.9;51.6
2908;20311493;33.3;22.7;44.0
2909;13465916;35.8;28.0;36.2
2910;26889579;28.2;32.7;39.1
2911;16672909;33.3;21.1;45.5
2912;9535205;44.2;23.4;32.3
2913;23775775;34.9;29.4;35.7
2914;12224461;40.6;21.6;37.8
2915;26222831;31.3;26.4;42.3
2067;24094618;33.3;22.7;44.0
2069;19063386;29.6;26.4;44.0
2916;10610211;30.0;24.5;45.5
2917;24368881;44.5;17.3;38.1
2918;15050983;39.3;14.7;46.0
2919;25363978;27.9;26.0;46.1
2920;20768560;29.1;29.4;41.6
2921;26037376;24.4;27.3;48.2
2923;20422181;58.7;13.3;27.9
2925;21769172;29.7;28.7;41.6
2928;17202463;33.3;22.7;44.0
2930;16073175;27.4;38.7;33.9
2935;27278870;34.9;29.5;35.6
2940;20486276;27.8;27.1;45.1
2942;14051177;22.8;34.5;42.7
2943;21511307;49.3;17.9;32.8
2944;27562336;57.3;18.6;24.1
2946;28210788;26.4;27.3;46.3
2947;28328954;47.1;18.4;34.6
2950;20408166;39.4;20.4;40.2
2952;14406415;51.5;17.6;30.9
2955;13801477;33.3;21.1;45.5
2956;25233110;30.0;24.5;45.5
2960;14358457;28.7;39.9;31.5
2962;28368470;33.3;22.7;44.0
2963;13143459;32.8;24.9;42.3
2964;12573774;29.5;29.4;41.1
2968;27096034;35.6;24.2;40.3
2064;24247066;19.9;41.8;38.4
2970;16099321;23.5;27.8;48.7
2971;14137671;26.7;29.3;44.0
2972;19034932;22.8;35.5;41.7
2973;27774128;29.0;26.3;44.8
2974;18869256;48.9;17.9;33.2
2975;23393790;21.7;37.0;41.3
2976;28389295;28.9;17.8;53.4
2977;15725635;20.9;37.4;41.7
2978;23705947;17.0;52.6;30.3
2979;17433650;42.9;10.0;47.1
2980;16380224;25.2;38.8;35.9
2981;28625549;43.6;9.0;47.4
2982;15714386;26.5;30.6;42.9
2983;14533911;29.8;29.2;41.0
2984;9107781;26.3;37.5;36.2
2985;27362033;50.0;17.5;32.5
2986;28062064;52.8;15.5;31.7
2987;20224341;42.9;10.0;47.1
2988;21696937;43.3;11.3;45.3
2989;9503085;25.8;32.3;41.9
2990;23765527;43.5;9.1;47.4
2991;26477930;35.0;27.6;37.4
2922;23503593;37.9;22.9;39.1
2924;13262940;42.8;24.4;32.7
2926;25349274;49.4;18.6;32.0
2927;26603021;47.6;16.8;35.7
2929;16319193;26.2;24.9;48.9
2931;11901590;38.5;20.9;40.6
2932;20775966;44.7;21.3;34.1
2933;13317229;0.0;0.0;0.0
2934;18501559;45.8;18.1;36.1
2936;17484220;32.0;29.4;38.6
2937;19172882;26.3;23.0;50.7
2938;13681896;30.3;42.0;27.7
2046;24918468;34.5;31.7;33.8
2939;16595649;32.1;29.3;38.6
2941;28946180;43.3;11.3;45.3
2945;27165019;0.0;0.0;0.0
2948;28981361;33.2;21.7;45.2
2949;22297243;33.3;21.1;45.5
2951;19932642;42.9;18.4;38.7
2953;28373094;21.4;31.5;47.1
2954;11439224;23.4;16.2;60.4
2957;22617230;38.1;19.7;42.2
2958;21229725;26.7;33.9;39.4
2959;15873325;34.3;25.8;39.9
2961;24625810;38.0;23.6;38.4
2965;15970309;33.3;22.7;44.0
2074;18123753;22.7;41.6;35.8
2966;9744489;31.9;20.8;47.3
2967;22397608;37.0;25.4;37.6
2969;22264748;28.3;31.1;40.6
2992;22966494;21.3;38.1;40.5
2993;13724374;29.7;32.9;37.4
2994;15923066;14.4;54.2;31.4
2995;24283515;30.7;28.7;40.6
2996;23787366;20.6;34.4;44.9
2997;20867889;17.4;46.5;36.1
2998;18630414;34.2;33.0;32.8
2999;13156316;28.1;42.2;29.7
3000;19251507;34.0;33.0;33.0
3001;21780826;34.6;32.8;32.6
3002;26950029;17.9;28.8;53.3
3003;23282045;32.0;27.2;40.8
3004;28915355;22.4;28.8;48.8
3005;11627283;47.0;24.2;28.8
3006;28529680;43.7;24.5;31.8
3007;26869945;39.6;26.1;34.3
3008;20101654;27.3;30.1;42.6
3009;14117363;36.0;24.2;39.8
3010;28909215;38.2;22.0;39.7
3011;14179966;35.1;27.2;37.8
3012;15063885;47.3;20.4;32.3
3013;16641873;22.0;47.7;30.4
3014;25362350;44.7;27.3;28.0
3015;9629985;40.6;24.5;34.8
3016;17699773;15.0;34.8;50.2
3017;26642080;28.7;37.6;33.7
3018;24899148;17.5;46.8;35.7
3019;17557052;31.2;29.2;39.6
3020;11344151;24.7;33.9;41.5
3021;17806901;18.0;43.6;38.4
3022;13289462;45.8;18.7;35.5
3023;12418688;29.2;31.5;39.3
3024;26402642;42.8;19.4;37.8
3025;27153375;50.1;18.9;31.1
3026;10813157;31.5;19.6;48.9
3027;18659544;23.9;38.0;38.1
3028;11721591;24.2;37.6;38.2
3029;14056720;35.5;24.4;40.2
3030;15452455;26.6;42.7;30.7
3031;24526522;16.5;52.5;31.1
3032;15728034;24.8;39.4;35.8
3033;21154575;11.4;52.7;35.9
3034;11105638;36.1;27.7;36.2
3035;28961389;15.1;45.2;39.7
3036;27355766;30.6;36.3;33.0
3037;10480328;19.0;40.8;40.2
3038;25136935;19.3;51.0;29.7
3039;19804406;30.0;37.0;33.0
3040;9080150;30.4;36.5;33.1
3041;26817149;24.8;31.9;43.4
3042;17882486;49.5;20.6;29.8
3043;26474100;27.5;23.6;48.9
3044;27909186;29.4;33.4;37.2
3045;23823622;16.6;44.5;38.9
3046;21524389;50.7;21.1;28.1
3047;27432786;37.6;21.4;41.1
3048;11832518;24.4;43.5;32.1
3049;21336246;25.4;41.7;32.9
3050;10944208;47.8;19.2;33.0
3051;28104794;24.7;44.3;31.0
3052;23914523;44.2;15.0;40.8
3053;11053008;16.4;56.9;26.7
3054;24612495;29.6;24.5;45.9
3055;12886078;29.2;31.5;39.3
3056;19549521;19.4;48.0;32.5
3057;19450966;24.4;27.9;47.8
