REVENU_OCCUPATION_ID;ID_REMAX;REVENU_FAM_QUARTIER;REVENU_INDIVIDUEL_QUARTIER;PROPRIETAIRES_QUARTIER;LOCATAIRES_QUARTIER
1;26013325;70270.0;28155.0;89.3;10.7
2;19909549;89311.0;42016.0;93.5;6.5
3;14372056;144658.0;68671.0;95.0;4.6
4;14923360;78953.0;35692.0;87.8;8.7
5;14279516;68490.0;31407.0;53.8;46.2
6;22027607;62584.0;30191.0;56.9;42.9
7;26888978;84377.0;36081.0;85.8;12.0
8;12981836;68183.0;30333.0;97.6;97.6
9;14371921;82834.0;35917.0;95.3;1.5
10;22084186;60077.0;30595.0;78.4;21.6
11;19292461;104862.0;47182.0;79.4;20.4
12;13917785;68490.0;31407.0;53.8;46.2
13;17535365;40220.0;21430.0;22.9;77.1
14;14551882;99002.0;43882.0;91.2;0.5
15;21264976;52905.0;27576.0;59.3;40.7
16;19145651;70946.0;33063.0;66.4;33.6
17;22519373;53242.0;25540.0;45.2;54.3
18;12865880;66181.0;30479.0;47.8;52.2
19;9736715;95504.0;39729.0;89.4;9.4
20;17546793;94988.0;44133.0;93.4;2.7
21;28362642;73431.0;28940.0;84.9;15.1
22;15982544;86475.0;41003.0;91.0;7.9
23;10038716;73116.0;31862.0;83.0;16.0
24;11590805;103912.0;49617.0;93.8;5.2
25;13266413;96499.0;43304.0;98.1;0.9
26;20681756;102482.0;50298.0;83.8;16.2
27;14627185;83728.0;38281.0;96.5;0.4
28;13637247;162787.0;65302.0;96.7;0.1
29;21647717;83364.0;36744.0;68.3;30.6
30;13617790;89311.0;42016.0;93.5;6.5
31;11802374;101327.0;39129.0;94.3;5.7
32;14585324;89319.0;36973.0;79.1;20.4
33;27776787;68490.0;31407.0;53.8;46.2
34;26766752;111734.0;44635.0;95.8;0.1
35;13353717;207817.0;85743.0;57.4;42.2
36;18492709;68490.0;31407.0;53.8;46.2
37;16949699;63941.0;30567.0;94.8;0.1
38;20891259;91486.0;40184.0;90.9;9.0
39;18680283;80596.0;36279.0;78.0;21.5
40;27866607;79634.0;37810.0;95.8;4.2
41;21931910;75229.0;31631.0;72.0;26.5
42;23562415;59379.0;29105.0;78.6;21.4
43;28077024;50711.0;25974.0;87.5;87.5
44;15747773;85616.0;40330.0;41.1;58.7
45;25944260;78730.0;38268.0;34.2;65.5
46;26042588;87244.0;39414.0;84.3;15.7
47;20213474;164425.0;71089.0;98.4;98.4
48;26732736;159595.0;78347.0;91.6;7.8
49;28600931;93113.0;46978.0;95.3;4.7
50;23409855;121944.0;53040.0;89.8;6.1
51;12091107;101921.0;46411.0;92.7;0.5
52;17494486;67947.0;32630.0;89.9;9.5
53;19841907;144245.0;62433.0;98.8;98.8
54;15776785;92171.0;41537.0;89.7;9.8
55;13034788;67915.0;28990.0;74.6;25.3
56;25616484;140033.0;60033.0;98.5;0.3
57;25592035;109600.0;44597.0;10.0;10.0
58;12782121;95836.0;41272.0;98.2;0.6
59;12127700;124958.0;61176.0;52.3;47.7
60;23816069;134751.0;54541.0;98.1;0.2
61;19339735;67676.0;31825.0;82.1;16.1
62;13112506;63920.0;30066.0;55.1;44.9
63;27197804;70511.0;32932.0;82.3;17.7
64;12528714;96617.0;42351.0;94.4;5.6
65;15314076;71965.0;30447.0;51.6;48.4
66;28918732;87022.0;40373.0;86.0;14.0
67;16620292;60122.0;28639.0;35.6;64.3
68;25039877;73565.0;34889.0;81.1;18.9
69;13546802;85223.0;41049.0;96.2;2.3
70;16105098;71635.0;34219.0;46.5;53.5
72;17191558;80760.0;41490.0;30.7;68.1
73;28140589;125309.0;51872.0;98.3;98.3
74;20889663;88019.0;39795.0;92.4;7.6
75;23905518;76879.0;33225.0;84.2;15.8
76;17027719;60417.0;27419.0;45.5;54.5
77;22825819;74220.0;33407.0;83.1;16.9
78;22688211;74782.0;35187.0;61.6;37.9
79;27821090;104105.0;47843.0;71.2;28.8
80;24567421;54682.0;22964.0;61.6;38.4
81;27638446;81621.0;37697.0;74.9;25.1
82;20424250;61896.0;30475.0;61.0;39.0
83;28481213;68161.0;35264.0;68.6;31.4
84;9688835;63043.0;33994.0;96.8;96.8
85;19867455;73871.0;34934.0;72.1;27.9
86;25562646;62154.0;27831.0;38.2;61.8
87;14048581;100413.0;41555.0;98.4;0.2
88;20391586;72722.0;35976.0;64.4;35.6
89;20592166;85491.0;38167.0;33.5;66.5
90;21050591;71162.0;33488.0;64.1;35.9
91;10348860;88632.0;53780.0;85.8;14.2
92;23906629;72979.0;35874.0;56.4;43.5
93;22508026;77630.0;34677.0;80.5;18.9
94;20193179;100714.0;45559.0;87.0;13.0
95;12639093;82381.0;31847.0;96.1;0.1
96;13068017;82635.0;38077.0;86.6;13.4
97;9178683;80544.0;35216.0;73.2;26.6
98;21040246;131910.0;54181.0;80.3;19.7
99;28694284;92486.0;40116.0;93.0;5.5
100;14600164;53002.0;23512.0;3.0;7.0
101;22872807;100538.0;45602.0;67.3;32.4
102;21223551;80890.0;36968.0;81.1;18.8
103;16679095;99976.0;47754.0;10.0;10.0
104;15499808;81657.0;38582.0;93.7;6.3
105;10103255;93212.0;43496.0;49.1;50.5
106;12106357;104700.0;42380.0;45.9;54.1
107;15923519;63503.0;27413.0;85.1;14.9
108;16496436;91808.0;39722.0;95.0;4.9
109;23573928;65948.0;31323.0;79.0;21.0
110;18000194;105789.0;54353.0;88.9;6.4
111;11083640;84802.0;41724.0;68.4;31.6
112;19091698;52698.0;29511.0;76.3;23.7
113;24048180;80759.0;36285.0;75.7;24.3
114;17430485;75568.0;34597.0;57.5;42.5
115;23054979;51487.0;24259.0;7.8;91.5
116;24551060;68588.0;30484.0;91.5;91.5
117;24750235;100166.0;45634.0;97.5;97.5
118;17214946;88220.0;41785.0;87.1;12.9
119;27912525;101062.0;47318.0;93.9;6.0
120;18635892;83552.0;40041.0;80.8;18.9
121;13883834;119445.0;53401.0;94.3;5.0
122;15169421;145157.0;63858.0;93.9;93.9
123;14672564;69954.0;32393.0;76.2;23.4
124;22717879;108782.0;46476.0;87.5;12.5
125;24504347;70516.0;31064.0;78.4;21.6
126;28114114;86305.0;31137.0;19.7;79.3
127;14424243;83659.0;38186.0;29.2;70.2
128;25346029;87017.0;42417.0;68.9;31.1
129;18541673;117512.0;51853.0;93.9;5.7
130;13801127;129763.0;59844.0;94.4;5.6
131;15739398;91691.0;37736.0;72.5;27.5
132;27695312;93042.0;46972.0;95.4;4.6
133;19433427;75798.0;33530.0;93.9;6.1
134;21112889;61398.0;29290.0;95.6;4.4
135;14932892;92582.0;39955.0;32.5;67.3
136;20835389;86494.0;38399.0;90.5;90.5
137;18880929;83807.0;39648.0;88.5;11.5
138;19473963;99814.0;41235.0;96.1;3.9
139;23664618;72238.0;36214.0;62.0;38.0
140;24669182;52730.0;28704.0;7.8;90.6
141;12903107;130035.0;49729.0;84.8;8.7
142;13571911;89833.0;43093.0;95.7;4.3
143;10311828;54579.0;26020.0;87.2;12.8
144;13187008;123641.0;53104.0;87.0;8.7
145;17358466;134759.0;55006.0;91.0;8.3
146;20329916;127744.0;57498.0;10.0;10.0
147;28575678;88102.0;34533.0;91.0;6.7
148;14343496;81744.0;38717.0;38.4;61.6
149;13609945;95810.0;43546.0;64.6;34.1
150;23692670;68588.0;30484.0;91.5;91.5
151;25697169;79197.0;34975.0;81.4;17.6
152;20628129;50882.0;26360.0;98.0;98.0
153;28987169;78190.0;34715.0;91.1;6.6
154;10396930;100400.0;45134.0;33.0;67.0
155;25487257;104886.0;44733.0;87.8;11.7
156;23378298;109325.0;50401.0;88.0;11.8
157;16277466;69883.0;30240.0;43.3;56.7
158;19721870;98176.0;47060.0;98.6;1.2
159;25854126;70936.0;31384.0;87.9;9.6
160;11607572;77236.0;34206.0;84.7;13.5
161;26861233;109348.0;48292.0;96.4;2.9
162;19168526;66529.0;33614.0;87.4;12.6
163;13704063;84186.0;36275.0;47.2;52.6
164;13651583;81958.0;40801.0;94.2;5.8
165;22045283;110202.0;48967.0;97.3;1.1
166;20814596;85021.0;37291.0;81.0;14.8
167;10109479;110868.0;52817.0;90.9;8.0
168;18524327;71963.0;35221.0;97.6;97.6
169;28494223;118950.0;48497.0;47.8;52.2
170;22359958;52480.0;23716.0;27.0;72.0
171;27644262;92921.0;46070.0;58.3;41.3
172;27935337;107539.0;47138.0;73.8;22.0
173;22498335;49416.0;24178.0;40.8;59.2
174;23161384;113608.0;51847.0;45.2;54.8
175;27271017;56642.0;22793.0;72.4;27.6
176;13469831;149823.0;64476.0;97.8;97.8
177;15923007;62053.0;29026.0;29.2;70.8
178;16432692;108847.0;46189.0;64.0;35.4
179;18993519;74483.0;29581.0;57.8;40.3
180;11318012;74294.0;34254.0;33.6;65.8
181;22871949;74629.0;35770.0;42.6;57.4
182;17569112;87157.0;42214.0;33.9;66.1
183;22174598;75678.0;35776.0;44.6;54.1
184;10358728;89721.0;45100.0;91.1;8.9
185;25193175;81429.0;36058.0;77.4;19.2
186;18152911;99596.0;44419.0;55.8;44.2
187;25345113;108102.0;50173.0;95.6;4.4
188;26327498;92980.0;45622.0;77.1;22.9
189;13251350;89833.0;43093.0;95.7;4.3
190;16442916;81158.0;37800.0;73.5;25.7
191;13077415;133682.0;53691.0;96.7;1.0
192;21242021;63371.0;30425.0;42.9;56.5
193;26294518;86540.0;42826.0;70.9;28.7
194;10152822;94289.0;39490.0;38.4;60.8
195;15567489;92643.0;42051.0;82.9;15.7
196;27777739;87401.0;37985.0;50.9;45.5
197;13216164;81211.0;35839.0;91.0;1.0
198;25257203;73538.0;34165.0;39.7;60.3
199;16303756;141416.0;55696.0;97.2;0.2
200;19201746;79019.0;37710.0;82.2;17.8
201;20734918;96733.0;42486.0;90.4;9.4
202;9515501;91427.0;40592.0;91.0;8.8
203;21281082;48745.0;21009.0;10.9;87.8
204;9844201;52896.0;26394.0;38.6;60.9
71;15777392;74035.0;32314.0;83.7;15.2
205;15793011;84802.0;41724.0;68.4;31.6
206;11902769;81941.0;34988.0;85.3;1.3
207;25532163;85618.0;37084.0;69.4;29.2
208;27390631;52933.0;26956.0;93.1;6.9
209;16764151;102914.0;43157.0;98.5;98.5
210;9797913;86984.0;40729.0;64.8;34.7
211;20822320;93125.0;42220.0;91.9;4.9
212;20867507;54952.0;24169.0;92.4;7.5
213;17090058;107803.0;40383.0;89.5;89.5
214;21837250;90879.0;39350.0;59.7;40.3
215;28053436;79128.0;32992.0;51.7;47.6
216;26990344;70854.0;33240.0;18.2;81.8
217;9211418;107119.0;44810.0;92.2;7.8
218;11567788;85520.0;42707.0;87.2;12.8
219;15562061;137553.0;59690.0;93.5;6.5
220;16408410;49024.0;23366.0;35.6;63.9
221;17182759;71452.0;32590.0;18.6;81.3
222;26762556;70199.0;31734.0;67.9;32.1
223;16132691;109245.0;52085.0;92.6;6.5
224;10613254;57412.0;30049.0;34.7;64.8
225;15807448;122886.0;57711.0;96.9;0.7
226;15860571;73854.0;34081.0;70.9;29.2
227;26355518;172271.0;70465.0;83.4;15.3
228;12696684;70890.0;34098.0;77.4;21.4
229;22341241;85488.0;36237.0;70.2;28.9
230;24355806;60710.0;29054.0;13.7;85.8
231;14865740;55999.0;25762.0;32.9;65.9
232;19185419;123485.0;54211.0;10.0;10.0
233;20856593;80442.0;32712.0;85.3;85.3
234;27583755;89172.0;42570.0;95.5;4.5
235;23606872;67876.0;29267.0;59.4;40.4
236;25919419;79024.0;38263.0;78.0;22.0
237;17802174;53549.0;25226.0;72.3;27.7
238;28965515;112867.0;49868.0;94.1;5.9
239;9959075;89648.0;40268.0;86.9;12.6
240;9845280;112113.0;51797.0;83.2;9.4
241;10965008;52429.0;25396.0;37.0;63.1
242;27526296;83449.0;40378.0;89.1;10.9
243;9853394;113815.0;51682.0;72.8;27.2
244;18190929;57574.0;30673.0;94.7;5.3
245;14227868;72466.0;35519.0;80.5;19.5
246;13268995;55443.0;27257.0;95.9;95.9
247;17457091;89487.0;41067.0;72.3;27.8
248;18681175;62432.0;27101.0;35.5;64.5
249;12922894;72735.0;31143.0;58.7;41.3
251;27608308;61482.0;29851.0;38.8;60.9
252;13397534;61445.0;28597.0;32.7;67.3
253;25159336;81390.0;36501.0;89.3;10.7
254;28554852;63491.0;31586.0;59.1;40.9
255;13073434;52958.0;23468.0;31.4;67.9
256;23762743;65122.0;27135.0;8.3;91.1
257;19921100;73288.0;39198.0;66.8;33.1
258;20655960;56494.0;29346.0;47.4;51.0
259;17901301;79055.0;39342.0;79.2;20.6
260;15334415;143754.0;72145.0;54.6;45.4
261;27238520;69099.0;30531.0;52.5;47.5
262;19064650;63293.0;28502.0;75.0;25.0
264;22158136;73625.0;36772.0;74.9;25.0
265;18745715;71029.0;32509.0;83.8;14.4
267;26697827;89431.0;42744.0;56.4;43.6
268;17360510;75201.0;36216.0;93.6;5.2
269;21877435;68912.0;32964.0;67.4;32.6
270;19580381;65905.0;30565.0;33.1;66.4
271;20154571;79458.0;34709.0;32.5;67.5
272;21959477;72628.0;30613.0;59.4;40.6
273;11238864;97517.0;38343.0;65.7;34.1
274;20234827;63098.0;32813.0;47.8;51.4
275;14489949;112104.0;48372.0;84.3;13.7
276;24041710;120956.0;46890.0;59.4;40.6
277;13597902;131187.0;70432.0;89.2;10.8
278;28689972;131920.0;70922.0;89.0;11.0
279;11167789;93460.0;40828.0;98.3;98.3
280;11504422;64933.0;29730.0;91.8;91.8
281;13530821;82442.0;34879.0;59.6;40.4
282;14491222;101174.0;42696.0;97.0;0.7
283;18551958;131920.0;70922.0;89.0;11.0
284;27729578;136085.0;57281.0;62.1;37.9
285;27855140;86354.0;40049.0;83.6;14.7
286;13098967;73359.0;33362.0;35.7;64.2
287;12839632;77110.0;30766.0;88.2;10.6
288;24468454;131920.0;70922.0;89.0;11.0
289;16933270;114233.0;48332.0;97.7;0.5
290;10541237;131920.0;70922.0;89.0;11.0
291;19367218;79634.0;37810.0;95.8;4.2
292;21948760;135994.0;62729.0;51.3;48.4
293;21597649;149313.0;60304.0;46.0;53.8
294;24331754;106732.0;45919.0;90.3;9.4
295;25106278;93194.0;39263.0;83.6;11.5
296;15855210;92352.0;41958.0;53.9;46.1
297;15927377;87878.0;33849.0;10.5;89.1
298;18388666;64411.0;29909.0;31.6;67.8
299;25580450;59295.0;31815.0;93.3;93.3
300;17003046;99404.0;41397.0;92.4;4.0
301;11447817;131920.0;70922.0;89.0;11.0
302;28476565;72876.0;34770.0;80.3;15.6
303;20887314;56837.0;26272.0;27.0;73.0
304;11332355;55464.0;25562.0;50.2;49.1
305;16638031;57504.0;23477.0;95.2;0.5
306;18160294;89851.0;45173.0;88.8;11.2
308;16346432;131920.0;70922.0;89.0;11.0
309;17950250;103196.0;45802.0;49.9;49.3
310;22003568;100414.0;41838.0;93.5;1.2
311;23223261;67177.0;29246.0;87.0;13.0
312;11044970;81241.0;38213.0;98.0;98.0
313;19161830;89851.0;45173.0;88.8;11.2
314;15117093;72394.0;34450.0;48.1;51.9
315;24200114;82512.0;33356.0;79.8;13.9
316;23571363;69115.0;31143.0;72.9;27.1
317;17112386;131920.0;70922.0;89.0;11.0
318;14147614;62417.0;30925.0;28.3;71.4
319;25142452;81107.0;39978.0;43.0;57.0
320;26971728;62193.0;29130.0;38.1;61.0
321;9530205;80007.0;33163.0;70.7;28.2
322;14746798;90969.0;41582.0;93.4;6.6
323;27835385;82748.0;33504.0;52.9;47.1
324;12202600;131920.0;70922.0;89.0;11.0
325;15411641;79505.0;33343.0;92.4;7.6
326;23791161;56280.0;25799.0;66.5;33.4
327;28167034;70053.0;29453.0;90.2;7.0
328;28336359;131651.0;56922.0;62.3;37.7
329;18165837;71618.0;31293.0;69.7;30.2
330;19484913;95719.0;45028.0;89.6;0.4
331;25776466;108360.0;46341.0;76.9;22.8
332;13326377;82688.0;45920.0;78.3;21.2
333;17227876;126455.0;60398.0;98.4;0.5
334;20218583;88252.0;39145.0;83.8;15.5
336;20161492;73279.0;32579.0;66.4;33.6
337;20893776;131920.0;70922.0;89.0;11.0
338;16743824;68263.0;32397.0;83.7;14.4
339;22401466;117286.0;55936.0;99.5;0.5
340;28379457;52333.0;27181.0;92.0;8.0
341;11029723;58207.0;26495.0;60.8;39.2
342;25341813;85067.0;37462.0;85.6;13.1
343;13940911;97942.0;43906.0;82.3;17.7
344;25567865;92348.0;40977.0;96.0;2.5
345;20316214;115751.0;53287.0;89.6;9.4
346;20094643;60386.0;28166.0;65.2;34.8
347;11584690;62407.0;28808.0;94.7;94.7
348;27755557;63408.0;31673.0;68.6;31.4
349;11001504;73431.0;28940.0;84.9;15.1
350;23885796;83432.0;35716.0;93.8;93.8
351;21869895;94671.0;42872.0;62.8;37.1
352;17226516;96539.0;43233.0;85.7;9.7
353;12661717;78706.0;37295.0;88.7;11.2
354;14111309;81100.0;37982.0;73.9;25.5
355;28165175;90321.0;44451.0;55.9;42.6
356;10240384;98113.0;44954.0;73.7;25.9
357;19238841;97644.0;42437.0;92.4;6.1
358;22489034;98367.0;45045.0;31.5;68.5
359;28822184;87710.0;38342.0;87.3;12.7
360;11804949;68888.0;32379.0;37.9;60.8
361;18777919;56982.0;27249.0;32.3;67.4
362;21346020;116489.0;50068.0;99.4;99.4
363;14156669;99740.0;44617.0;84.7;14.2
364;23821004;81282.0;37930.0;94.3;5.7
365;26185127;66041.0;33803.0;74.2;25.9
366;27964672;85925.0;36546.0;90.7;5.2
367;18315452;76351.0;37068.0;82.3;17.6
368;28849686;67373.0;25311.0;81.6;18.4
369;24562393;92770.0;40787.0;86.2;13.8
370;14013669;81172.0;37140.0;80.8;19.1
371;19198357;76545.0;36422.0;98.6;98.6
372;17000369;70228.0;33505.0;36.7;63.3
373;24747850;91201.0;42437.0;89.9;9.2
374;16792244;74467.0;30829.0;77.0;21.1
376;22284778;100857.0;41670.0;95.9;4.1
377;22767845;61063.0;28264.0;28.1;70.7
378;12933253;110803.0;44424.0;76.8;23.2
379;11006181;77334.0;32813.0;62.6;37.4
380;18020049;79712.0;32969.0;37.6;62.4
381;27956713;74273.0;33056.0;33.4;66.6
382;22289560;76008.0;34727.0;92.5;3.6
383;10119754;109568.0;47940.0;80.6;17.8
384;18379720;48836.0;20026.0;61.9;38.1
385;20476904;134751.0;54541.0;98.1;0.2
386;16294314;100786.0;50104.0;95.8;4.2
387;26355392;72553.0;30376.0;96.5;96.5
388;17946690;61923.0;28890.0;29.9;70.1
389;13801222;72385.0;32302.0;53.7;46.1
390;20486508;63851.0;30659.0;36.3;63.7
391;25548752;50739.0;25297.0;26.7;72.4
392;25060518;89833.0;43093.0;95.7;4.3
393;22652419;57314.0;28046.0;93.0;4.6
394;19096701;66330.0;29689.0;58.2;41.6
395;27393279;112420.0;50840.0;86.0;14.0
397;28157900;85202.0;40533.0;62.5;37.5
398;10314623;60390.0;29153.0;27.1;72.5
399;11419082;77212.0;39233.0;92.7;92.7
400;26765308;105383.0;42343.0;86.2;11.1
401;23544705;97884.0;42380.0;90.3;7.8
402;14273842;139302.0;57523.0;10.0;10.0
403;16096792;101397.0;44795.0;85.0;13.0
404;17752931;72103.0;37862.0;50.1;49.9
405;19292491;57967.0;28021.0;29.5;69.7
406;21978173;75194.0;38923.0;92.2;92.2
407;25929848;65900.0;34061.0;41.0;58.8
408;16529290;128329.0;63229.0;86.9;13.1
409;12423492;86741.0;40089.0;82.2;17.8
410;24010640;82501.0;35753.0;86.4;13.6
411;17454197;69276.0;30254.0;81.5;18.5
250;19974143;126549.0;57367.0;97.6;97.6
263;26658558;53791.0;25686.0;77.5;22.5
266;14102691;140164.0;52496.0;97.3;97.3
412;23133154;83818.0;37423.0;93.7;0.5
413;11186991;136214.0;55669.0;61.7;37.7
415;16094078;70655.0;27486.0;65.7;33.3
416;24096226;62562.0;31318.0;93.3;5.9
417;13814621;79697.0;35788.0;91.6;8.3
418;9676291;167656.0;67044.0;86.7;13.3
419;13979205;74013.0;33056.0;26.0;74.0
420;10618672;99381.0;44731.0;31.9;68.0
421;25307408;98874.0;41787.0;95.6;1.4
423;13081553;125710.0;54792.0;10.0;10.0
424;21881306;67792.0;32531.0;93.2;93.2
425;23517809;159219.0;72709.0;57.5;42.5
426;23940986;110705.0;47409.0;97.9;0.2
427;24051449;76318.0;33885.0;42.8;56.7
428;12122657;86571.0;40149.0;34.9;65.1
429;21391196;58916.0;27286.0;35.4;64.6
431;18540678;122089.0;60315.0;68.3;31.7
432;17904652;89833.0;43093.0;95.7;4.3
433;26383794;69385.0;31088.0;92.9;3.0
434;15062727;61963.0;27578.0;22.8;77.1
435;21787375;69105.0;30785.0;91.5;91.5
436;27341319;96867.0;48853.0;68.3;31.7
437;28306440;71717.0;30631.0;67.2;32.8
438;13852283;76488.0;34252.0;69.7;29.1
439;15818969;70741.0;38449.0;85.6;14.4
440;11837342;71525.0;32165.0;80.1;18.4
441;14700618;223511.0;90161.0;45.5;53.7
443;14844876;91757.0;42480.0;94.1;5.9
445;24236353;81847.0;37399.0;55.9;43.5
446;10360877;59129.0;29093.0;27.7;72.3
375;11578890;88176.0;42497.0;60.7;38.6
396;16363289;73459.0;33781.0;44.2;54.9
447;17041719;73517.0;34774.0;80.4;19.6
448;22723177;89448.0;39308.0;87.0;11.2
449;9968928;87871.0;38544.0;91.3;7.7
450;18470944;62060.0;31254.0;69.2;29.4
451;10314589;69755.0;31049.0;49.5;50.5
452;22882589;64087.0;35407.0;54.7;45.1
453;20055792;73084.0;33967.0;60.4;38.3
454;13003651;59365.0;26800.0;48.6;50.1
455;13922450;88065.0;38296.0;92.6;6.5
456;25246535;55011.0;27357.0;91.7;8.3
459;16029989;78116.0;36029.0;79.5;19.9
460;27977848;94614.0;46585.0;86.8;11.8
461;11192562;74047.0;31125.0;86.8;13.2
462;15279921;72396.0;34074.0;92.9;3.0
463;24951333;79131.0;33291.0;99.6;0.4
464;16359715;70518.0;32878.0;47.7;52.2
465;9261648;102208.0;48094.0;97.8;97.8
466;14788671;78116.0;36029.0;79.5;19.9
467;18787136;62122.0;29462.0;11.2;87.6
468;27780344;114411.0;49091.0;79.1;20.9
469;26202473;115134.0;54234.0;63.8;36.2
470;14433972;244040.0;99322.0;74.4;24.6
473;21993635;66244.0;28547.0;64.0;36.0
474;27082609;108598.0;52267.0;97.1;2.4
476;10122090;124101.0;53158.0;88.9;11.0
478;12128835;57320.0;25299.0;96.0;96.0
479;20395081;79192.0;33318.0;91.8;6.7
480;28287185;115134.0;54234.0;63.8;36.2
481;20393800;84540.0;38810.0;97.5;97.5
482;19423273;101551.0;50866.0;81.7;18.3
483;25517953;72970.0;30770.0;54.8;43.3
484;14331484;57671.0;27150.0;39.9;60.1
485;19717162;101415.0;52462.0;69.5;3.0
486;24428018;50920.0;23376.0;29.1;70.6
487;20115235;101781.0;43500.0;85.4;14.6
488;27638710;94449.0;44123.0;90.1;9.0
489;18172160;59954.0;25533.0;41.2;58.6
490;27452471;89132.0;39842.0;62.5;37.5
491;28608802;55227.0;25542.0;68.4;31.5
492;24745441;67443.0;35223.0;74.7;25.3
493;14944765;65945.0;32296.0;51.6;47.4
494;23520767;94302.0;41197.0;86.5;13.5
495;9116049;154526.0;66409.0;98.6;0.8
496;14172226;74933.0;38708.0;88.3;11.7
497;10271617;53131.0;21849.0;79.8;20.3
498;14585024;51743.0;24863.0;62.8;37.2
499;22471796;89948.0;43157.0;74.8;25.2
500;23897678;70555.0;31676.0;85.1;14.0
501;12845927;63473.0;31401.0;54.8;45.2
502;14433780;76328.0;34365.0;66.3;33.7
503;15187789;50113.0;26499.0;82.3;17.6
505;17707170;95918.0;43767.0;84.9;15.2
507;16932784;57969.0;27391.0;84.7;13.2
509;10333097;67696.0;31269.0;46.4;53.4
510;17766459;110918.0;48184.0;42.4;57.6
511;25405879;129800.0;59856.0;94.4;5.6
512;24651597;75788.0;35296.0;83.0;15.9
514;14718294;100007.0;44895.0;76.1;23.9
516;11713551;130424.0;52109.0;92.8;6.6
518;25062207;126131.0;53621.0;93.4;6.5
519;11370479;92980.0;45622.0;77.1;22.9
520;22436628;64352.0;30466.0;72.3;27.1
521;24882360;90228.0;40413.0;56.9;42.8
477;24718351;149254.0;62489.0;97.9;97.9
506;21781475;66172.0;30678.0;9.0;1.0
508;27198892;57021.0;24475.0;36.6;63.4
513;25244724;89391.0;40471.0;83.6;5.4
515;26544047;106719.0;47327.0;86.1;13.9
504;21096427;70350.0;37036.0;52.9;47.1
517;21509238;71055.0;34482.0;23.8;74.5
522;22577692;91103.0;42342.0;79.4;16.8
523;23222696;49365.0;23166.0;17.0;82.3
525;25526986;72267.0;33079.0;93.9;93.9
526;23021197;79316.0;36951.0;74.5;25.2
527;10719350;96420.0;43514.0;89.5;6.0
528;17816537;60119.0;28602.0;64.0;36.0
529;21245203;98538.0;43526.0;96.0;1.9
530;20525024;118909.0;54719.0;94.2;1.3
532;17823828;64939.0;27776.0;73.8;23.8
533;26517237;74649.0;34711.0;89.9;7.1
535;23946505;71245.0;37340.0;67.5;32.5
536;9727858;72593.0;33543.0;74.3;25.1
537;18392574;67064.0;31989.0;83.8;16.2
538;9885950;121139.0;49866.0;97.1;1.6
539;15485956;67929.0;32657.0;89.7;9.7
540;20289117;80400.0;32601.0;92.0;92.0
541;20565456;98212.0;31337.0;92.6;92.6
543;26275453;107137.0;49414.0;97.3;1.8
544;27334860;93000.0;37201.0;98.7;0.1
545;23842693;77909.0;33987.0;52.3;47.0
546;25124616;64419.0;28675.0;75.0;25.0
547;11442135;73417.0;36017.0;94.0;6.0
548;18094061;53505.0;28173.0;59.5;40.5
549;23800978;97376.0;46406.0;85.8;14.2
552;16183927;96239.0;42246.0;97.7;97.7
553;20304694;53002.0;23512.0;3.0;7.0
554;19237282;70404.0;33221.0;98.1;98.1
555;12730188;65209.0;29107.0;84.7;14.6
556;16552178;47711.0;21710.0;7.3;91.4
557;11608098;53877.0;24540.0;9.8;89.6
561;23787252;80492.0;36765.0;63.2;36.0
562;20699675;64822.0;30771.0;84.6;15.4
567;19687943;64770.0;28842.0;78.6;21.4
569;10095799;93039.0;46972.0;95.4;4.6
574;19234581;131906.0;58910.0;79.7;19.8
575;14207594;172451.0;55393.0;25.7;74.2
576;14279789;146942.0;55576.0;47.6;52.4
577;12022785;93039.0;46972.0;95.4;4.6
582;28358130;80203.0;37666.0;90.1;9.9
583;12485240;91014.0;36333.0;85.0;12.7
584;16209712;65686.0;33876.0;26.7;73.3
585;11427685;119519.0;53725.0;10.0;10.0
588;11582437;126006.0;56263.0;95.4;1.6
590;11226099;96623.0;42351.0;94.5;5.5
524;9509086;107072.0;52859.0;79.6;16.8
531;17989064;123168.0;54082.0;99.4;0.1
534;14308798;100756.0;46197.0;75.7;22.4
542;11978077;84876.0;38442.0;50.6;47.7
550;25662332;74996.0;31726.0;54.0;46.0
551;17228795;73683.0;34173.0;28.1;71.8
597;25528538;75235.0;33574.0;57.9;41.2
598;14155455;75380.0;34943.0;55.3;44.7
599;14464565;104944.0;44258.0;66.9;29.1
601;15508736;66088.0;28140.0;54.8;44.4
603;12337231;144245.0;62433.0;98.8;98.8
607;23345821;112228.0;51818.0;71.2;26.5
609;25977335;94207.0;43558.0;95.2;2.3
610;23070621;59688.0;28471.0;30.8;68.3
611;22845474;47462.0;21775.0;78.6;21.4
414;10166034;70380.0;34428.0;85.0;15.0
422;22060867;100146.0;42508.0;96.7;96.7
430;26899585;98342.0;43372.0;60.5;39.2
442;28326813;91783.0;39871.0;87.6;11.2
444;28927766;102262.0;47157.0;92.8;7.2
457;19370350;74191.0;35113.0;82.0;17.8
458;21205647;69218.0;34247.0;10.0;10.0
471;16748566;79320.0;38400.0;80.1;19.9
472;28646238;66992.0;31621.0;76.3;23.7
475;16136217;102030.0;46801.0;91.1;8.7
612;20289972;78541.0;35059.0;99.3;0.5
613;11086891;89577.0;42937.0;94.9;5.1
615;22869982;72614.0;31138.0;66.3;33.7
616;25425792;72868.0;32959.0;63.5;34.8
618;17991701;166242.0;63848.0;10.0;10.0
620;28704318;126339.0;55158.0;98.6;98.6
621;22485977;114358.0;48248.0;89.2;10.8
623;18427533;119417.0;49602.0;92.0;92.0
624;18451207;183751.0;76646.0;92.0;8.0
625;28552720;83461.0;36726.0;51.3;47.8
628;23277636;90847.0;39399.0;86.9;13.1
629;24178269;73734.0;32907.0;91.3;5.2
632;11881999;60036.0;30724.0;54.5;41.9
633;13311729;59508.0;29698.0;38.8;61.2
634;16276036;60003.0;24365.0;60.5;37.8
635;17129914;58690.0;25170.0;91.8;7.7
640;10681341;88969.0;50045.0;78.8;21.2
642;17363693;102471.0;49515.0;98.0;98.0
643;26672497;75409.0;34584.0;29.0;71.0
644;20462289;83492.0;38002.0;79.3;20.7
645;21546275;84428.0;35494.0;91.1;8.6
646;21453879;97791.0;46779.0;81.9;18.1
647;26887656;66641.0;31711.0;64.3;33.9
648;22735277;83480.0;38829.0;67.5;32.5
649;10313702;57724.0;27185.0;92.9;92.9
558;23582705;56600.0;23761.0;41.9;58.0
559;19511729;133567.0;61126.0;97.2;97.2
560;11992872;57687.0;26021.0;29.3;70.7
563;18585020;128943.0;62964.0;51.5;48.5
564;27604876;88523.0;43813.0;76.3;23.5
565;25055060;54718.0;26526.0;97.6;97.6
566;11589915;74168.0;33191.0;58.8;40.5
568;28403485;160664.0;70437.0;96.7;96.7
570;14201845;92430.0;37902.0;28.3;70.8
571;24804695;81850.0;41936.0;6.0;39.4
572;28757275;150274.0;63926.0;62.3;37.7
573;23849157;74806.0;36685.0;86.8;11.3
614;15541999;54920.0;24080.0;34.6;64.8
626;28218890;77399.0;34503.0;72.1;27.9
627;15012800;97891.0;42494.0;98.0;0.2
630;15477955;95997.0;43891.0;72.8;26.7
631;22622568;76328.0;33270.0;71.1;28.4
617;12278844;76515.0;33480.0;92.2;6.4
619;28351289;108296.0;45371.0;85.0;13.9
636;20008689;74040.0;33070.0;86.6;11.3
639;20959718;97080.0;45114.0;87.8;12.0
641;10327417;77645.0;32017.0;44.3;55.7
622;24459365;100737.0;50571.0;84.7;11.7
578;9995311;57828.0;29763.0;94.4;4.7
579;27735580;75511.0;35887.0;90.7;7.5
580;19204760;52822.0;25311.0;21.8;78.2
581;9642451;79890.0;35824.0;79.8;16.9
586;19646565;114493.0;57626.0;87.1;12.9
587;23997117;76101.0;36640.0;41.6;58.1
589;27091274;89473.0;39465.0;87.8;9.2
591;21434527;68103.0;32189.0;29.7;68.5
592;24722465;80386.0;37016.0;42.5;56.9
593;17152479;57874.0;26361.0;83.3;14.6
594;28380779;57391.0;25687.0;24.8;74.9
595;14710845;65941.0;29339.0;6.0;39.5
596;25201502;77454.0;32047.0;61.9;37.8
600;11120581;86533.0;39590.0;69.7;3.0
602;17176427;96753.0;39649.0;97.0;3.0
604;18092256;158602.0;64616.0;62.7;37.3
605;23401245;239520.0;98228.0;99.4;99.4
606;17906536;68850.0;37148.0;54.0;45.8
608;25027591;37562.0;18711.0;3.5;95.9
650;11854132;100937.0;46617.0;91.0;8.9
651;17998864;67064.0;31989.0;83.8;16.2
652;17230348;51363.0;21677.0;18.2;80.3
653;10925994;65832.0;30908.0;22.5;77.1
654;24720245;83717.0;33466.0;89.5;7.3
655;17951134;76339.0;33932.0;88.5;10.8
656;25407372;241317.0;100483.0;98.9;98.9
657;11094330;64161.0;31710.0;53.3;46.7
658;28192445;73110.0;32507.0;86.6;12.2
659;18857738;73819.0;36947.0;46.2;53.2
660;20726185;107596.0;43006.0;89.2;10.8
661;24761966;97714.0;43414.0;85.0;9.3
662;24507629;97210.0;44207.0;74.8;25.2
663;26546957;105327.0;48496.0;64.3;33.9
664;12378406;69404.0;31659.0;87.5;12.3
665;25580572;98412.0;38564.0;82.1;17.4
666;18784128;78116.0;36029.0;79.5;19.9
667;20073516;86037.0;34772.0;44.9;55.2
668;22844482;118373.0;49416.0;82.5;15.9
669;9744267;65465.0;28478.0;38.7;61.3
670;20997217;80635.0;32352.0;85.4;13.3
671;21541994;116942.0;50309.0;99.1;0.2
672;20375189;105377.0;44702.0;70.3;27.2
673;13730805;83646.0;41160.0;95.6;95.6
674;26476343;109208.0;48519.0;94.5;5.5
675;28729363;84997.0;37571.0;95.9;95.9
676;17978936;56011.0;26141.0;30.4;69.6
677;15231684;78256.0;37196.0;74.1;24.2
678;21490155;88480.0;39312.0;90.2;6.8
679;14188779;83776.0;39175.0;59.6;40.1
680;15692634;99318.0;47293.0;80.3;19.7
681;27620764;117426.0;55631.0;61.4;38.6
682;10682009;57301.0;24595.0;18.9;81.1
683;15158108;49066.0;23728.0;24.4;75.6
684;23727190;68837.0;30419.0;99.2;0.5
685;28353804;66999.0;33871.0;64.0;35.4
686;9974821;97969.0;38140.0;84.8;12.1
687;15998027;54872.0;26240.0;70.7;29.0
688;9756375;81074.0;35453.0;64.1;35.0
689;9392582;85759.0;42690.0;67.5;30.4
690;12479474;67345.0;23897.0;78.9;18.4
691;20642934;86305.0;31137.0;19.7;79.3
692;28019175;124878.0;55531.0;53.6;46.1
693;20787824;78116.0;36029.0;79.5;19.9
694;24355006;103046.0;41710.0;84.0;13.3
695;18040925;80409.0;39321.0;88.1;11.9
696;18087872;80000.0;35456.0;92.1;7.9
697;16868952;101990.0;46244.0;86.6;13.4
698;19602290;54143.0;22092.0;79.3;20.7
699;13405335;117393.0;57089.0;77.1;2.0
700;11617006;51363.0;21677.0;18.2;80.3
701;22181645;109823.0;47746.0;81.2;17.0
702;22113973;64154.0;29757.0;39.8;60.2
703;24803870;51363.0;21677.0;18.2;80.3
704;9741553;53409.0;25898.0;41.8;58.2
705;14110898;103766.0;42898.0;96.4;96.4
706;26485489;125695.0;44937.0;29.5;70.5
707;23612942;77074.0;37805.0;94.5;5.5
708;9179876;72046.0;34182.0;81.3;5.6
709;9599355;94076.0;41414.0;70.1;27.7
710;18614386;93565.0;43594.0;90.8;3.3
711;21931455;83443.0;38963.0;73.0;27.0
712;26024060;104730.0;48373.0;62.1;37.9
713;25938815;92568.0;45203.0;77.5;22.5
714;13446715;59084.0;29582.0;8.0;2.0
715;27431892;72821.0;34710.0;58.1;41.9
716;24995077;99318.0;47293.0;80.3;19.7
717;17487728;51808.0;26781.0;25.7;74.1
718;20667591;91727.0;42771.0;84.4;12.3
719;23394329;57678.0;29161.0;42.6;57.4
720;18865436;62923.0;29470.0;78.0;22.0
721;13993169;78958.0;33069.0;74.4;24.2
722;24168180;56485.0;29053.0;47.1;52.9
723;27391015;75205.0;32405.0;92.8;7.2
724;24642160;68596.0;29609.0;69.2;30.8
725;14879082;61888.0;29626.0;48.7;51.3
726;23317738;81189.0;39721.0;87.8;12.2
727;23026517;52650.0;26098.0;31.5;67.2
728;28169895;64412.0;28086.0;29.2;70.8
729;16171645;103496.0;44837.0;27.1;72.7
731;20067232;79825.0;42551.0;62.6;33.8
732;12290093;60409.0;28035.0;91.1;0.2
733;13625943;72795.0;27687.0;57.0;42.3
734;12712795;58881.0;26044.0;88.5;11.6
736;17543958;75205.0;32405.0;92.8;7.2
737;24009715;89480.0;40216.0;95.3;95.3
738;28807721;58600.0;26907.0;35.1;64.9
739;10974904;62984.0;27653.0;91.2;6.4
740;19092028;118343.0;49658.0;97.9;97.9
741;16478810;73900.0;34052.0;27.9;72.1
742;26385974;70828.0;32831.0;89.2;9.7
743;13320804;65274.0;32827.0;29.4;70.6
744;27643530;54821.0;24542.0;93.6;6.4
746;24726976;97376.0;46406.0;85.8;14.2
747;9183410;52990.0;24452.0;13.6;84.8
748;9219272;67530.0;35641.0;33.9;65.8
749;14678811;90106.0;40757.0;82.1;17.9
750;14676119;95093.0;42107.0;91.6;8.3
751;13372544;103564.0;43275.0;90.7;9.1
752;11571583;116504.0;53439.0;79.1;20.9
753;27048141;57904.0;28955.0;32.4;67.6
755;22794767;82350.0;35717.0;81.8;18.2
756;12295534;53181.0;25750.0;93.6;5.0
758;15832622;93100.0;42004.0;75.7;24.3
760;28919261;76572.0;36115.0;75.8;24.2
761;9268072;89730.0;36257.0;66.8;31.7
763;9253354;134765.0;67011.0;84.4;15.6
764;18202994;95389.0;39129.0;86.9;13.1
765;25365483;70776.0;32883.0;23.9;76.1
766;27539279;68876.0;29718.0;62.8;34.9
768;11990619;99165.0;42253.0;98.5;98.5
769;13517347;124525.0;52102.0;77.7;22.3
770;22176701;121965.0;52457.0;97.1;97.1
771;9451873;85409.0;45419.0;93.0;6.8
772;16727307;91983.0;45825.0;42.2;57.8
773;9564775;75258.0;34565.0;28.2;71.9
774;27690975;97218.0;42552.0;96.8;2.3
777;23657750;76272.0;34635.0;40.7;59.3
778;27021667;98061.0;37234.0;84.6;13.1
779;22812124;98531.0;45817.0;77.8;22.2
780;22983006;64641.0;31556.0;82.3;17.7
781;23885932;77106.0;36164.0;65.3;34.4
782;26040077;108981.0;50192.0;74.0;25.2
783;28529843;80195.0;34705.0;43.0;55.5
784;28041769;99903.0;41828.0;82.1;17.9
786;24589683;72979.0;35874.0;56.4;43.5
787;15775605;63401.0;29088.0;15.4;84.3
788;13034191;82244.0;37631.0;73.6;23.9
789;10447246;90572.0;42889.0;88.0;11.2
790;28768549;292067.0;123487.0;82.1;17.9
791;13847238;89976.0;41243.0;64.2;35.6
792;9364121;101852.0;44032.0;76.3;23.6
793;15343561;85784.0;37728.0;91.1;4.3
794;21272033;137242.0;59507.0;91.5;6.5
795;14208766;63297.0;29886.0;56.8;43.2
796;24724447;61257.0;27332.0;76.9;23.1
797;24769107;73988.0;33895.0;28.6;71.3
798;17030703;94775.0;40675.0;97.6;2.3
799;26474429;67792.0;32531.0;93.2;93.2
800;9491744;93238.0;37842.0;87.2;11.4
801;15704029;74766.0;35896.0;9.0;1.9
802;12419342;130635.0;58242.0;83.2;15.6
803;28623362;83412.0;39149.0;93.8;6.2
804;15747271;59511.0;27126.0;40.4;59.6
805;28360457;70730.0;34375.0;32.8;67.2
806;28878722;111393.0;47687.0;99.9;0.1
807;18949728;80492.0;36765.0;63.2;36.0
808;13368078;167601.0;73182.0;96.8;1.3
809;17626441;54030.0;25759.0;32.1;67.4
810;15381666;62659.0;30130.0;69.8;30.2
811;22373917;73629.0;33578.0;45.6;54.4
812;19589606;75380.0;34943.0;55.3;44.7
813;27484526;65487.0;29640.0;80.8;19.0
815;25250000;72532.0;34750.0;55.0;45.0
816;17965001;89437.0;39169.0;76.4;21.9
817;27743484;73988.0;33895.0;28.6;71.3
818;14696508;67798.0;33319.0;24.6;75.4
819;17703379;99127.0;47459.0;97.9;2.1
820;9699787;136782.0;61321.0;95.8;0.3
821;10806267;102152.0;43803.0;84.5;14.6
822;20477657;60347.0;31758.0;42.4;56.4
823;16213779;103562.0;47778.0;90.2;5.7
824;27889857;155090.0;67388.0;95.0;1.9
825;16575767;61809.0;29498.0;97.5;97.5
826;19612871;118795.0;45533.0;93.1;0.7
827;22212286;73988.0;33895.0;28.6;71.3
828;15894687;73988.0;33895.0;28.6;71.3
829;22731959;78686.0;36050.0;73.0;26.1
830;26015713;139989.0;61651.0;98.4;98.4
831;28781767;71780.0;32475.0;81.6;16.3
832;12537675;61235.0;28931.0;15.9;83.8
833;21242672;136849.0;55051.0;93.2;5.5
834;22957222;89603.0;40147.0;70.6;29.4
835;9173234;81629.0;35364.0;82.1;17.9
836;14942749;63291.0;29313.0;21.9;77.5
837;17326193;85453.0;40094.0;60.1;39.3
838;19645137;71873.0;30044.0;83.8;16.2
839;15577878;74076.0;35199.0;76.9;23.1
840;18458854;55680.0;27226.0;28.8;70.2
637;25520965;123909.0;53547.0;99.7;99.7
638;19583599;194120.0;86430.0;98.7;0.4
841;17506700;66944.0;30950.0;25.0;75.0
842;19009957;74379.0;30615.0;84.0;16.0
843;10494251;89833.0;43093.0;95.7;4.3
844;21804999;105017.0;44789.0;93.0;5.5
845;21833286;49243.0;26384.0;47.0;53.0
846;22941904;141110.0;58321.0;10.0;10.0
847;20201380;61896.0;30475.0;61.0;39.0
848;17651615;68893.0;32622.0;66.7;33.3
849;11891110;107815.0;48316.0;41.9;57.8
850;19154103;81874.0;35809.0;89.4;10.6
851;26782349;79320.0;38400.0;80.1;19.9
852;19812664;60335.0;30443.0;25.4;74.5
853;11115824;116776.0;53520.0;77.5;22.5
854;18937785;85259.0;37948.0;94.3;94.3
856;25420056;71652.0;32527.0;86.6;10.9
857;20131502;92044.0;40757.0;89.1;9.5
858;20007471;141432.0;65369.0;77.2;22.8
859;19213882;91700.0;38740.0;87.1;10.4
860;14671999;95882.0;45395.0;95.3;4.5
861;16066772;64774.0;27987.0;61.5;38.0
862;26002221;62154.0;27831.0;38.2;61.8
863;25681827;97107.0;38468.0;37.3;61.2
864;16607704;46383.0;23926.0;78.0;22.0
865;19432973;278190.0;114279.0;96.5;1.8
866;17944247;61512.0;27754.0;79.7;20.3
867;12114961;93334.0;40534.0;91.4;91.4
868;19324941;60396.0;27848.0;57.3;42.4
869;26485944;122788.0;51148.0;83.3;16.7
870;17744161;75574.0;34362.0;93.9;4.7
871;20618389;97761.0;43903.0;76.9;23.1
872;20231175;100984.0;44264.0;93.8;6.2
873;25707824;105193.0;46093.0;98.2;0.8
874;11927562;120665.0;52836.0;98.7;0.9
876;21578378;77626.0;35942.0;55.2;41.9
877;14071056;113642.0;46198.0;97.3;97.3
878;14274718;97595.0;45660.0;87.7;12.3
879;22139030;124808.0;54652.0;97.8;97.8
880;26250199;66495.0;31923.0;84.9;15.1
881;25786179;105537.0;47148.0;98.4;98.4
882;9016258;54667.0;27209.0;27.5;72.5
883;11689721;71447.0;34131.0;27.1;72.9
884;12211319;72273.0;33408.0;36.0;63.7
885;9150660;71972.0;33150.0;64.8;35.2
886;9461441;94141.0;43668.0;58.9;40.3
887;26883401;78540.0;40063.0;56.5;43.5
888;25248469;75242.0;32906.0;43.5;55.2
889;22950283;115134.0;54234.0;63.8;36.2
890;11838562;69717.0;40283.0;85.9;13.3
891;15096248;55122.0;25400.0;49.8;50.2
892;21148701;75686.0;31501.0;69.6;28.6
893;14833539;79194.0;36381.0;72.9;26.1
894;18703611;62362.0;29307.0;89.4;7.1
895;18390773;99918.0;45339.0;92.2;7.6
897;26475262;89565.0;39833.0;60.1;37.1
898;14685205;53692.0;27119.0;53.4;46.4
899;17508862;82461.0;31494.0;8.7;90.7
900;25031041;59321.0;27650.0;58.0;40.3
730;27826983;59725.0;36235.0;58.2;40.1
735;16474598;54923.0;27464.0;93.0;1.1
745;17926945;72078.0;29620.0;94.7;94.7
754;20074081;123147.0;48035.0;82.0;10.9
757;10795519;84241.0;35847.0;81.6;12.6
759;27546491;78492.0;31928.0;83.1;15.6
762;16090768;129583.0;55733.0;47.8;52.2
767;13607075;105014.0;49512.0;77.0;21.8
775;15272595;55677.0;22859.0;58.8;41.2
776;25943671;72120.0;30117.0;98.0;98.0
901;18848671;111989.0;47649.0;87.3;12.5
902;23507943;86415.0;38584.0;90.9;6.8
903;18909732;84155.0;34338.0;75.4;23.9
904;26243098;78349.0;35864.0;69.1;25.7
905;24307710;156408.0;69234.0;98.0;1.0
906;9363587;70667.0;32464.0;72.9;24.3
907;19609510;108805.0;46515.0;73.4;24.7
908;21285706;67580.0;31817.0;69.2;30.8
909;15551330;85837.0;38982.0;88.6;10.4
910;26588295;67499.0;33798.0;91.4;8.6
911;27830970;64160.0;31405.0;94.5;5.5
912;28376483;124089.0;55148.0;95.0;5.0
913;11653671;110349.0;45102.0;62.2;36.0
914;25847581;74990.0;31222.0;66.1;33.9
915;19285180;63964.0;29677.0;23.5;76.3
916;23863670;54791.0;23426.0;89.1;10.9
917;19780406;73878.0;34962.0;72.1;27.9
918;12999256;125981.0;51929.0;97.2;0.7
919;25788200;99540.0;46883.0;84.3;15.7
920;10347579;115943.0;48272.0;83.0;15.9
921;25410468;125268.0;55599.0;91.8;8.3
922;11444486;98519.0;56157.0;57.1;42.9
923;12923757;58615.0;26795.0;52.6;47.4
924;24997079;110899.0;52323.0;73.6;26.4
925;23843014;102046.0;49889.0;95.5;4.5
926;14616305;95690.0;40218.0;85.7;12.3
927;21519847;70510.0;31109.0;91.9;6.5
928;15092818;96973.0;38984.0;41.9;58.1
929;9827104;57022.0;25936.0;49.0;51.0
930;12110221;72988.0;35815.0;40.7;59.3
931;25032008;79326.0;37533.0;68.4;31.6
932;26817836;89122.0;41992.0;82.1;16.6
933;19597213;147626.0;52436.0;98.3;98.3
934;22766306;143333.0;52683.0;96.9;96.9
935;14697690;62687.0;30053.0;55.8;44.2
936;9235661;55173.0;26961.0;29.1;70.6
937;24096558;125268.0;55599.0;91.8;8.3
938;26928859;68115.0;33386.0;55.6;44.4
939;27601764;64887.0;28384.0;80.3;19.7
940;22798110;79257.0;35841.0;82.0;15.1
941;21434752;86848.0;40411.0;90.2;9.8
942;20346238;87352.0;37848.0;66.4;32.4
943;19147758;69728.0;37272.0;97.0;97.0
944;12619789;91219.0;35171.0;70.3;29.7
945;12269929;71909.0;30623.0;62.1;35.3
946;22070914;122751.0;51033.0;77.4;22.6
947;16848340;53004.0;24626.0;97.4;97.4
948;15424189;76933.0;43438.0;87.9;12.1
949;25753822;97586.0;45657.0;87.7;12.3
950;27466997;154109.0;68795.0;98.2;1.8
951;20966119;58529.0;26309.0;58.9;41.1
952;22048649;87534.0;39571.0;87.1;13.0
953;10424388;96382.0;45292.0;93.1;93.1
954;10693825;83139.0;38191.0;76.3;22.5
955;13462190;91219.0;35171.0;70.3;29.7
956;22524083;125268.0;55599.0;91.8;8.3
957;14974851;92437.0;45871.0;63.2;36.8
958;28311364;149870.0;60045.0;96.7;96.7
959;11365441;65349.0;29256.0;54.2;45.8
960;14592560;75709.0;34101.0;86.7;9.7
961;28781144;75370.0;32982.0;49.9;50.1
962;10677334;93603.0;40955.0;83.6;14.3
963;15913862;58991.0;29534.0;40.7;59.3
964;18157026;67478.0;34085.0;93.1;4.7
965;19432799;81189.0;39721.0;87.8;12.2
966;13640105;57022.0;25936.0;49.0;51.0
967;12028744;125268.0;55599.0;91.8;8.3
968;20147788;72123.0;34114.0;7.9;92.0
785;18406939;129945.0;53220.0;70.8;28.2
814;19000686;50981.0;24465.0;64.3;35.7
969;9659666;180898.0;78772.0;98.0;0.3
970;12314808;68645.0;30284.0;78.1;2.0
971;17557250;81604.0;34675.0;73.8;23.5
972;25586703;124731.0;51841.0;95.5;3.2
973;21044299;70587.0;32087.0;45.1;54.9
974;25199503;125427.0;57806.0;81.7;17.4
975;23933180;121081.0;57148.0;77.0;23.0
976;9735814;109119.0;45869.0;79.2;19.6
977;18481545;67865.0;33686.0;59.6;40.3
978;24665837;91324.0;40235.0;81.8;11.9
979;23428083;133994.0;48817.0;20.1;79.9
980;18284033;97152.0;39383.0;64.8;34.8
981;16285665;73446.0;33271.0;71.3;27.1
982;17722771;80565.0;37089.0;43.2;56.2
983;26377904;105497.0;42899.0;96.0;4.0
984;18831804;66373.0;30315.0;52.4;47.6
985;9352363;102046.0;49889.0;95.5;4.5
986;13743604;72854.0;29672.0;91.7;2.8
987;16382686;79019.0;37710.0;82.2;17.8
988;20897433;119334.0;49787.0;99.1;99.1
989;26241719;59122.0;28469.0;50.9;49.1
990;18228031;68475.0;30902.0;26.5;73.5
991;14785995;85215.0;37275.0;88.8;5.9
992;15928153;104081.0;49935.0;88.3;11.7
993;14836942;74261.0;36798.0;71.5;28.5
994;27554440;81259.0;38209.0;90.1;7.7
995;23727943;75707.0;35206.0;83.2;16.8
996;10727821;103318.0;43735.0;93.1;5.1
997;24170334;140141.0;56775.0;91.9;7.1
998;17730747;121081.0;57148.0;77.0;23.0
999;21835128;90359.0;40282.0;88.6;11.4
1000;27342615;59122.0;28469.0;50.9;49.1
1001;16976692;128051.0;57902.0;85.4;14.6
1002;24238153;83646.0;41160.0;95.6;95.6
1003;12136441;69559.0;28088.0;76.5;23.3
1004;27451617;79843.0;35226.0;43.3;56.5
1005;13390216;55244.0;25885.0;85.1;14.9
1006;20071167;95249.0;39916.0;80.5;17.0
1007;14603920;119016.0;53155.0;90.1;8.4
1008;22222877;89654.0;43400.0;90.2;9.8
1009;28856300;81372.0;36102.0;96.0;0.2
1010;17686356;60626.0;29653.0;45.8;54.2
1011;21841815;121081.0;57148.0;77.0;23.0
1012;28807660;91947.0;39654.0;85.8;9.4
1013;14493313;85202.0;40533.0;62.5;37.5
1014;28061552;92432.0;42082.0;80.5;19.5
1015;24884644;69308.0;32865.0;35.3;63.7
1016;26782663;75250.0;34080.0;51.7;48.3
1017;9455472;72647.0;33378.0;35.1;64.4
1018;13907508;100822.0;42293.0;92.6;2.9
1019;11028553;85230.0;37901.0;94.3;94.3
1020;17272550;57862.0;27226.0;45.5;54.5
1021;27578437;65504.0;31655.0;23.4;76.6
1022;23087107;65409.0;31436.0;71.0;26.5
1023;11954258;86091.0;41315.0;28.7;71.2
1024;18253555;92094.0;38237.0;81.1;17.6
1025;11100225;83134.0;41590.0;88.8;9.4
1026;13372199;227017.0;87608.0;57.9;42.1
1027;17683046;93147.0;37909.0;74.0;24.8
1028;13176997;88283.0;37317.0;85.2;11.6
1029;26450175;67688.0;32062.0;32.2;67.7
1031;20499274;99093.0;40200.0;96.1;0.7
1032;16934257;65072.0;30785.0;89.2;10.8
1033;25022222;120095.0;54012.0;93.3;93.3
1034;23025835;142884.0;57374.0;89.2;9.5
1035;24730125;69262.0;30130.0;44.1;53.0
855;24246890;111369.0;50834.0;97.0;0.9
875;27307805;43855.0;20557.0;70.6;29.4
896;25431913;168332.0;69232.0;97.1;97.1
1036;14523230;64098.0;31907.0;92.8;5.4
1037;25151868;92352.0;41958.0;53.9;46.1
1040;23742445;94036.0;39682.0;77.7;20.2
1041;21594944;89087.0;38185.0;86.3;12.4
1042;20549813;70172.0;34979.0;42.7;56.8
1043;22054108;80052.0;35359.0;40.2;59.8
1044;16669936;72284.0;29899.0;91.6;8.4
1045;17384582;69254.0;34232.0;99.9;99.9
1048;23594617;76250.0;33467.0;65.9;34.2
1049;28297790;65723.0;30292.0;35.0;65.0
1050;13895619;68019.0;31964.0;64.2;35.8
1051;24714222;89851.0;45173.0;88.8;11.2
1052;22507214;140554.0;56815.0;98.0;0.3
1053;18212623;75180.0;33587.0;91.3;8.6
1054;21029472;77001.0;33489.0;69.3;28.5
1055;22800760;76912.0;34441.0;89.4;2.0
1056;15151427;48769.0;20467.0;27.6;72.0
1057;27683203;109245.0;52085.0;92.6;6.5
1058;12627946;193574.0;79264.0;99.9;0.1
1059;21057387;146703.0;59135.0;96.6;96.6
1060;26190757;165798.0;69799.0;92.9;7.1
1061;19377033;92921.0;46070.0;58.3;41.3
1062;17925950;117194.0;50881.0;99.7;99.7
1063;17505080;62550.0;28981.0;29.8;70.2
1046;24654583;78334.0;33382.0;77.8;22.2
1038;23010650;182950.0;76353.0;10.0;10.0
1039;24949754;77693.0;32771.0;66.0;31.9
1064;21813247;72091.0;36570.0;94.3;5.4
1065;20575884;98869.0;39309.0;81.5;15.2
1066;21385968;209200.0;71811.0;98.0;98.0
1068;25282358;76632.0;30704.0;74.4;25.2
1069;23778640;69704.0;36029.0;50.5;49.0
1070;18852515;88972.0;38681.0;90.2;9.7
1071;16240202;67985.0;31865.0;38.4;61.5
1072;18023341;115454.0;47209.0;61.7;36.2
1073;17855023;105784.0;41785.0;70.5;26.8
1074;10881890;74089.0;28721.0;8.9;90.1
1075;15162529;76913.0;32783.0;94.3;5.7
1076;24360117;94785.0;44744.0;63.1;36.8
1077;20744955;66304.0;30183.0;75.9;24.1
1078;27494244;66611.0;30949.0;87.7;12.3
1079;14664981;71280.0;33838.0;61.6;37.9
1080;15735867;65927.0;30045.0;91.2;8.8
1081;12955785;67085.0;32398.0;38.1;60.4
1082;19757281;95357.0;42092.0;6.0;4.0
1083;19774205;74089.0;28721.0;8.9;90.1
1084;23482422;53849.0;27041.0;96.1;4.0
1086;21325201;80544.0;36661.0;71.1;28.9
1087;20778859;94645.0;36445.0;82.2;15.5
1088;26438347;67733.0;32776.0;69.4;30.6
1089;9687631;83669.0;34301.0;94.8;0.7
1090;26766791;67512.0;31245.0;77.1;22.7
1091;20472795;94755.0;42378.0;85.0;13.3
1092;20151894;71251.0;30907.0;53.3;46.3
1094;22846645;53767.0;25211.0;37.0;62.9
1095;15317635;170108.0;72170.0;91.1;8.9
1096;15007503;79608.0;42378.0;54.9;45.1
1097;14293942;68108.0;30500.0;56.9;43.1
1098;11551325;66643.0;31487.0;23.7;75.0
1099;28910422;70902.0;35439.0;66.1;33.7
1100;10483694;54718.0;26526.0;97.6;97.6
1101;19262676;81654.0;37445.0;91.8;8.2
1102;26618085;83908.0;36502.0;74.2;24.3
1103;27380946;64910.0;33519.0;50.3;48.9
1104;22020652;63691.0;26970.0;25.3;73.0
1105;11990344;120897.0;50267.0;94.5;5.5
1106;11569980;101543.0;42690.0;98.2;98.2
1107;21705541;94537.0;41050.0;33.3;66.7
1108;20215077;79351.0;35725.0;83.2;16.7
1109;15017847;85402.0;40297.0;64.3;35.7
1110;20381733;86308.0;36146.0;82.4;14.2
1111;25637269;87960.0;41959.0;92.0;7.8
1112;17216914;48353.0;23600.0;86.4;86.4
1113;12920912;82546.0;39850.0;65.6;32.0
1114;23816446;105811.0;45594.0;94.0;5.7
1115;17007779;96135.0;43166.0;94.0;6.0
1116;23807816;67412.0;28786.0;52.0;48.0
1117;17375279;108341.0;49425.0;85.1;14.7
1118;11867165;153257.0;67161.0;61.1;37.7
1119;20402847;54605.0;23133.0;75.7;24.3
1120;27708815;161211.0;67429.0;56.7;42.7
1121;15865049;77391.0;31748.0;81.7;17.8
1122;26582456;89053.0;32853.0;21.7;77.5
1123;22667511;79990.0;38335.0;94.7;5.3
1124;15518403;71095.0;33086.0;81.1;18.9
1125;16547661;87668.0;40127.0;90.4;9.6
1126;25170225;72977.0;34558.0;69.6;30.4
1127;17603007;90585.0;31795.0;18.7;80.4
1128;22414434;88145.0;41612.0;77.5;20.9
1129;25989433;88560.0;40497.0;72.0;28.0
1130;13672552;98119.0;40535.0;88.2;10.9
1131;20849794;93850.0;39529.0;77.0;23.0
1132;22545383;113056.0;53614.0;89.5;7.1
1133;13916950;115970.0;52822.0;68.9;31.1
1134;18213590;69574.0;33242.0;21.6;77.6
1135;23186084;53387.0;25217.0;55.3;43.5
1136;10377688;91079.0;35058.0;34.6;65.2
1137;20131060;82151.0;38282.0;38.2;61.8
1138;9435463;83268.0;35111.0;74.6;25.2
1085;13301272;67693.0;32218.0;31.8;67.7
1139;21468557;70743.0;36612.0;42.3;57.7
1140;18702800;76282.0;33753.0;65.6;34.0
1141;26990294;81816.0;35110.0;59.4;40.3
1142;13079319;56280.0;25799.0;66.5;33.4
1143;18396620;77316.0;33999.0;47.1;52.7
1144;12422632;104170.0;48605.0;99.0;99.0
1145;11073407;107522.0;45518.0;92.0;8.0
1146;16572971;93779.0;42421.0;91.3;6.8
1147;16600362;92847.0;40398.0;97.0;2.1
1148;27173957;86231.0;40728.0;80.4;19.5
1149;9871434;87035.0;37842.0;83.7;14.8
1150;12138085;60077.0;30595.0;78.4;21.6
1151;17834572;108365.0;50595.0;50.2;49.3
1152;14988345;64661.0;30238.0;95.3;1.5
1153;12333410;103831.0;46083.0;95.2;0.5
1154;15061819;89174.0;42571.0;95.5;4.5
1155;16513563;216629.0;94349.0;10.0;10.0
1156;26611958;60522.0;25912.0;4.0;6.0
1157;15023111;85693.0;36359.0;59.0;37.6
1158;26346609;65479.0;29918.0;33.6;66.3
1159;12414039;108969.0;47815.0;95.4;1.0
1160;9972596;110653.0;46105.0;95.5;2.9
1161;20982445;88251.0;36730.0;87.7;8.8
1162;28776408;66466.0;31990.0;89.1;10.8
1164;13206970;88379.0;39872.0;91.3;8.2
1165;18850796;56399.0;30312.0;45.6;53.8
1166;19995973;57247.0;26053.0;49.5;50.5
1167;22096297;62930.0;28128.0;28.4;71.2
1168;21354300;41193.0;23047.0;30.2;69.8
1169;20994237;76403.0;36611.0;78.8;20.2
1170;14576544;92168.0;39981.0;36.1;63.9
1171;26337903;79322.0;35542.0;43.6;56.4
1172;26546539;73546.0;36166.0;36.0;63.5
1173;11807691;68183.0;30333.0;97.6;97.6
1174;14296613;102249.0;50282.0;83.8;16.2
1030;9908455;62387.0;29400.0;25.8;73.9
1175;23707881;92570.0;46856.0;95.8;3.5
1179;24582143;81189.0;39721.0;87.8;12.2
1180;14413265;82394.0;38620.0;94.1;2.3
1187;18815884;92818.0;45541.0;76.8;23.2
1191;23281657;71726.0;32075.0;4.0;6.0
1192;26727692;69435.0;32785.0;60.4;39.6
1195;20394013;103456.0;45187.0;79.5;20.5
1197;11348355;77082.0;35020.0;86.3;13.7
1206;9204812;88354.0;41430.0;64.2;35.2
1207;28720628;150597.0;62752.0;99.2;99.2
1209;25255117;88102.0;34907.0;77.7;21.5
1210;11922680;97865.0;40041.0;88.5;11.5
1211;22037790;74361.0;36713.0;49.5;50.5
1177;16085616;87960.0;41959.0;92.0;7.8
1181;12931657;74476.0;36108.0;41.9;58.1
1182;25180172;73165.0;35264.0;76.8;22.9
1200;19279646;59553.0;28839.0;65.3;34.7
1163;9127673;97534.0;41627.0;73.8;26.2
1215;22720271;84270.0;33036.0;33.7;65.4
1216;12802206;80626.0;38212.0;87.8;11.7
1217;15327415;97632.0;40969.0;94.8;3.9
1218;27182079;150812.0;69432.0;90.6;9.1
1221;21235744;70706.0;33074.0;68.8;31.2
1225;19856580;63867.0;31236.0;30.5;69.5
1230;23020079;97379.0;46407.0;85.8;14.2
1235;16595717;110802.0;49104.0;95.4;4.6
1238;20660929;102780.0;50489.0;92.3;7.7
1239;26799462;72655.0;32416.0;87.7;11.1
1047;15408635;54787.0;23392.0;43.0;56.5
1067;17192113;95296.0;43022.0;96.0;1.7
1093;13843258;83598.0;37888.0;76.0;21.6
1241;11143594;93415.0;42147.0;91.0;8.9
1242;11738288;92914.0;38907.0;19.7;79.3
1243;27197338;72092.0;34822.0;94.4;94.4
1244;22100566;62946.0;30775.0;96.0;96.0
1245;24574842;61644.0;28330.0;29.7;70.1
1246;28402495;130772.0;56603.0;95.0;5.0
1247;13254490;89833.0;43093.0;95.7;4.3
1248;14766972;74006.0;32153.0;62.3;36.3
1249;18394886;87960.0;41959.0;92.0;7.8
1250;28554028;70128.0;31958.0;45.1;54.3
1252;26784429;103981.0;44657.0;99.4;0.2
1253;25578938;83831.0;37225.0;95.9;0.9
1254;15174488;98204.0;44460.0;98.0;0.1
1255;21934734;112900.0;50843.0;97.1;1.4
1256;9936726;211198.0;94272.0;98.7;98.7
1257;10629991;61644.0;28330.0;29.7;70.1
1258;9879120;69606.0;33092.0;54.9;45.0
1259;16334399;99314.0;44056.0;72.7;27.3
1260;28018553;168761.0;71727.0;91.7;8.3
1261;22136194;60436.0;28128.0;20.3;79.0
1262;25009194;97940.0;45572.0;92.3;7.7
1263;14263424;78859.0;35574.0;75.5;24.5
1264;22182924;77940.0;36124.0;95.0;4.0
1265;23826954;79887.0;35634.0;87.1;11.7
1267;18029943;92921.0;46070.0;58.3;41.3
1268;22605230;133413.0;53551.0;93.2;0.9
1269;19900885;87881.0;38800.0;84.5;13.4
1270;9978084;90165.0;40378.0;36.0;64.0
1178;27332390;79092.0;36056.0;81.8;14.0
1183;12578610;91221.0;40166.0;72.4;27.5
1184;19646009;72250.0;34381.0;60.5;39.0
1185;19810876;81326.0;31585.0;81.8;14.7
1186;24089085;73799.0;34502.0;29.7;70.3
1188;13078866;89833.0;43093.0;95.7;4.3
1189;13094239;91637.0;41187.0;96.4;3.2
1190;17718039;97199.0;45014.0;61.3;38.7
1193;25124185;67086.0;29268.0;87.3;12.7
1194;11059855;62897.0;26579.0;73.1;26.9
1196;16795691;70017.0;33253.0;74.1;24.8
1199;12665463;67945.0;31259.0;37.4;61.9
1176;28912057;122446.0;53121.0;88.1;9.7
1251;13832564;82176.0;36434.0;30.1;69.5
1198;28317061;97231.0;43892.0;87.8;12.2
1224;19082697;88703.0;44629.0;88.5;11.5
1266;10072827;102803.0;45484.0;94.8;4.7
1237;24674177;82620.0;34819.0;97.9;97.9
1201;12286082;75888.0;39513.0;76.8;23.2
1202;26459562;66258.0;30382.0;79.5;20.5
1203;24431310;66448.0;29012.0;25.1;74.9
1204;12355207;66448.0;29012.0;25.1;74.9
1205;28599563;72405.0;32970.0;91.0;9.0
1208;22619281;53476.0;28337.0;2.0;77.7
1213;17851712;93783.0;43577.0;67.4;32.3
1214;25065900;92921.0;46070.0;58.3;41.3
1219;10694080;64600.0;28699.0;25.7;74.3
1220;9033965;88064.0;37325.0;77.6;20.9
1222;17276513;99687.0;45834.0;83.4;16.7
1223;20444625;68937.0;30544.0;91.8;8.0
1226;24229275;96025.0;43369.0;86.5;12.4
1228;18386804;73307.0;33365.0;79.0;20.7
1229;27757896;62348.0;28838.0;44.2;54.6
1231;24121728;69923.0;37563.0;69.1;30.9
1232;26863338;75368.0;32539.0;53.1;46.7
1234;23870619;123974.0;48362.0;96.5;3.2
1236;21607600;51289.0;23439.0;38.0;62.0
1240;12553792;66532.0;35447.0;51.3;48.1
1271;15179494;90846.0;39878.0;32.9;66.6
1272;15051751;58376.0;28362.0;88.8;10.9
1273;16816516;57882.0;28414.0;37.4;62.6
1274;10024222;108958.0;43823.0;98.4;98.4
1275;17680906;202811.0;84358.0;97.1;97.1
1277;15727584;115134.0;54234.0;63.8;36.2
1278;23444330;79295.0;36245.0;59.3;40.7
1279;28914347;68057.0;30984.0;84.6;15.4
1280;21242705;62122.0;29462.0;11.2;87.6
1281;20600620;58039.0;27515.0;14.8;83.3
1282;22656832;67554.0;32058.0;90.5;90.5
1283;27712447;57664.0;27221.0;94.2;1.4
1284;13362391;75168.0;32565.0;94.6;3.4
1285;23202428;85277.0;32547.0;90.3;1.9
1286;13904075;93196.0;42489.0;92.2;7.7
1287;22954561;79593.0;35774.0;8.0;2.0
1288;16593629;81629.0;35734.0;83.8;16.2
1289;20817311;75345.0;35266.0;61.0;37.7
1290;15340873;53095.0;27217.0;75.7;24.3
1291;11324170;75194.0;38923.0;92.2;92.2
1292;25226279;63078.0;29317.0;59.5;40.5
1293;11364741;73837.0;32623.0;71.1;27.1
1294;25648815;64198.0;33430.0;89.4;10.6
1295;26407355;92536.0;44875.0;46.0;54.0
1296;12138258;75280.0;32223.0;43.5;56.1
1297;25780772;103348.0;48848.0;72.1;27.9
1298;25357996;69373.0;32071.0;84.3;15.7
1299;11560320;104250.0;45527.0;90.2;9.5
1300;27390608;92921.0;46070.0;58.3;41.3
1301;21115504;46383.0;23926.0;78.0;22.0
1302;27022121;89962.0;39265.0;90.5;9.5
1303;27789085;99380.0;45629.0;98.7;98.7
1304;23812445;67002.0;30281.0;61.6;38.2
1305;12069263;58296.0;26174.0;10.3;89.4
1306;19245087;65840.0;30151.0;21.3;78.7
1307;28099862;90615.0;37414.0;67.4;31.5
1308;14573026;95610.0;44839.0;88.4;11.6
1309;21777904;81081.0;34230.0;90.9;3.5
1310;22709988;53623.0;23985.0;94.1;5.9
1311;24606152;108917.0;51504.0;78.4;21.6
1312;28893690;97765.0;41696.0;61.8;38.1
1313;12014834;127760.0;57406.0;57.6;42.3
1314;13218060;81968.0;35624.0;77.6;20.6
1315;16447807;76244.0;35628.0;30.7;69.0
1316;19467489;83940.0;35759.0;86.1;10.4
1317;28455289;107431.0;49683.0;66.0;32.4
1318;23703975;72240.0;34206.0;54.8;45.2
1319;16525612;75667.0;33884.0;72.2;27.8
1320;12260842;56040.0;26354.0;22.0;78.0
1321;17476315;93303.0;40304.0;96.9;3.1
1322;9233241;74781.0;34735.0;84.3;15.7
1276;20827312;70788.0;33814.0;63.6;36.4
1323;23631295;64160.0;31405.0;94.5;5.5
1324;15119422;77589.0;34433.0;55.6;43.7
1325;9999174;67205.0;33136.0;97.1;97.1
1326;22681605;61905.0;25397.0;45.7;54.2
1327;12341212;74541.0;33792.0;40.3;59.6
1328;20926687;76260.0;34784.0;58.2;40.7
1329;17985651;98248.0;39887.0;83.4;12.5
1330;24770202;61166.0;28127.0;26.2;73.0
1331;27273544;77058.0;32964.0;98.9;98.9
1332;28756956;81173.0;36805.0;26.8;73.1
1333;22135741;84399.0;38329.0;9.0;1.0
1334;11854299;60673.0;26254.0;46.4;53.5
1335;27110120;97576.0;40440.0;70.4;28.8
1336;15778054;104236.0;47417.0;92.2;5.6
1337;18458351;67225.0;35020.0;51.5;48.4
1338;21704375;83411.0;40344.0;89.1;10.9
1339;19204824;58296.0;26174.0;10.3;89.4
1340;10456673;278190.0;114279.0;96.5;1.8
1341;15302377;54821.0;24542.0;93.6;6.4
1342;23853291;69866.0;32192.0;74.3;25.7
1343;9898131;71774.0;32431.0;59.4;4.0
1344;14529748;175983.0;71159.0;98.3;98.3
1345;21665987;74891.0;37929.0;46.7;53.3
1346;11993638;53739.0;25164.0;73.5;26.5
1347;12980311;77697.0;32482.0;89.9;6.6
1348;24298599;88972.0;38681.0;90.2;9.7
1349;19725363;137553.0;59690.0;93.5;6.5
1350;27422781;78280.0;35273.0;79.6;19.8
1351;19298439;122888.0;59960.0;72.0;28.0
1352;27016765;83112.0;35885.0;57.8;41.3
1353;24280529;95912.0;42203.0;90.5;8.3
1354;10343097;89014.0;40093.0;90.2;8.7
1355;9832383;98965.0;41071.0;46.5;53.5
1356;17565472;75142.0;36739.0;94.1;5.9
1357;23838661;118612.0;49050.0;76.7;22.0
1358;27871495;108411.0;46252.0;67.0;32.3
1359;28867351;49480.0;22488.0;94.6;5.4
1360;10414638;70040.0;32569.0;53.6;46.4
1361;22061792;84057.0;36452.0;79.7;18.5
1362;16603596;88021.0;40407.0;88.8;9.0
1363;9232958;92950.0;38586.0;80.5;19.5
1364;10313391;80784.0;34609.0;78.3;20.1
1365;17055158;89062.0;38746.0;62.7;36.2
1366;12078860;87535.0;37050.0;94.8;2.4
1367;18699433;144293.0;63327.0;93.0;5.7
1368;20785416;98965.0;41071.0;46.5;53.5
1370;25027019;149050.0;66605.0;98.5;98.5
1371;20095243;109877.0;48707.0;83.8;16.2
1372;22494956;73948.0;31858.0;74.1;24.0
1373;22341096;77986.0;36844.0;98.6;98.6
1374;24300239;80767.0;38682.0;77.7;20.8
1375;16900805;63173.0;30320.0;94.8;5.2
1376;28300523;67443.0;35223.0;74.7;25.3
1377;11175392;65717.0;33574.0;34.0;65.9
1378;11676536;65232.0;28920.0;56.7;43.1
1379;28194021;150274.0;63926.0;62.3;37.7
1381;22185859;161654.0;59902.0;71.7;28.2
1382;28133500;91151.0;40731.0;79.5;20.5
1383;16874963;63791.0;31450.0;91.9;8.1
1384;21679634;81910.0;34567.0;45.5;53.3
1385;26049239;68183.0;30333.0;97.6;97.6
1386;18767813;104337.0;48900.0;84.9;15.1
1387;24974499;93423.0;39326.0;98.8;1.2
1388;11901652;55898.0;27790.0;87.6;12.4
1389;24122641;92950.0;38586.0;80.5;19.5
1390;23328641;110185.0;48883.0;97.7;0.8
1391;19578569;87574.0;40366.0;83.7;16.3
1392;19138752;81327.0;35059.0;53.0;47.0
1393;9709426;165463.0;67749.0;59.7;39.8
1394;20046166;56995.0;23747.0;58.5;40.5
1395;9875583;103522.0;45070.0;54.3;45.0
1396;28772062;72966.0;36163.0;93.8;6.2
1397;19001035;60782.0;26952.0;42.5;57.5
1398;10615882;150895.0;64722.0;58.1;40.1
1399;15041678;107759.0;54689.0;84.7;15.1
1400;28486105;98061.0;37234.0;84.6;13.1
1401;12308298;105594.0;49062.0;87.5;10.3
1402;18979805;96152.0;42991.0;21.2;78.2
1403;15829903;67947.0;32640.0;89.7;9.7
1404;20720322;82927.0;36898.0;46.0;53.3
1212;13035798;70674.0;32378.0;85.6;14.4
1405;13890771;52521.0;30122.0;67.5;3.0
1406;26390162;95415.0;47806.0;64.9;34.9
1407;25597703;142238.0;62534.0;97.8;1.2
1409;27310247;90698.0;41303.0;90.4;9.6
1410;17492226;52188.0;28765.0;59.1;40.9
1411;9638042;95385.0;46135.0;46.5;53.5
1412;21574080;86952.0;37061.0;70.5;27.6
1413;26403481;54156.0;26634.0;85.6;14.4
1414;22914513;65276.0;35123.0;42.5;57.5
1415;12455088;101792.0;43683.0;95.0;1.1
1416;28572989;76630.0;32652.0;52.3;47.1
1417;22372420;120622.0;55364.0;80.5;17.4
1418;18545039;97706.0;42623.0;72.8;27.1
1419;25464850;114617.0;48585.0;91.3;8.7
1420;28170426;92736.0;39863.0;83.4;16.0
1421;18856070;175500.0;70225.0;10.0;10.0
1422;28293686;60989.0;30713.0;92.7;7.2
1423;15529462;93475.0;42875.0;86.9;12.8
1424;26193809;98825.0;42960.0;81.3;18.7
1426;27675779;92435.0;40234.0;88.9;9.2
1427;14274303;87047.0;38457.0;71.6;27.3
1428;11680920;78479.0;33909.0;29.4;70.6
1431;15353178;79194.0;36381.0;72.9;26.1
1432;21050993;69329.0;32227.0;75.3;24.7
1435;16792371;77360.0;32229.0;94.1;94.1
1436;19421979;86719.0;40675.0;79.4;20.6
1437;17654329;80442.0;36120.0;70.3;29.4
1438;24212677;68589.0;34249.0;28.5;71.1
1440;21435888;61487.0;26630.0;37.5;62.2
1441;22171243;86494.0;38399.0;90.5;90.5
1442;21340678;90536.0;42973.0;65.1;34.9
1444;14662170;74338.0;37320.0;55.1;44.5
1446;18058842;69739.0;30938.0;53.9;46.1
1447;22707350;105910.0;49220.0;76.4;23.6
1448;25586889;68656.0;30521.0;36.3;63.7
1449;26000835;56916.0;25796.0;90.1;9.9
1450;15062709;64187.0;29492.0;46.2;53.8
1452;10243406;61791.0;25473.0;46.5;53.4
1454;17422426;80683.0;38406.0;94.7;5.4
1458;28442963;107742.0;42752.0;10.0;10.0
1459;13401006;87938.0;40926.0;51.2;48.8
1460;11742296;80596.0;37694.0;76.6;23.4
1462;25289711;72313.0;30843.0;79.2;20.6
1464;28554947;87618.0;39581.0;84.7;15.3
1468;22160934;65717.0;32227.0;87.5;12.5
1469;16024321;62042.0;27982.0;65.4;33.2
1471;12302541;81585.0;36636.0;58.4;38.8
1429;15016522;88360.0;36385.0;97.0;1.1
1434;16320843;100336.0;44688.0;73.0;27.0
1439;22831466;75327.0;31944.0;9.0;7.9
1425;19718920;96250.0;41675.0;89.9;7.0
1433;21482615;52285.0;23832.0;86.5;13.5
1453;10529395;92009.0;42422.0;62.9;37.1
1445;17928534;86303.0;37902.0;55.6;44.4
1451;21658779;87050.0;40489.0;88.6;8.6
1455;21934747;100180.0;37070.0;78.1;21.9
1461;27370570;88080.0;42266.0;95.8;1.6
1456;18085454;76599.0;37250.0;82.2;17.8
1457;9110250;98519.0;56157.0;57.1;42.9
1466;10798800;89188.0;41797.0;54.7;45.3
1473;28477387;139473.0;59722.0;10.0;10.0
1474;25567869;86595.0;44128.0;81.2;18.1
1475;13157706;80722.0;34916.0;60.2;39.6
1476;26566557;58296.0;26174.0;10.3;89.4
1478;25204112;66445.0;33064.0;28.2;71.6
1480;24017919;54978.0;25472.0;58.2;41.0
1481;16097510;78162.0;34223.0;93.5;6.4
1482;18474378;69433.0;36349.0;10.0;10.0
1483;24938857;73159.0;33188.0;50.1;49.9
1484;24349931;59250.0;30325.0;86.7;13.3
1487;22626115;75783.0;32997.0;29.7;70.3
1489;16818716;50215.0;23519.0;82.9;17.1
1490;26382221;96912.0;45019.0;88.2;3.4
1492;28723602;70843.0;32202.0;73.2;25.8
1493;18300976;92087.0;40452.0;73.0;25.6
1494;20242718;71392.0;32078.0;73.0;27.0
1495;14662643;75823.0;33279.0;66.5;31.5
1496;23899740;92767.0;43955.0;91.4;4.0
1497;25841850;54560.0;24095.0;84.3;15.7
1499;11835648;133637.0;51133.0;44.0;56.0
1501;14142830;69112.0;31673.0;75.5;24.5
1502;16544837;100597.0;40822.0;64.1;34.4
1504;28254739;80973.0;40461.0;68.8;31.2
1505;16993214;92149.0;36658.0;74.5;23.7
1508;14388324;90219.0;42545.0;74.7;25.3
1509;20264311;65659.0;26871.0;91.4;91.4
1512;26472400;66418.0;29250.0;76.7;23.3
1513;13585931;68741.0;30675.0;46.3;52.5
1515;22828437;99918.0;45339.0;92.2;7.6
1519;15311268;78834.0;36136.0;92.5;7.5
1520;14358037;73739.0;33548.0;73.1;26.9
1521;15006260;67927.0;33979.0;57.4;42.4
1524;9886275;101570.0;50121.0;92.0;8.0
1525;26803661;52768.0;30633.0;63.8;34.0
1526;12300652;58296.0;26174.0;10.3;89.4
1528;24369299;128663.0;60577.0;79.0;21.0
1529;22846904;88402.0;43324.0;91.4;4.5
1531;17520493;102389.0;45299.0;97.0;1.4
1532;11070532;61896.0;30475.0;61.0;39.0
1534;18692593;113759.0;53792.0;97.1;1.1
1535;18802546;62705.0;28123.0;90.2;9.8
1536;12150486;62413.0;27888.0;78.1;19.0
1537;26906094;75783.0;32997.0;29.7;70.3
1538;24014235;56399.0;30312.0;45.6;53.8
1539;25484019;83228.0;40521.0;91.8;8.1
1541;26270824;112871.0;47764.0;94.8;3.1
1543;28526920;80650.0;39313.0;55.2;44.8
1544;22006065;73785.0;32717.0;36.8;62.6
1546;15773300;92921.0;46070.0;58.3;41.3
1472;23876501;97252.0;42929.0;95.2;4.2
1507;25381053;77989.0;37193.0;88.6;10.6
1510;20266999;95106.0;38278.0;95.6;4.4
1527;25649498;78792.0;35008.0;64.2;35.7
1498;19266324;45303.0;21812.0;88.5;11.5
1485;13316946;92009.0;42422.0;62.9;37.1
1500;24894413;88522.0;39463.0;88.6;88.6
1533;18174585;142967.0;58312.0;97.1;2.9
1477;15549565;82612.0;41395.0;59.7;40.3
1486;20122282;76742.0;33660.0;44.9;54.5
1545;19533866;155879.0;73419.0;93.4;6.6
1511;20632184;57408.0;25527.0;27.5;71.6
1517;23316905;144859.0;57855.0;91.4;7.5
1540;19269086;63280.0;31211.0;95.6;0.4
1552;21391561;77394.0;36054.0;82.9;17.1
1557;28279988;66279.0;30948.0;39.7;60.3
1564;23288524;52040.0;21930.0;92.3;92.3
1566;16425166;63120.0;27552.0;13.2;86.6
1567;22458082;76616.0;33987.0;22.7;77.2
1575;28305513;58117.0;26716.0;70.8;29.2
1576;13980824;80307.0;38402.0;91.3;0.1
1577;26280030;59019.0;28654.0;35.0;64.2
1578;24483365;84174.0;37283.0;66.7;33.1
1581;28660583;62450.0;29390.0;78.7;20.3
1582;20138464;106584.0;45274.0;92.0;7.4
1583;14990898;72518.0;29091.0;63.6;36.4
1587;20526050;97568.0;41000.0;93.6;93.6
1590;17221482;66551.0;28936.0;49.0;51.0
1599;24917765;90896.0;42374.0;89.6;9.6
1601;21456058;92183.0;44948.0;79.4;20.6
1488;24710882;89168.0;36852.0;65.8;34.3
1491;21783272;109103.0;52011.0;92.6;6.5
1503;11244560;81848.0;34689.0;66.0;30.5
1514;18019542;65934.0;28998.0;87.1;11.7
1516;18110046;74357.0;32170.0;77.8;22.2
1522;15044406;66681.0;30392.0;30.3;68.8
1530;28808402;66620.0;31926.0;2.0;8.0
1542;20169416;100465.0;41971.0;77.5;22.6
1603;10174617;96707.0;41188.0;94.1;5.9
1604;12690118;73195.0;30687.0;58.0;40.7
1605;12755276;93950.0;41519.0;86.1;13.9
1608;18726408;86606.0;39491.0;66.5;33.5
1609;11434679;79816.0;35303.0;4.0;6.0
1606;19096881;66932.0;28090.0;54.2;45.5
1607;21055315;73988.0;33895.0;28.6;71.3
1572;23632425;87314.0;40894.0;73.8;26.2
1594;27598289;64287.0;29650.0;58.9;41.1
1563;15147976;107134.0;48644.0;42.2;57.7
1506;14020843;104818.0;41688.0;73.6;15.5
1555;18637701;61827.0;29041.0;34.5;64.6
1580;14575500;55500.0;28297.0;4.0;6.0
1523;22433794;88796.0;41513.0;34.5;65.1
1591;15940382;79281.0;34479.0;48.1;51.9
1589;21843236;146792.0;67683.0;96.0;1.3
1565;20147585;114132.0;50694.0;85.3;14.7
1571;28433037;95867.0;42935.0;89.1;10.4
1550;20905394;91618.0;42940.0;42.8;57.0
1479;26742664;147772.0;61741.0;94.7;2.1
1560;9561907;103975.0;47069.0;98.8;1.1
1569;25755455;104915.0;46130.0;95.7;4.3
1573;14763170;83802.0;39591.0;64.2;34.3
1518;27423214;76382.0;36822.0;77.7;17.2
1551;19605540;87314.0;40894.0;73.8;26.2
1610;16401760;37649.0;20217.0;87.5;12.5
1611;25674534;46607.0;25785.0;83.3;16.7
1612;14209402;57768.0;28802.0;68.6;30.1
1613;25894703;82731.0;39420.0;82.0;18.0
1614;19094534;84585.0;39871.0;71.7;28.2
1616;20478482;92980.0;45622.0;77.1;22.9
1617;15061454;79464.0;35361.0;76.6;23.4
1618;16224858;97860.0;44560.0;73.6;26.4
1621;22723563;62684.0;29552.0;68.8;30.8
1622;18650021;148319.0;61360.0;96.0;1.5
1623;19650705;68589.0;31060.0;58.7;41.3
1625;19693928;60658.0;28801.0;86.1;13.9
1626;24793919;76076.0;31847.0;79.6;20.2
1628;19101931;56874.0;27028.0;76.9;23.1
1629;19172205;60535.0;28520.0;32.0;68.0
1630;25092913;92729.0;41627.0;77.1;21.8
1632;14128391;100695.0;47630.0;87.4;12.6
1634;23777551;46959.0;20340.0;85.3;12.3
1636;14543413;69864.0;30997.0;58.5;41.5
1637;22973744;67848.0;31233.0;57.5;41.2
1639;21204268;69884.0;33051.0;94.3;94.3
1640;9941989;76387.0;33332.0;59.2;40.7
1547;14791147;93185.0;44594.0;96.6;2.8
1548;20235198;82791.0;38241.0;90.8;9.2
1549;28310564;67990.0;32598.0;89.7;9.7
1554;16856212;165986.0;67733.0;99.1;99.1
1556;19833012;111338.0;45774.0;6.0;38.9
1558;18470201;89851.0;45173.0;88.8;11.2
1561;24696926;81139.0;37285.0;78.5;20.5
1570;19742737;108163.0;47343.0;94.4;5.6
1574;20132080;74897.0;32165.0;75.8;23.5
1579;26451650;96950.0;45545.0;41.7;58.3
1584;23268154;66203.0;30445.0;3.0;69.5
1585;9347668;75222.0;31918.0;58.0;42.0
1586;19075193;104943.0;48263.0;78.2;21.8
1588;23568257;75800.0;35736.0;71.2;28.8
1592;21541177;80127.0;35616.0;97.2;0.6
1593;25411568;75998.0;33971.0;93.2;93.2
1595;24379905;64327.0;31318.0;43.8;56.2
1597;25787249;97844.0;45113.0;88.2;11.8
1598;15329680;60252.0;25542.0;40.6;59.2
1600;17378803;65129.0;32045.0;78.8;21.3
1646;11844917;92542.0;44803.0;56.4;43.0
1647;20401460;62038.0;32340.0;28.1;71.3
1648;14571739;138912.0;45510.0;16.4;83.1
1650;22262083;131124.0;58779.0;74.4;24.8
1651;9047323;68778.0;33968.0;31.7;68.0
1652;22706377;109468.0;44749.0;68.3;30.6
1653;16913942;137361.0;56257.0;62.3;37.7
1654;27124618;85596.0;37526.0;36.2;63.4
1655;25827473;127043.0;51338.0;95.5;1.2
1656;19938349;77671.0;34882.0;79.9;19.8
1657;13431015;48488.0;26482.0;17.2;82.6
1568;12617333;90084.0;39240.0;83.1;15.9
1642;16266253;61574.0;26047.0;88.4;11.6
1649;20299440;53359.0;23962.0;27.1;72.9
1658;21282166;72842.0;30788.0;63.3;36.5
1553;24483174;62497.0;28097.0;45.7;53.7
1615;21794153;70756.0;32810.0;74.1;25.9
1619;18458164;56899.0;28231.0;46.8;53.3
1620;14744272;92253.0;40663.0;95.4;1.9
1631;27787367;121400.0;60740.0;91.9;7.2
1633;13489691;59001.0;28663.0;99.6;0.4
1644;12305732;80121.0;38363.0;68.1;31.6
1645;16488964;114502.0;46108.0;91.5;8.5
1659;11096220;45462.0;22705.0;6.2;93.0
1661;11300498;60228.0;29717.0;38.8;61.2
1662;22906015;60526.0;29262.0;38.9;60.8
1663;14137492;92921.0;46070.0;58.3;41.3
1664;25217603;66734.0;29162.0;43.1;56.9
1665;28837883;86455.0;42377.0;51.3;48.7
1666;25792975;53373.0;26114.0;23.0;76.9
1667;15859258;86271.0;41730.0;35.1;64.5
1668;13403392;65214.0;30457.0;29.9;69.1
1669;9777731;135512.0;57375.0;54.4;44.7
1671;25995093;96916.0;41998.0;7.0;29.4
1672;25140517;67130.0;30048.0;37.2;62.8
1673;10477120;76001.0;34969.0;30.4;69.6
1674;14145928;65202.0;30235.0;38.4;61.7
1675;20989857;72979.0;35874.0;56.4;43.5
1676;23082753;118950.0;48497.0;47.8;52.2
1677;12266704;64742.0;28870.0;27.8;71.6
1678;11355841;75368.0;32539.0;53.1;46.7
1679;13089835;76390.0;33645.0;47.6;52.4
1680;19750211;83870.0;36006.0;29.6;70.4
1681;20202822;73875.0;34727.0;29.9;69.8
1682;16143109;76104.0;36755.0;60.8;39.2
1683;24735873;73888.0;34159.0;40.3;59.7
1684;11085138;104621.0;42727.0;52.9;47.1
1685;13777710;84641.0;39715.0;37.0;63.0
1408;15203812;172242.0;72981.0;90.2;9.8
1559;28246415;75266.0;39247.0;64.5;34.9
1430;18696754;99620.0;43979.0;23.5;76.5
1443;26906846;58184.0;29327.0;38.0;62.0
1465;12834354;78976.0;35457.0;25.4;74.2
1596;24887182;141744.0;55921.0;64.8;32.4
1470;12207052;77528.0;33972.0;37.2;62.3
1691;10117391;83986.0;37026.0;38.4;60.2
1692;10373771;51936.0;28179.0;19.8;80.2
1697;15358528;97066.0;38823.0;86.7;13.3
1702;18070059;103990.0;43444.0;90.5;9.5
1707;21380229;155422.0;69329.0;98.4;1.6
1709;24149814;83343.0;37887.0;68.2;31.5
1687;20268594;112857.0;46762.0;91.8;8.2
1695;27111169;80516.0;35095.0;75.8;24.1
1701;16100678;139618.0;52079.0;85.8;14.2
1717;19643006;107942.0;48593.0;79.5;18.3
1562;13162852;85202.0;38069.0;49.6;50.4
1660;26535970;88140.0;39005.0;70.1;28.4
1624;18717532;81365.0;32251.0;81.5;18.0
1627;19083876;89231.0;41465.0;65.8;33.0
1670;23729981;93974.0;38934.0;96.7;0.9
1635;12475352;69617.0;34495.0;33.4;66.1
1638;28148547;91045.0;47370.0;66.4;33.6
1641;10748241;53387.0;25286.0;39.5;60.5
1643;25845616;73930.0;36295.0;35.9;63.8
1721;11818182;93286.0;41332.0;85.8;13.9
1722;11995332;208101.0;86213.0;99.9;0.1
1724;28991053;79895.0;35774.0;91.4;7.1
307;15513818;123927.0;57999.0;94.2;5.8
335;21489825;73664.0;33716.0;76.1;22.7
1726;27521965;63387.0;31454.0;33.9;65.7
1727;22664392;128258.0;55554.0;87.2;10.9
1732;18428485;60742.0;29339.0;69.9;30.1
1733;12725551;104818.0;44433.0;85.9;14.1
1734;22373560;72532.0;34750.0;55.0;45.0
1686;10873633;93700.0;39921.0;79.1;20.3
1688;9538973;99721.0;45542.0;90.9;4.7
1694;17978122;102134.0;46809.0;91.1;8.7
1696;18393648;97379.0;46407.0;85.8;14.2
1735;27992579;61660.0;26597.0;39.8;60.2
1736;11453060;121092.0;50721.0;97.3;2.2
1737;20154380;166472.0;72459.0;90.6;9.4
1738;16052926;140141.0;56775.0;91.9;7.1
1739;18364882;117757.0;46744.0;99.4;99.4
1740;13138053;80121.0;38363.0;68.1;31.6
1741;24137889;97632.0;40969.0;94.8;3.9
1742;12612532;70622.0;33642.0;54.3;45.3
1689;16180839;130997.0;58616.0;44.4;54.4
1690;17509273;90977.0;38402.0;69.5;29.3
1693;9981711;89586.0;37375.0;59.8;38.4
1728;21086294;45303.0;21812.0;88.5;11.5
1729;20023343;56292.0;24544.0;21.6;78.4
1730;25586763;69203.0;30407.0;94.1;94.1
1731;25707738;68678.0;28775.0;93.0;93.0
1698;22076154;78170.0;33085.0;80.4;16.1
1699;25260843;83261.0;35645.0;63.2;36.8
1700;26364579;52626.0;28503.0;7.0;27.6
1703;28886401;129871.0;63100.0;10.0;10.0
1704;20779776;130897.0;49566.0;91.2;8.8
1705;22006287;107443.0;42145.0;91.0;9.0
1706;19937905;83261.0;35645.0;63.2;36.8
1708;27928809;105857.0;45046.0;92.3;4.2
1710;11841532;80984.0;35743.0;67.2;31.3
1711;9944796;97469.0;39082.0;89.7;10.3
1712;13331591;118795.0;45533.0;93.1;0.7
1713;23470506;248457.0;106097.0;99.5;99.5
1714;15774240;110828.0;44767.0;92.4;4.9
1715;17771615;57145.0;27436.0;30.6;69.3
1716;25957087;76537.0;35895.0;75.1;24.6
1718;18530172;89017.0;38069.0;89.5;8.1
1720;26811511;80109.0;33840.0;86.6;10.2
1463;20623562;92960.0;40800.0;93.8;3.5
1467;12663221;75327.0;31944.0;9.0;7.9
1743;17496074;61356.0;29655.0;27.0;72.4
1744;17141507;67753.0;25079.0;18.2;81.2
1745;12290876;73671.0;33498.0;66.1;33.9
1746;14090077;99220.0;46249.0;82.6;16.6
1747;18701078;86284.0;39002.0;57.7;40.3
1748;22023616;219147.0;89075.0;10.0;10.0
1749;19278005;97869.0;44359.0;94.4;3.3
1750;15186416;126625.0;48282.0;97.4;0.4
1751;27194499;67753.0;25079.0;18.2;81.2
1752;17734048;130997.0;58616.0;44.4;54.4
1753;15499230;86448.0;37477.0;63.4;35.3
1754;11570183;140963.0;59565.0;93.5;4.1
1755;18162093;69474.0;31332.0;35.4;64.2
1756;13712537;86871.0;36836.0;87.5;9.5
1757;16118845;122519.0;52073.0;10.0;10.0
1758;18054619;195214.0;78339.0;94.6;5.4
1759;15498912;67753.0;25079.0;18.2;81.2
1760;19154676;115594.0;54462.0;96.5;0.9
1761;12377326;129813.0;55800.0;99.6;99.6
1762;18335938;69921.0;30125.0;52.9;47.0
1763;23068468;67753.0;25079.0;18.2;81.2
1764;20572628;103354.0;43647.0;98.0;98.0
1765;10173173;81859.0;38256.0;80.1;17.9
1766;11048528;85177.0;38146.0;84.3;15.5
1767;26088437;67753.0;25079.0;18.2;81.2
1719;10244212;77206.0;36349.0;97.1;2.9
1723;9931745;91878.0;36278.0;97.5;0.4
1725;20492231;80050.0;38201.0;80.1;18.8
1602;22424361;115221.0;50288.0;94.2;5.7
1768;20678587;55903.0;25511.0;29.8;70.2
1769;23390820;70654.0;33416.0;38.9;61.1
1770;13415885;64469.0;28997.0;28.9;71.1
1771;19280679;66205.0;32185.0;28.5;71.5
1821;13956875;49946.0;23328.0;21.0;78.9
1838;15228906;54048.0;26797.0;24.5;75.4
1840;28126126;88841.0;42301.0;32.3;67.6
1842;13680084;243531.0;93252.0;39.1;60.9
1843;16734459;72245.0;34326.0;46.7;53.4
1845;9352969;74717.0;33104.0;30.2;69.8
1846;22245720;81777.0;36943.0;18.8;80.3
1850;13092186;100836.0;46416.0;44.9;55.1
1851;13937866;77081.0;35545.0;31.0;69.0
1852;16326751;141020.0;70527.0;54.4;45.6
1853;19461518;53987.0;24918.0;33.8;66.2
1855;10631177;80678.0;39074.0;40.4;59.5
1857;23481033;85780.0;39994.0;57.2;42.1
1858;17709758;95702.0;39704.0;97.5;97.5
1859;15586133;67030.0;32658.0;37.6;62.3
1865;14254748;73828.0;33729.0;39.3;60.4
1807;18815966;97389.0;40977.0;42.1;57.9
1808;14412825;71511.0;32812.0;17.1;82.5
1866;13872155;56691.0;25881.0;25.4;74.2
1810;19235182;56936.0;26453.0;34.6;65.4
1811;20602871;65465.0;28478.0;38.7;61.3
1812;13868957;77443.0;35598.0;54.3;45.7
1867;10084946;65811.0;29923.0;21.2;78.8
1868;15848125;87363.0;43199.0;43.6;56.4
1870;25032621;98635.0;42393.0;54.0;46.0
1871;20172770;92376.0;46104.0;42.0;58.0
1817;17237203;70427.0;32144.0;25.5;74.6
1872;23525303;115464.0;47657.0;82.7;16.3
1819;13052955;87180.0;37450.0;49.0;49.5
1873;27571583;44848.0;20812.0;19.7;79.9
1874;16829149;77374.0;34358.0;39.1;60.9
1822;15630257;93690.0;45251.0;94.6;94.6
1809;15903291;64839.0;32182.0;27.0;73.0
1813;18851152;68119.0;27312.0;57.7;41.0
1814;23075250;47324.0;22894.0;25.2;74.3
1815;13234458;49579.0;23301.0;15.2;84.7
1816;20846573;53645.0;25340.0;26.8;71.3
1818;12087522;64108.0;29244.0;34.1;65.9
1820;22941059;89789.0;39307.0;34.0;66.0
1875;26793541;91296.0;39554.0;38.4;60.9
1877;23491458;78792.0;35008.0;64.2;35.7
1878;15974299;93129.0;46962.0;84.2;13.0
1880;10635470;80708.0;36954.0;31.4;68.5
1881;23984001;98277.0;45584.0;30.9;69.1
1888;9181453;70132.0;38084.0;84.1;15.3
1839;24196083;92168.0;39981.0;36.1;63.9
1841;28193197;134399.0;52973.0;10.0;10.0
1889;13408072;66726.0;32305.0;44.7;55.3
1890;16828425;93708.0;41945.0;81.1;18.9
1891;18658966;87432.0;40382.0;81.0;19.0
1892;28840242;130114.0;53758.0;99.7;0.3
1893;26572446;97744.0;44112.0;87.7;12.3
1894;10371347;108256.0;48762.0;86.0;13.8
1895;17774080;96451.0;47014.0;99.4;99.4
1896;14455503;175082.0;73569.0;88.0;11.5
1897;13387736;118682.0;52603.0;10.0;10.0
1898;17999366;101260.0;51104.0;87.9;12.1
1899;26811021;71638.0;31377.0;72.9;26.1
1900;12943440;84647.0;35571.0;98.0;2.0
1901;26745358;79140.0;33938.0;10.0;10.0
1902;14869368;62329.0;31520.0;26.1;71.6
1903;14650434;96982.0;42707.0;93.2;6.0
1904;14227065;126277.0;56865.0;93.5;5.1
1905;26112815;67972.0;32592.0;90.3;9.1
1988;9270413;62362.0;29307.0;89.4;7.1
1989;19989557;85044.0;38486.0;55.3;44.7
1990;24060267;62362.0;29307.0;89.4;7.1
1991;24309751;62362.0;29307.0;89.4;7.1
1992;28694448;74909.0;38437.0;54.6;45.4
1993;24663807;62362.0;29307.0;89.4;7.1
1994;22715986;71338.0;33563.0;74.9;25.1
1995;16991370;71261.0;31628.0;52.3;47.4
1996;12417847;62362.0;29307.0;89.4;7.1
1997;24333439;63119.0;26686.0;33.6;66.4
1998;28066235;87316.0;34435.0;65.8;32.7
1999;13836233;83335.0;35505.0;49.2;50.8
2000;24825574;63619.0;30325.0;93.7;1.5
2001;20451238;52268.0;23857.0;83.1;16.9
2002;14130550;62362.0;29307.0;89.4;7.1
2003;27627526;66278.0;31665.0;60.5;39.0
2004;12515736;75364.0;38689.0;82.4;17.6
2005;25188774;66806.0;29246.0;88.9;9.7
2006;17971771;56214.0;26585.0;62.1;37.9
2007;20691604;77610.0;36482.0;44.8;54.2
2008;22307963;56920.0;29442.0;92.9;5.4
2009;26471457;62399.0;28642.0;90.1;9.9
1938;12010039;65450.0;31452.0;63.4;35.5
2010;28095518;172674.0;66552.0;10.0;10.0
2011;14965584;191698.0;76246.0;99.4;99.4
2012;24496448;99659.0;43923.0;96.6;2.4
2013;14220655;68295.0;30333.0;89.4;10.6
2014;19979914;74883.0;37872.0;83.8;16.2
2015;20569861;90555.0;37382.0;75.0;22.7
2016;20121357;90354.0;41531.0;87.0;12.0
2017;27938923;67791.0;33735.0;60.8;39.2
2018;13264136;73208.0;35365.0;70.7;28.8
2019;9964636;63043.0;27540.0;80.8;19.1
2020;9516246;75154.0;35976.0;76.9;21.3
2021;28602494;77695.0;36396.0;66.8;32.9
2022;21321993;86434.0;39593.0;73.5;26.2
2023;26387551;89793.0;43156.0;82.1;17.2
2024;16692145;62362.0;29307.0;89.4;7.1
2025;22641288;76846.0;34584.0;65.3;33.7
2026;28667492;56738.0;26952.0;88.9;11.1
2027;23552304;63619.0;30325.0;93.7;1.5
2028;17570518;63619.0;30325.0;93.7;1.5
2029;15107133;94468.0;44115.0;88.3;11.7
2030;15460149;46998.0;21145.0;73.1;23.1
2031;16758049;72401.0;31770.0;10.0;10.0
2032;9661810;93675.0;41331.0;68.9;27.1
2033;10668227;97942.0;43906.0;82.3;17.7
2034;26313595;90130.0;38845.0;46.8;52.9
2035;22660274;57962.0;26879.0;64.3;35.7
2036;27830979;62362.0;29307.0;89.4;7.1
2037;14469042;120400.0;52224.0;85.1;13.4
2038;12189641;68944.0;29598.0;58.8;41.2
2039;25869178;82780.0;39384.0;83.3;16.7
2040;27678295;65892.0;30118.0;39.6;60.4
2041;28931912;82674.0;37583.0;10.0;10.0
2042;18097120;73208.0;35365.0;70.7;28.8
2043;24720780;87030.0;36905.0;59.1;40.9
2044;24404621;91990.0;42442.0;89.4;9.3
2045;18750563;88175.0;44217.0;85.8;85.8
2046;26305644;91455.0;39742.0;65.6;34.4
2047;18143892;51095.0;23986.0;54.8;44.3
2048;19728173;49459.0;22595.0;24.5;75.4
2049;20771005;53390.0;25892.0;36.7;63.0
2050;22565594;52323.0;22886.0;77.1;22.9
2051;11928243;59442.0;29744.0;35.7;61.6
2052;27505317;72468.0;31287.0;49.0;51.0
2053;16773368;62391.0;25847.0;57.2;41.9
2054;12348086;92686.0;40598.0;34.2;65.8
2055;26820883;67876.0;33346.0;58.5;41.5
2056;26140931;50906.0;24341.0;23.0;77.0
2057;13074006;70793.0;33840.0;53.1;46.9
2058;22659275;62763.0;29089.0;70.1;28.7
2059;24690796;50621.0;25521.0;76.8;23.2
2060;25127779;71583.0;31971.0;64.8;33.6
2061;16096619;90975.0;42657.0;85.9;11.4
2062;15933651;109167.0;47513.0;84.2;15.8
2063;26115372;56211.0;26202.0;59.9;40.1
2064;16140243;57146.0;25397.0;35.5;63.9
2065;9080098;52984.0;24389.0;40.9;57.1
2066;9834045;45871.0;21339.0;16.4;83.6
2067;16530391;67295.0;27506.0;51.2;48.8
2068;12889963;53425.0;17867.0;58.6;41.4
2069;25516980;54557.0;24999.0;23.3;76.5
2070;9280056;35617.0;18780.0;10.5;88.7
2071;10431658;77028.0;36048.0;58.7;39.3
2072;20020486;65048.0;31467.0;39.3;58.4
2073;19806999;87367.0;38199.0;88.1;1.0
2074;13869160;49153.0;20262.0;16.8;82.0
2075;12550019;87989.0;38260.0;59.5;40.5
2076;11176215;82825.0;40725.0;74.2;25.8
2077;28902776;56645.0;26805.0;41.1;58.2
2078;28767984;60305.0;31944.0;50.5;49.5
2079;12776842;75332.0;35999.0;47.8;52.2
2080;25466573;69674.0;30473.0;78.8;19.5
2081;11215328;84328.0;36930.0;49.1;50.9
2082;24937392;57658.0;26737.0;26.7;73.3
2083;25453384;60750.0;30479.0;52.2;47.8
2084;15293752;60254.0;27377.0;67.9;32.0
2085;10955892;101425.0;50414.0;96.0;4.0
2086;13184666;67483.0;35603.0;51.8;48.2
2087;25705691;54720.0;19813.0;52.5;47.5
2088;9962190;49863.0;23731.0;48.4;51.2
2089;10379335;35388.0;17597.0;5.1;93.0
2090;13513621;65536.0;29994.0;57.5;41.8
2091;25556954;58681.0;28158.0;34.0;66.0
2092;27398338;55554.0;24298.0;96.4;3.6
2093;13170349;49114.0;22074.0;16.0;84.0
2094;20286813;34348.0;18078.0;2.5;97.2
2095;24324505;59707.0;28436.0;34.0;66.0
2096;12125141;76762.0;35717.0;56.6;42.1
2097;21959843;84193.0;37770.0;38.7;60.9
2098;9983464;45320.0;21207.0;13.7;86.3
2099;21260596;46572.0;21671.0;27.5;72.5
2100;19977794;71778.0;32824.0;8.0;18.5
2101;23785759;73110.0;32507.0;86.6;12.2
2102;18055909;41930.0;20456.0;20.1;78.8
2103;11476312;47983.0;22949.0;18.7;80.8
2104;13701798;69887.0;33514.0;52.4;47.6
2105;15289630;71992.0;32208.0;45.8;54.2
2106;10658014;78628.0;36163.0;84.6;15.4
2107;22662950;54251.0;25949.0;49.1;50.9
1772;10750624;73273.0;34763.0;54.5;45.5
1773;9813523;63262.0;28956.0;15.3;84.5
1776;22699478;52012.0;24490.0;22.0;78.0
1778;28683425;52626.0;24883.0;42.7;56.9
1782;26369417;66008.0;27191.0;59.9;40.1
1783;23532024;71443.0;31296.0;77.0;21.7
1786;23187652;57910.0;27931.0;33.8;66.2
1791;13220834;50706.0;27682.0;30.7;67.6
1794;17595297;48109.0;22451.0;28.7;69.0
1797;20896783;85095.0;35743.0;55.8;44.0
1802;21382652;73671.0;33498.0;66.1;33.9
1805;22783972;63493.0;30702.0;22.2;77.5
1823;27703161;86569.0;37900.0;57.6;42.4
1824;11807062;68673.0;30918.0;51.1;47.9
1825;15811861;60840.0;27940.0;29.9;69.5
1827;18760824;69371.0;31307.0;57.5;42.5
1830;24065411;154212.0;68139.0;77.2;22.8
1837;27579482;79464.0;35361.0;76.6;23.4
2108;12653508;49731.0;22978.0;28.8;7.0
2109;28696510;93663.0;38280.0;78.9;19.7
2110;27886758;53537.0;24266.0;28.4;71.4
2111;18616969;82039.0;37906.0;36.2;63.8
2112;18964532;128058.0;48918.0;62.3;37.7
2113;18975796;92437.0;45871.0;63.2;36.8
2114;13620948;63675.0;29339.0;33.8;65.8
2115;15464053;49452.0;23024.0;12.8;86.7
2116;23387329;58537.0;26800.0;24.5;75.5
2117;28960017;52077.0;23135.0;31.5;68.4
2118;23715655;61930.0;28948.0;36.7;63.0
2119;28720153;119210.0;47204.0;79.1;19.5
2120;18469932;40841.0;19537.0;13.4;85.4
2121;24516941;58915.0;29217.0;35.9;64.1
2122;14806048;61410.0;28755.0;20.7;79.3
2123;24935861;70811.0;32810.0;17.8;82.1
2124;22738199;93921.0;38144.0;41.7;58.3
2125;11860602;69302.0;32392.0;36.3;63.5
2126;27911910;66282.0;30793.0;38.8;61.2
2127;13557660;77712.0;34631.0;45.3;54.3
2128;26085339;51344.0;23582.0;27.7;72.1
2129;21813295;88082.0;37055.0;59.6;40.1
2130;20271199;52581.0;24659.0;25.1;73.1
2131;25446518;50028.0;23160.0;13.2;86.4
1774;10172561;57576.0;26046.0;35.2;64.8
1775;16290932;86946.0;42190.0;41.9;58.1
1777;25991711;90637.0;37586.0;55.8;43.6
1779;20711339;65014.0;30543.0;44.9;55.0
1780;21894486;58525.0;26858.0;28.8;70.7
1781;25288987;61262.0;26959.0;29.1;70.5
1784;10553987;68632.0;30512.0;39.7;60.2
1785;10160696;68015.0;31164.0;35.3;64.2
1787;13234415;53273.0;24931.0;24.8;72.9
1788;25950124;56777.0;28319.0;25.3;74.4
1789;27216567;60364.0;28282.0;29.8;69.8
1790;13294560;67504.0;30352.0;33.4;66.0
1792;18100543;63376.0;28988.0;28.1;71.9
1793;22659189;43668.0;20467.0;28.4;70.9
1795;10884361;68607.0;32689.0;35.3;64.4
1796;20023809;59857.0;29355.0;25.4;74.6
1798;11151391;68691.0;32573.0;26.4;73.0
1799;16473549;60364.0;28282.0;29.8;69.8
1800;17597494;58600.0;26907.0;35.1;64.9
1801;20364428;54855.0;24876.0;33.1;66.9
1803;26713386;69095.0;31347.0;48.1;51.9
1804;12471040;74717.0;33104.0;30.2;69.8
1806;14259736;53216.0;24163.0;35.6;64.2
1826;17976311;69010.0;31687.0;26.1;73.9
1828;16252830;52313.0;24212.0;22.4;76.5
1829;23802241;53087.0;24882.0;33.8;65.7
1831;19916738;57326.0;26427.0;31.9;67.8
1832;23187084;56429.0;27914.0;25.1;74.9
1833;18307064;68119.0;27312.0;57.7;41.0
1834;22106537;75928.0;34485.0;34.9;65.1
1835;24941575;70627.0;32694.0;34.7;65.3
1836;28273106;58184.0;29327.0;38.0;62.0
1882;20282331;69326.0;31933.0;38.2;61.8
1883;28657627;164706.0;65736.0;80.7;19.3
1884;18330981;56171.0;25387.0;31.8;67.9
1886;17084914;117038.0;55407.0;88.1;11.9
1844;19516972;68166.0;31439.0;23.0;76.7
1847;17834653;67339.0;31508.0;33.2;66.5
1848;24414458;80004.0;33021.0;71.5;27.2
1849;24254560;88156.0;39491.0;39.5;6.0
1906;17659054;91944.0;42270.0;94.3;3.4
1907;28245256;63390.0;34107.0;62.4;37.4
1854;9589688;81847.0;37399.0;55.9;43.5
1908;13439463;73129.0;33116.0;93.9;3.2
1909;23389134;66532.0;35447.0;51.3;48.1
1856;14164340;53002.0;23512.0;3.0;7.0
1910;16164955;54285.0;27865.0;49.5;50.5
1911;13884541;97761.0;43903.0;76.9;23.1
1369;23874650;157263.0;64066.0;10.0;10.0
1912;15224927;56750.0;23981.0;46.2;52.7
1913;27974418;97376.0;46406.0;85.8;14.2
1860;28470793;65404.0;29799.0;33.2;66.4
1914;11752078;73574.0;33159.0;97.3;2.0
1861;14687965;88698.0;41038.0;69.1;30.9
1915;14778332;110650.0;46597.0;67.8;32.2
1862;10192164;131817.0;53203.0;96.9;96.9
1863;19169252;54018.0;26143.0;21.9;78.1
1916;10356575;82588.0;35177.0;79.4;19.9
1917;19150565;171404.0;60825.0;10.0;10.0
1864;11305198;81826.0;32109.0;74.1;24.2
1918;11840752;97596.0;45904.0;90.8;9.0
1919;10583782;83109.0;38778.0;84.4;15.6
1380;9352768;80564.0;36827.0;91.5;8.5
1869;9758682;46198.0;22210.0;14.7;84.7
1920;13372572;185574.0;74226.0;98.7;98.7
1921;22008220;59533.0;27293.0;77.4;21.1
1922;22667407;201165.0;83153.0;10.0;10.0
1923;28904545;97592.0;45659.0;87.7;12.3
1924;22919431;93359.0;45722.0;77.2;22.8
1925;22850689;74698.0;33886.0;87.7;10.6
1926;14495549;73808.0;35497.0;81.2;18.5
1876;11247439;68200.0;31571.0;46.3;53.7
1927;15634697;78927.0;34291.0;68.3;30.9
1928;20765268;189771.0;79110.0;86.8;13.0
1879;24773394;68749.0;30831.0;44.4;54.7
1929;16942315;85045.0;38267.0;72.6;27.4
1885;15051542;171190.0;73008.0;90.4;9.6
1930;12028352;118026.0;51610.0;10.0;10.0
1931;13816875;84525.0;34639.0;79.4;18.9
1932;22314414;74593.0;31180.0;81.0;18.1
1933;10828382;117037.0;50664.0;98.2;98.2
1934;16118670;132991.0;58437.0;78.8;17.8
1935;11965386;85776.0;38209.0;81.1;18.9
1936;25400447;105841.0;46345.0;97.2;2.8
1937;10030439;92135.0;35619.0;91.6;5.9
1887;12833469;72012.0;33199.0;4.0;59.6
1939;19795246;77483.0;36936.0;96.4;3.0
1940;14815203;59289.0;22734.0;89.2;8.1
1941;24626550;85520.0;42707.0;87.2;12.8
1942;16710904;62145.0;25742.0;88.2;11.8
1943;18856856;45303.0;21812.0;88.5;11.5
1944;22802268;86300.0;44170.0;94.5;5.5
1945;17539842;76030.0;36944.0;82.3;17.7
1946;11138340;73165.0;35264.0;76.8;22.9
1947;20419236;54952.0;24169.0;92.4;7.5
1948;27892669;60719.0;26895.0;83.3;16.7
1949;9460358;81219.0;34522.0;85.1;13.6
1950;15479802;90975.0;42657.0;85.9;11.4
1951;16924192;68662.0;28418.0;87.5;12.5
1952;14995650;59931.0;27790.0;70.4;29.2
1953;26381115;68678.0;28775.0;93.0;93.0
1954;15596742;76903.0;31633.0;82.0;16.0
1955;18918160;94016.0;40684.0;86.0;10.1
1956;17882915;90568.0;39561.0;90.6;9.4
1957;21024245;56562.0;25996.0;61.0;39.0
1958;19772442;98046.0;41776.0;74.1;25.9
1959;24918468;50621.0;25521.0;76.8;23.2
1960;22991975;55719.0;23799.0;47.7;52.2
1961;25837105;70854.0;33240.0;18.2;81.8
1962;23168732;52797.0;25213.0;85.0;15.0
1963;18386265;72880.0;33098.0;75.6;24.3
1964;21280000;45706.0;23029.0;20.5;79.5
1965;26810461;73928.0;34880.0;47.0;51.3
1966;15000494;73165.0;35264.0;76.8;22.9
1967;11649663;155270.0;57204.0;43.4;56.6
1968;27622646;90522.0;39565.0;90.6;9.4
1969;26358596;89606.0;41867.0;56.8;43.1
1970;23857844;63628.0;30503.0;70.2;26.0
1971;20267628;98519.0;56157.0;57.1;42.9
1972;27106752;73165.0;35264.0;76.8;22.9
1973;16195368;108273.0;53132.0;87.7;10.5
1974;25185378;89324.0;40343.0;51.8;48.2
1975;28145743;46876.0;21826.0;20.1;79.7
1976;16939242;79930.0;36006.0;39.9;60.1
1227;17457761;84025.0;36338.0;88.6;11.4
1977;24247066;87651.0;39080.0;79.3;16.6
1978;27756104;73165.0;35264.0;76.8;22.9
1979;23935647;70492.0;31080.0;91.8;6.5
1233;9744225;61325.0;28995.0;90.7;7.3
1980;24094618;53004.0;24626.0;97.4;97.4
1981;26350311;72468.0;31287.0;49.0;51.0
1982;19063386;55598.0;27143.0;86.7;11.8
1983;16705282;80715.0;36136.0;82.9;16.7
1984;16248330;61982.0;26794.0;67.6;30.3
1985;18123753;88812.0;37033.0;89.8;10.2
1986;20961218;73110.0;32507.0;86.6;12.2
1987;27405663;94346.0;40778.0;86.6;13.4
