CARACTERISTIQUES_PRINCIPALES_ID;ID_REMAX;SUPERFICIE_TERRAIN;NOMBRE_PIECES;ANNEE_CONSTRUCTION
1;26013325;13421;13;1978
2;19909549;12157;7;2011
3;14372056;0;12;2010
4;14923360;16656;12;2010
5;14279516;2;7;2004
6;22027607;3843;9;1992
7;26888978;6500;12;2007
8;22084186;57538;11;2007
9;12981836;522720;8;1990
10;14371921;27135;11;1969
11;19292461;23955;19;2009
12;13917785;2;7;2004
13;17535365;10788;11;1951
14;14551882;6000;7;1979
15;21264976;0;5;1975
16;19145651;2494;9;2013
17;22519373;0;5;2019
18;12865880;2;7;2004
19;9736715;7454;11;1964
20;17546793;0;7;2003
21;28362642;878335;7;1980
22;15982544;5124;12;1995
23;11590805;15132;10;2019
24;10038716;4994;10;2008
25;13266413;6200;14;2007
26;20681756;1770;10;2006
27;14627185;108256;6;
28;21647717;0;6;2010
29;13637247;6845;15;1988
30;13617790;9192;8;1969
31;14585324;0;9;2012
32;11802374;6096;9;1958
33;27776787;2;7;2004
34;26766752;6200;7;1973
35;13353717;13798;12;1906
36;18492709;2;7;2004
37;16949699;17494;7;2011
38;20891259;2639;8;2007
39;18680283;33955;12;2018
40;27866607;11444;8;1973
41;23562415;37000;4;1975
42;21931910;4542;5;1956
43;28077024;40084;8;2007
44;15747773;0;8;
45;25944260;0;6;1987
46;26042588;8060;11;2006
47;20213474;7218;17;1986
48;28600931;0;7;2017
49;26732736;0;6;1987
50;23409855;0;9;2015
51;12091107;3352;9;1986
52;17494486;16687;9;2009
53;19841907;20017;14;1994
54;25616484;4088;12;2004
55;13034788;262705;7;1989
56;25592035;2777;9;1996
57;12782121;1702;11;2012
58;12127700;0;7;1988
59;23816069;5533;7;1972
60;19339735;15000;10;2012
61;13112506;10748;11;1960
62;27197804;20871;6;1971
63;12528714;53015;11;2007
64;28918732;13250;6;1980
65;15314076;0;9;1947
66;16620292;4386;8;1945
67;25039877;16297;17;1983
68;13546802;16921;11;2001
69;16105098;0;6;1971
70;17191558;153;5;2013
72;28140589;43550;18;1978
73;20889663;7919;13;1957
74;23905518;4836;13;1905
75;17027719;0;14;2010
76;22825819;4946;9;2012
77;22688211;4150;11;2008
78;27821090;0;9;1980
79;24567421;9412;8;1985
80;27638446;48276;10;1968
81;20424250;76065;6;1960
82;28481213;5600;5;1992
83;19867455;6569;9;2017
84;25562646;43056;6;1996
85;9688835;14764;12;
86;14048581;5725;12;2018
87;20391586;0;6;1991
88;20592166;8036;10;1966
89;21050591;0;6;2008
90;10348860;28093;17;1975
91;23906629;0;6;2005
92;22508026;1833;12;2012
93;20193179;40045;20;2010
94;12639093;6200;8;1960
95;13068017;0;5;2009
96;21040246;0;7;2010
97;9178683;0;9;2008
98;28694284;198474;14;1977
99;14600164;0;7;2012
100;22872807;5002;11;1954
101;21223551;8035;12;1997
103;15499808;65455;11;2014
104;10103255;0;5;2016
105;15923519;3653;10;1850
106;12106357;0;11;
107;23573928;0;5;2001
108;16496436;3750;10;1978
109;18000194;34501;18;
110;19091698;9212;7;2012
111;11083640;0;8;1987
112;24048180;5983;10;1967
113;23054979;0;6;1996
114;17430485;7500;8;1952
115;24551060;45302;11;2003
116;24750235;2169;9;2001
117;17214946;2606;8;2014
118;27912525;2194;10;2009
119;18635892;30519;11;
120;13883834;8077;12;1985
121;15169421;0;10;1957
122;14672564;14142;12;1994
123;22717879;30600;12;1968
124;24504347;0;10;1988
125;28114114;0;5;
126;25346029;27470;5;1955
127;14424243;14600;4;
128;18541673;4623;8;2007
129;13801127;0;5;2008
130;27695312;0;8;2015
131;15739398;4204;7;
132;19433427;32299;9;1928
133;21112889;25240;10;
134;14932892;0;5;2014
135;20835389;17795;6;1967
136;18880929;3342;12;2013
137;19473963;5410;10;1994
138;23664618;5582;17;1990
139;24669182;0;7;1995
140;12903107;7535;17;2007
141;13571911;6005;12;2006
142;13187008;261958;20;2004
144;20329916;71733;22;1996
145;28575678;8127;13;1971
146;17358466;22565;14;1949
147;14343496;0;6;1922
148;13609945;3458;13;2003
149;23692670;8398;4;
150;25697169;8304;11;1965
152;20628129;60855;7;1970
153;10396930;2525;16;1900
154;25487257;8855;10;1992
155;23378298;6411;12;1986
156;19721870;4196;10;1977
157;16277466;0;6;
158;25854126;478;13;1986
159;11607572;4096;9;2015
160;26861233;5974;13;2010
161;19168526;17784;10;1900
162;13704063;6480;6;1975
163;13651583;5000;14;1991
164;22045283;13895;14;1976
165;20814596;8453;7;1978
166;28494223;0;6;2011
167;10109479;87051;12;1970
168;18524327;11666;7;
169;22359958;0;4;2006
171;27644262;0;2;
173;23161384;0;4;2014
174;27271017;971646;11;2006
175;13469831;6534;7;1983
176;15923007;3520;11;1978
177;18993519;3853;12;1978
179;11318012;12870;10;1959
180;22871949;2300;6;1945
181;17569112;0;6;2009
182;22174598;36361;5;1935
183;10358728;0;6;2011
184;25193175;6490;11;1964
185;26327498;5909;8;2003
186;25345113;0;5;2002
187;18152911;5506;11;1953
188;13251350;6304;13;2017
189;16442916;10290;13;2002
190;13077415;10115;11;1961
191;21242021;3000;10;1986
192;26294518;6176;9;2016
151;28987169;11410;7;2008
143;10311828;26952;14;1910
172;22498335;6931;9;1975
194;10152822;0;7;1987
195;27777739;11197;12;1986
196;13216164;22540;7;1960
197;25257203;0;4;2012
198;16303756;6663;12;2002
199;19201746;0;8;2015
200;20734918;20450;7;1972
201;9515501;6086;11;1985
202;21281082;0;6;
203;9844201;6681;10;1885
71;15777392;5434;8;2008
204;15793011;0;6;1987
205;11902769;16147;12;1997
206;25532163;34070;13;2010
207;27390631;19191;6;1998
208;16764151;5258;8;1987
209;9797913;0;7;2009
210;20822320;5031;10;1990
211;20867507;25626;10;1920
212;17090058;18425;8;1935
213;21837250;101375;7;2011
214;28053436;6828;16;1977
215;26990344;5835;10;2013
216;9211418;4133;5;1945
217;11567788;6533;10;2010
218;15562061;5168;11;2008
219;16408410;4860;9;1955
220;17182759;1855;9;2016
221;26762556;23987;10;1983
222;16132691;47367;8;
223;10613254;8979;9;2003
224;15860571;10740;8;1996
225;15807448;5419;8;1989
226;26355518;5400;7;1955
227;12696684;11146;5;1977
228;22341241;11185;9;1967
229;24355806;4880;14;1960
230;14865740;4500;9;1965
231;27583755;2310;7;2015
232;19185419;0;7;2013
233;20856593;64625;7;2001
234;23606872;6356;8;1976
235;25919419;0;12;1968
236;17802174;3713584;11;
237;28965515;365;9;1994
238;9959075;7633;13;2000
239;9845280;0;13;2011
240;10965008;0;8;2019
241;27526296;0;6;2011
242;9853394;5696;16;1994
243;18190929;17603;7;1977
244;14227868;6297;14;2011
245;13268995;99551;10;2013
246;17457091;13617;11;1960
247;18681175;3749;11;1951
248;12922894;6500;12;1968
250;27608308;2332;12;1948
251;13397534;0;5;2014
252;28554852;0;7;2007
253;25159336;48234;12;1993
254;23762743;0;3;2017
255;13073434;1998;9;1958
256;19921100;5827;9;2019
257;20655960;7392;8;1907
258;17901301;7787;13;2009
259;15334415;0;5;1985
260;27238520;0;6;2013
261;19064650;59033;14;2011
263;22158136;2000;10;2008
264;18745715;4337;10;2017
265;26697827;0;5;2014
267;21877435;7067;14;2005
268;17360510;6750;12;1994
269;19580381;698;6;1875
270;20154571;11176;9;1999
271;21959477;7805;14;1922
272;11238864;7690;10;1967
273;20234827;0;8;1980
274;14489949;68925;10;2014
275;24041710;16927;8;1954
276;28689972;0;6;
277;13597902;0;6;
278;11167789;92120;14;2013
279;11504422;11958;5;1945
280;14491222;4044;10;1999
281;13530821;12871;9;1984
282;27729578;0;4;2013
283;27855140;80234;13;1992
284;18551958;0;6;
285;13098967;0;6;2012
286;12839632;0;8;2012
287;24468454;0;7;
193;15567489;20423;17;2008
289;19367218;27559;5;1965
290;10541237;0;6;
291;21948760;0;8;
292;21597649;0;6;2012
293;25106278;6307;7;1988
294;24331754;9001;7;1978
295;15855210;0;5;1988
296;15927377;0;4;2017
297;18388666;0;4;1962
298;25580450;38467;8;1936
299;17003046;0;7;1972
300;28476565;4528;12;1972
301;11447817;0;6;
302;20887314;0;8;2010
303;11332355;6350;10;1959
304;16638031;39985;12;
305;18160294;3260;12;2011
307;16346432;0;6;
308;17950250;12723;10;1980
309;22003568;0;9;2007
310;23223261;16194;8;1983
311;11044970;0;9;2016
312;19161830;5643;7;2013
313;15117093;6163;10;1999
314;24200114;2601;9;1988
315;23571363;16476;12;1987
316;17112386;0;6;
317;14147614;47256;9;2004
318;25142452;0;11;1988
319;26971728;4368;7;1958
320;9530205;6889;12;1971
321;14746798;51253;12;2004
322;27835385;4560;14;1967
323;15411641;76001;9;2016
324;23791161;5400;10;1962
325;12202600;0;7;
326;28336359;0;3;2018
327;28167034;5020;4;
328;18165837;4900;16;1981
329;19484913;9020;12;1954
330;25776466;12278;7;1900
331;13326377;29321;7;1987
332;17227876;9812;10;1962
333;20218583;8027;15;2000
335;20161492;0;10;2013
336;20893776;0;6;
337;22401466;5974;14;2013
338;16743824;27999;12;1977
340;11029723;10440;14;1996
341;25341813;5002;10;1983
342;13940911;7214;14;1990
343;25567865;1350;12;1992
344;20316214;3913;9;
345;20094643;45723;12;1993
347;11584690;81784;14;
348;11001504;1761758;10;1970
349;23885796;11711;8;1975
350;21869895;6042;10;1948
351;17226516;0;7;1991
352;12661717;37491;14;1971
353;14111309;0;6;2007
354;28165175;7664;10;1976
355;10240384;0;6;2013
356;19238841;5980;11;1982
357;22489034;0;4;1924
358;28822184;7056;12;1976
359;21346020;32292;12;2003
360;18777919;5040;13;1967
361;11804949;4350;9;1958
362;14156669;2132;10;2015
363;23821004;10058;5;1960
364;26185127;12368;14;1891
365;27964672;22400;9;1968
366;18315452;192743;19;2008
367;28849686;11673;8;1925
368;24562393;11827;13;1973
369;14013669;44083;11;1955
370;17000369;1011;4;2014
371;24747850;41325;14;2003
374;22284778;8719;13;2008
375;22767845;2800;7;1942
376;12933253;7560;13;1951
377;11006181;8946;9;2016
378;18020049;0;8;2012
379;27956713;0;8;1969
380;22289560;7182;11;2016
381;10119754;4986;12;2004
382;18379720;30166;11;1978
383;20476904;5535;9;1972
372;16792244;1993;8;1971
373;11578890;0;7;1988
339;28379457;88242;8;2000
288;16933270;6913;16;1984
346;27755557;53836;14;1942
384;16294314;19542;12;1987
385;26355392;47669;12;
386;17946690;5430;13;1956
387;13801222;0;8;1984
388;20486508;1588;6;1952
389;25548752;4865;11;2007
390;25060518;6480;13;2008
391;22652419;97181;12;1968
392;19096701;11735;12;1996
393;27393279;43669;11;
395;28157900;0;7;2015
396;10314623;0;6;1925
397;26765308;0;4;2014
399;23544705;3060;9;1972
400;14273842;9761;8;1979
401;17752931;0;4;2013
402;19292491;1593;7;1885
403;16096792;6910;14;
404;21978173;23326;12;2006
405;25929848;634;5;2013
406;16529290;0;6;2011
407;12423492;4676;12;2016
408;24010640;44761;6;
249;19974143;14106;11;1988
262;26658558;43745;9;
266;14102691;7802;13;1986
410;23133154;7934;11;1995
411;11186991;0;10;2012
413;16094078;0;6;1990
414;24096226;17448;7;1960
415;13814621;7665;12;1963
416;13979205;0;4;1986
417;9676291;0;7;1985
418;25307408;0;5;2009
419;10618672;0;3;
421;13081553;0;8;2011
422;23940986;5450;6;2019
423;23517809;0;6;2018
424;21881306;15931;9;1975
425;24051449;5000;13;1950
426;12122657;3300;10;1949
427;21391196;5590;7;1963
429;18540678;0;7;2014
430;17904652;5651;11;2009
431;26383794;0;7;
432;15062727;2720;6;1825
433;21787375;87950;11;1957
434;27341319;14719;10;1990
435;28306440;0;10;1967
436;15818969;5697;8;1971
437;13852283;3799;13;1910
438;11837342;624;9;2016
439;14700618;0;7;1965
441;14844876;75639;15;
443;24236353;1094;5;1985
444;10360877;0;8;2015
445;17041719;0;8;2013
446;22723177;0;8;2004
447;9968928;7348;12;1962
448;18470944;14000;14;1929
449;22882589;0;6;2004
450;10314589;6491;10;1960
451;20055792;0;9;1990
452;13003651;6491;10;1900
453;13922450;10469;22;2015
454;25246535;14769;11;1988
457;16029989;8775;6;
458;27977848;1938;12;1989
459;11192562;9256;22;1991
461;24951333;16191;9;2006
462;16359715;9472;13;2003
463;9261648;0;12;
464;18787136;0;8;2011
465;14788671;8775;6;
466;27780344;16428;14;2003
467;26202473;0;7;2019
468;14433972;0;8;1977
471;27082609;5086;10;2016
472;21993635;6403;15;1945
474;10122090;0;9;1991
475;24718351;10993;12;1964
394;16363289;4050;8;2001
476;12128835;53820;6;2014
398;11419082;29120;9;1996
460;15279921;18750;15;1978
409;17454197;7170;9;
477;28287185;0;7;2019
478;20395081;27999;8;1988
479;20393800;47374;16;2012
480;19423273;2991;13;2007
481;25517953;4950;12;1968
482;19717162;4024;11;2010
483;14331484;2599;7;1953
484;24428018;10049;14;
485;20115235;7140;12;2008
486;27638710;27269;9;2012
487;27452471;1539;7;1991
488;18172160;5535;9;1965
489;28608802;6350;14;1971
490;24745441;6290;6;1955
491;14944765;0;9;2012
492;23520767;8609;9;1955
493;9116049;6876;19;1987
494;14172226;17689;9;
495;10271617;11059;10;1957
497;22471796;52552;6;2009
498;23897678;6000;11;1976
499;12845927;6529;12;2013
500;14433780;4881;11;1955
502;15187789;22878;7;
503;17707170;8417;8;1970
505;16932784;19412;13;1982
507;25405879;0;9;2017
508;10333097;5400;10;1955
509;17766459;0;6;1947
510;24651597;19501;14;1967
512;14718294;7550;8;1999
516;25062207;8048;14;2005
517;11370479;8522;14;2004
518;22436628;12984;10;2003
519;24882360;0;4;1977
520;22577692;0;9;2016
521;23222696;12560;7;2010
523;25526986;37435;7;1970
524;23021197;5316;10;1985
525;10719350;27862;11;
526;17816537;4900;10;1956
527;21245203;0;6;2012
528;20525024;62131;13;2004
530;17823828;53920;9;1978
531;26517237;4616;11;2006
532;23946505;3471;9;2017
534;18392574;38978;12;1999
535;9727858;16142;8;1945
536;20289117;30000;14;2005
537;9885950;23508;18;2002
538;15485956;6696;9;
539;20565456;28775;12;2012
541;26275453;5251;13;2011
542;27334860;5200;9;1987
543;23842693;58025;20;1946
544;25124616;5328;13;2013
545;11442135;21874;13;2011
546;23800978;0;10;2007
547;18094061;0;4;1977
550;16183927;30683;14;2013
551;20304694;0;3;2017
552;19237282;48539;14;2008
553;12730188;16350;13;1978
554;16552178;35876;9;1935
555;11608098;0;2;
558;23787252;0;6;1995
563;19687943;19500;14;1974
566;10095799;0;4;2014
570;19234581;4386;12;1985
571;14207594;0;3;2016
572;14279789;21166;11;1948
504;21781475;19199;10;1979
506;27198892;4999;8;1948
511;25244724;136777;17;1925
513;26544047;64075;15;2002
522;9509086;8990;11;1973
529;17989064;21395;13;1997
533;14308798;3641;11;1997
514;11713551;8812;17;1995
548;25662332;2051;11;1989
549;17228795;3683;14;1949
501;21096427;0;6;2000
515;21509238;0;5;2010
560;20699675;1354;9;1973
496;14585024;5584;14;
540;11978077;8859;10;1953
573;12022785;0;6;2015
577;28358130;7737;6;1967
578;12485240;6204;13;1975
579;16209712;0;9;1988
580;11427685;90079;15;1996
582;11582437;3048;10;1991
584;11226099;43559;9;2014
590;25528538;6005;13;1963
591;14155455;2959;12;1974
592;14464565;4522;7;1956
593;15508736;2155;11;2010
596;12337231;14810;14;2005
599;23345821;3068;12;1992
601;25977335;3106;12;1987
602;23070621;0;6;2014
412;10166034;47460;11;1989
420;22060867;36457;11;2004
428;26899585;0;8;1995
440;28326813;3845;10;2001
442;28927766;9676;20;2012
455;19370350;30000;9;1989
456;21205647;5425;6;1991
469;16748566;0;6;
470;28646238;52024;6;1999
473;16136217;3169;11;2004
604;20289972;7134;6;1950
605;11086891;0;7;2014
606;22869982;0;5;1971
608;25425792;6340;11;1949
609;17991701;62151;12;1973
612;28704318;6455;16;1988
613;22485977;3864;12;2009
615;18427533;124627;19;1977
616;18451207;5172;14;1988
617;28552720;0;8;1997
620;23277636;3450;8;2004
621;27604876;1394;9;1989
622;24804695;5447;12;2004
623;24178269;7504;14;1969
626;13311729;0;6;2012
627;11881999;6048;9;1950
628;16276036;9708;12;
629;19204760;2125;9;1954
634;23997117;0;6;2015
635;21434527;3342;7;1986
637;10681341;25288;6;2008
639;17363693;30462;9;1985
640;26672497;0;5;2003
642;21546275;5611;11;1977
643;21453879;4844;12;2011
644;26887656;7212;14;2001
645;22735277;7584;11;1990
646;17906536;1766;10;2000
647;10313702;63055;10;2015
556;23582705;7187;10;1957
557;19511729;10154;10;1981
559;11992872;4973;5;1948
561;18585020;0;3;
562;25055060;64803;10;2012
564;11589915;0;6;
565;28403485;7000;15;1973
567;28757275;150;8;2014
568;14201845;13605;6;2011
574;9995311;5812;5;1964
607;15541999;4950;9;1958
641;20462289;20553;11;1978
618;28218890;23502;12;
619;15012800;28452;10;1964
624;15477955;0;9;2007
625;22622568;8251;15;2012
631;25520965;11464;10;1975
633;19583599;6070;18;1997
610;12278844;5403;9;1970
611;28351289;0;7;1988
632;20008689;32753;16;
636;20959718;0;7;2010
638;10327417;8470;10;1973
614;24459365;0;5;2003
569;23849157;32181;14;2009
630;17129914;15089;12;1977
603;22845474;58007;7;
575;27735580;12208;14;2007
576;9642451;5059;11;1988
581;19646565;768;4;2013
583;27091274;5040;10;1964
585;24722465;3261;12;2001
586;28380779;0;7;2009
587;17152479;19637;11;
588;14710845;0;6;1990
594;11120581;4000;11;1961
595;17176427;7860;12;2003
597;18092256;0;3;2012
598;23401245;8873;13;2000
600;25027591;0;8;2005
648;11854132;0;8;2003
649;17998864;32339;10;2003
650;17230348;0;4;2019
651;10925994;0;5;2012
652;24720245;5856;10;1962
653;25407372;0;7;2014
654;17951134;4969;11;2009
655;11094330;12484;8;2004
656;28192445;9924;6;
657;18857738;0;4;2005
658;20726185;6405;10;1997
659;24761966;4500;10;1988
661;24507629;11733;5;1998
663;12378406;3216;7;
664;22844482;0;5;1987
665;20073516;0;9;1952
666;18784128;8775;6;
667;9744267;0;6;1952
668;20997217;6558;11;1973
669;21541994;0;6;2010
670;20375189;7274;12;1961
671;13730805;4062;7;2004
672;26476343;5022;10;1973
673;28729363;40000;8;2018
674;17978936;0;6;2008
675;21490155;9164;14;2005
676;15231684;12563;11;1920
677;14188779;0;5;2007
678;15692634;0;9;2006
679;27620764;0;6;2010
680;10682009;5952;12;1969
681;15158108;4407;11;1947
683;23727190;2980;10;1971
684;9974821;5850;12;1975
685;15998027;16921;10;2014
686;9756375;60891;8;1965
687;9392582;5662;11;2012
688;20642934;0;7;2010
689;12479474;15041316;11;1972
690;28019175;2668;7;1921
691;24355006;0;8;2011
692;20787824;8775;6;
694;18087872;5193;11;1979
695;16868952;5474;4;1960
696;19602290;59986;9;
697;13405335;4307;13;2002
698;11617006;0;5;2019
700;24803870;0;5;2019
701;22113973;4844;9;1946
702;26485489;0;7;2006
703;14110898;5610;7;1992
704;9741553;7199;9;1968
705;23612942;8285;7;
706;9179876;522720;9;2016
708;18614386;13251;6;1978
709;21931455;688;5;2012
710;26024060;0;10;1952
711;25938815;0;9;2012
712;27431892;0;7;2012
714;24995077;3605;13;2006
715;17487728;0;5;2009
716;20667591;0;6;2015
717;23394329;1926;9;1998
718;18865436;4133;6;1950
719;13993169;4422;9;1974
720;27391015;16626;8;
721;24642160;4950;11;1970
722;23317738;5039;8;2009
723;14879082;7275;13;1961
724;23026517;0;5;2014
725;28169895;0;4;1969
726;16171645;0;6;1910
728;20067232;6500;8;1970
729;12290093;2293;4;1938
682;28353804;9295;13;1975
589;25201502;14793;7;1987
662;25580572;5121;8;1991
693;18040925;4728;9;2011
660;26546957;16898;7;2011
699;22181645;4707;13;1999
713;13446715;11825;7;1984
730;13625943;7150;10;1957
732;24009715;0;8;1991
734;17543958;42228;7;
735;28807721;5300;15;1951
736;19092028;41609;16;2011
737;10974904;11499;6;1925
738;16478810;0;6;
739;26385974;49056;13;2008
740;13320804;0;7;2003
741;27643530;25610;8;1976
743;24726976;0;10;2017
744;9183410;0;4;
745;9219272;0;3;2010
746;14678811;37500;6;1965
747;14676119;4921;7;1997
748;13372544;18792;16;1928
750;27048141;21578;16;1837
752;22794767;26205;15;1986
753;12295534;20000;7;1979
755;12891545;8827;14;2011
757;15832622;15390;16;1966
758;28919261;3360;12;1955
760;9268072;5400;10;1963
761;9253354;6119;21;1991
762;18202994;5533;12;1982
763;25365483;0;7;2016
764;27539279;8455165;15;1850
766;13517347;11136;15;2010
767;11990619;10118;7;1971
768;22176701;9360;9;1985
769;9451873;3472;11;1993
770;16727307;0;8;1999
771;9564775;0;5;
772;27690975;0;5;2007
776;27021667;1800;10;1972
777;22983006;18692;8;2017
778;26040077;0;9;2014
779;22812124;2812;8;2008
780;23885932;19638;9;1970
781;28529843;6270;11;1960
782;28041769;4921;13;2000
784;24589683;1367;6;2008
785;15775605;2832;5;1931
786;13034191;6674;10;1977
787;10447246;1771;12;1993
788;28768549;8433;20;1953
789;13847238;0;11;1986
790;9364121;14740;16;2013
791;15343561;5946;13;2010
792;21272033;11480;12;1977
793;14208766;0;1;2003
794;24724447;0;11;1976
795;24769107;0;5;2012
796;17030703;0;12;1994
797;26474429;34117;11;2017
798;9491744;4413;8;2005
799;15704029;33525;8;
800;12419342;948;9;1982
801;28623362;2351;13;2016
802;15747271;0;4;1966
803;28360457;0;7;1944
804;28878722;4392;8;1979
805;18949728;0;6;1995
806;13368078;38543;12;2006
807;17626441;10824;12;1958
808;15381666;6500;10;1968
809;22373917;9410;12;1962
810;19589606;2000;14;1973
811;27484526;33042;9;2013
813;25250000;0;6;
814;27743484;0;5;2012
815;17965001;0;8;1981
816;14696508;2627;9;1993
817;17703379;0;7;2009
818;10806267;1401;11;1994
819;9699787;33705;9;1942
820;20477657;13500;11;2014
821;16213779;5931;10;2003
822;27889857;0;6;2004
823;16575767;36800;12;1979
824;22212286;0;5;2012
825;19612871;4844;12;1987
783;18406939;4950;14;1954
775;23657750;0;8;2004
731;12712795;49356;20;
749;11571583;6886;12;1977
812;19000686;6600;13;1991
826;26015713;20542;9;2017
827;15894687;0;5;2012
828;22731959;9017;10;1987
829;28781767;5885;8;1979
830;21242672;6817;7;1969
831;12537675;9800;5;1930
832;22957222;0;10;
833;17326193;0;5;2013
835;14942749;0;11;1989
836;19645137;6542;8;2003
837;15577878;64206;19;1988
838;18458854;0;6;2011
839;19009957;22782;6;1972
840;17506700;2160;6;1941
841;10494251;0;10;2017
842;21804999;5193;12;1994
844;22941904;9185;14;2018
845;20201380;54394;12;1970
846;17651615;0;10;2013
847;19154103;2482;10;2001
848;11891110;0;4;1984
849;26782349;0;9;2006
850;19812664;616;8;2016
851;11115824;21202;17;2002
852;18937785;506882;10;2001
854;25420056;9347;13;1978
855;20131502;8632;14;1976
856;20007471;0;8;2011
857;19213882;7299;12;1991
858;14671999;32797;16;2008
859;26002221;41764;16;2011
860;16066772;5323;11;1955
861;25681827;0;9;2011
862;16607704;760993;7;2008
863;19432973;13500;22;2002
864;17944247;15067;8;1967
865;12114961;3517;9;1987
866;19324941;8124;12;1999
867;26485944;47067;9;1991
868;20618389;0;7;1970
869;17744161;10111;10;1960
870;20231175;7771;11;2015
871;25707824;6416;12;1972
872;11927562;6000;11;1987
874;21578378;3647;12;2006
875;14071056;67367;11;1975
876;26250199;32291;12;2015
877;14274718;4535;5;2004
878;22139030;0;12;
879;25786179;7350;4;1975
880;9016258;0;9;1978
881;11689721;1598;8;1924
882;12211319;6539;11;1985
883;9150660;31241;13;1973
884;9461441;0;6;2015
886;25248469;6000;8;1976
887;22950283;0;5;2017
888;11838562;12495;9;2007
889;15096248;1365;10;2008
890;21148701;8414;13;1962
891;14833539;9750;14;1965
892;18703611;4198;12;2015
893;18390773;0;7;2016
895;26475262;5510;12;1961
896;14685205;12598;12;1973
897;17508862;0;4;
898;25031041;7147;11;1957
727;27826983;16458;13;1955
733;16474598;29999;9;
742;17926945;71117;10;2002
751;20074081;9119;19;2004
754;10795519;6600;12;1969
756;27546491;0;5;2005
759;16090768;43510;10;1985
765;13607075;0;8;2016
773;15272595;0;6;2013
774;25943671;109544;18;1900
899;18848671;0;6;2001
901;18909732;5159;10;1966
902;26243098;6100;13;1968
903;24307710;5003;13;1991
904;19609510;6175;9;1969
905;9363587;28547;6;
906;21285706;0;5;2014
907;15551330;4787;10;1990
908;27830970;39994;10;1974
909;26588295;15413;15;
910;28376483;5905;9;2000
911;11653671;0;11;2006
843;21833286;6500;11;1977
885;26883401;7472;10;1987
900;23507943;8020;6;2007
834;9173234;32899;10;1997
912;25847581;6656;8;1957
913;19285180;0;6;2013
914;23863670;3330;8;1968
915;19780406;46623;9;2007
916;12999256;5414;11;1991
918;10347579;23496;11;1954
919;25410468;0;7;2019
920;11444486;1321699;12;1840
921;12923757;2559;4;
922;24997079;707189;16;2011
923;23843014;0;4;2016
924;14616305;12601;13;1976
925;21519847;77338;10;1995
926;12110221;11806;9;2011
927;26817836;6309;9;1989
928;25032008;0;7;1984
929;9827104;5664;8;
930;19597213;5403;12;1982
931;22766306;5221;13;1983
932;14697690;3313;12;2005
933;24096558;0;6;2019
934;26928859;1196;19;2014
935;27601764;16622;9;1944
936;9235661;0;5;
938;21434752;16199;18;2008
939;20346238;7945;7;1981
940;19147758;84000;16;1978
941;12619789;0;5;2016
942;12269929;5283;8;1973
943;22070914;7484;6;
945;25753822;0;9;2012
946;27466997;7291;15;2010
949;22048649;16157;10;2012
950;10424388;5425;12;1989
951;10693825;9211;6;
952;13462190;0;9;2014
953;22524083;0;6;2019
954;14974851;0;5;2012
955;28311364;0;10;2005
956;11365441;0;5;1987
957;14592560;60944;12;2013
958;28781144;3750;12;1940
959;15913862;0;7;1985
960;10677334;3750;13;1984
961;19432799;79997;11;1981
962;18157026;6643;8;1964
963;13640105;4736;8;
964;12028744;0;5;2019
965;20147788;0;4;2012
966;9659666;10203;13;1997
967;12314808;677358;13;1968
968;25586703;144499;20;2011
969;17557250;5052;9;1968
970;21044299;0;6;1994
971;25199503;23354;14;2005
972;23933180;0;6;2015
973;9735814;0;7;2013
974;18481545;14768;12;1946
976;23428083;6135;21;1780
977;18284033;0;8;2013
978;16285665;5287;11;2003
979;17722771;5979;13;2004
980;26377904;6660;10;1996
981;18831804;6423;14;1973
982;9352363;0;5;2016
984;16382686;0;5;2012
985;20897433;7629;10;1973
986;26241719;0;12;
987;18228031;4500;10;1985
988;15928153;6315;10;2015
989;14785995;4852;10;1975
990;27554440;1496;7;1996
991;14836942;15934;11;1920
992;23727943;30821;12;2016
993;24170334;0;10;2012
994;10727821;7443;11;1954
995;17730747;0;6;2013
996;21835128;8683;8;2011
997;27342615;0;12;
998;16976692;11248;17;2010
999;24238153;2450;8;1994
1000;12136441;8640;11;1969
1001;27451617;0;6;1993
1003;20071167;0;11;1979
1004;14603920;30779;22;1998
1005;22222877;5672;8;1988
1006;28856300;25000;11;2007
1007;17686356;0;5;1983
948;20966119;3960;6;1952
917;25788200;21709;14;2010
975;24665837;5732;10;1977
947;15424189;10976;8;2009
944;16848340;154099;11;1984
1008;21841815;0;5;2015
1009;28807660;11249;13;1968
1010;14493313;0;8;2013
1011;28061552;2878;8;1989
1012;24884644;10920;7;1957
1014;13907508;5278;8;1990
1015;9455472;0;11;
1016;11028553;6175;7;2015
1017;17272550;6850;12;1949
1018;27578437;0;9;1925
1019;23087107;11700;13;1951
1020;11954258;0;3;1910
1021;18253555;4719;12;2017
1022;11100225;188866;9;1967
1023;13372199;9406;13;1942
1024;17683046;7064;11;1930
1025;13176997;6000;8;1958
1026;26450175;0;4;1900
1028;20499274;3002;8;1987
1029;16934257;5328;11;2013
1030;25022222;7200;11;1971
1032;23025835;5400;10;1958
853;24246890;6807;10;2006
873;27307805;67910;10;1995
894;25431913;38375;22;1983
1033;14523230;33088;10;2004
1034;25151868;0;6;1984
1037;23742445;12805;13;1984
1038;21594944;4116;7;2006
1039;20549813;0;6;2003
1040;22054108;3074;7;1984
1045;28297790;0;4;1988
1046;23594617;6914;8;1973
1047;24714222;0;9;2012
1048;13895619;9176;7;1989
1049;22507214;6044;14;1975
1050;18212623;4952;11;2009
1051;21029472;12927;7;1962
1052;22800760;11377;14;1975
1053;15151427;5075;7;1945
1054;27683203;48361;16;2011
1055;26190757;6710;14;2010
1056;12627946;11516;13;2005
1057;21057387;8968;17;1990
1058;19377033;779;7;2019
1059;17925950;4774;10;1986
1060;21813247;2190;12;1991
1061;17505080;6949;13;1959
1062;20575884;6328;13;1981
1063;21385968;6589;12;1999
1064;25282358;0;7;1985
1066;23778640;0;5;1981
1067;18852515;0;6;2007
1068;16240202;7635;7;1947
1069;18023341;0;6;2006
1070;17855023;0;13;1981
1071;10881890;0;6;2008
1072;24360117;4133;10;2001
1073;15162529;25434;15;1990
1074;20744955;24600;13;1985
1075;27494244;45625;9;1975
1076;14664981;12205;14;1954
1077;15735867;12231;9;2000
1078;12955785;0;7;1980
1079;19757281;12554;14;1957
1080;19774205;0;5;2008
1081;23482422;15614;4;2005
1083;21325201;5628;12;1958
1084;20778859;1710;7;1975
1085;26438347;5544;13;2002
1086;9687631;8008;11;1986
1087;26766791;5400;12;1985
1088;20472795;9318;10;1964
1089;20151894;3780;6;1955
1090;22846645;0;8;1986
1092;15317635;13906;23;2015
1093;15007503;0;7;1993
1094;14293942;0;9;2004
1095;11551325;2138;7;1949
1096;28910422;0;7;2005
1098;19262676;33165;10;1950
1099;26618085;3240;8;1984
1100;27380946;0;7;1978
1101;22020652;2623;10;1931
1043;24654583;14730;14;1992
1035;23010650;8862;13;2019
1036;24949754;23283;10;1976
1082;13301272;4000;8;1946
1097;10483694;64803;10;2012
1041;16669936;164141;12;1947
1013;26782663;7103;9;1949
1031;24730125;6500;11;1963
1042;17384582;3850;7;1997
1102;11990344;19064;13;1976
1103;11569980;4370;9;1985
1104;21705541;2500;11;1945
1105;20215077;9400;12;1993
1106;25637269;13638;6;2012
1107;15017847;16020;14;1983
1108;20381733;5045;7;1967
1110;12920912;0;12;2007
1111;23816446;9537;12;1982
1112;17007779;159786;17;2016
1113;23807816;6324;15;1910
1114;17375279;0;7;2014
1115;20402847;9000;6;2009
1116;11867165;0;6;
1117;27708815;0;5;1924
1118;15865049;6078;11;2010
1119;26582456;0;3;
1120;22667511;110258;7;2009
1121;15518403;9187;10;1935
1122;16547661;3371;13;2015
1123;25170225;12790;12;1977
1124;17603007;0;5;2014
1125;22414434;6309;10;1955
1126;25989433;0;6;1982
1127;13672552;5310;11;1971
1129;22545383;25693;15;1960
1130;13916950;0;6;1990
1131;18213590;1064;6;1910
1133;10377688;0;2;2017
1135;9435463;7212;10;1965
1136;21468557;0;7;2006
1137;18702800;0;7;2009
1139;13079319;6300;10;1961
1140;18396620;540;9;1993
1141;12422632;4405;13;2015
1142;16572971;4981;10;2017
1143;11073407;3714;10;2011
1144;16600362;4750;11;1986
1145;27173957;0;11;1977
1146;12138085;24047;15;2006
1147;17834572;0;6;2003
1148;9871434;6754;12;1972
1149;14988345;10784;6;1962
1150;12333410;4428;9;2018
1151;15061819;6091;8;2005
1152;16513563;0;13;2014
1153;26611958;3704;8;1950
1154;15023111;7875;12;1978
1155;26346609;1571;6;1986
1156;12414039;0;5;1992
1157;9972596;34552;15;2007
1158;20982445;11571;17;1888
1162;18850796;0;6;1999
1163;19995973;3414;10;2010
1164;22096297;2992;9;1973
1166;20994237;6919;11;2010
1167;14576544;0;7;2009
1168;26337903;0;6;1994
1169;26546539;0;5;1987
1170;14296613;6158;14;2012
1171;11807691;15616;14;1976
1027;9908455;0;8;2014
1176;24582143;3552;7;2009
1177;14413265;2906;7;1975
1184;18815884;5526;13;2003
1188;23281657;4751;10;1961
1189;26727692;26679;12;1975
1192;20394013;1831;7;2012
1194;11348355;22381;6;1950
1174;16085616;0;10;2011
1179;25180172;0;5;
1160;9127673;11495;9;1972
1109;17216914;49452;6;1984
1134;20131060;4036;12;2012
1128;20849794;4545;9;2014
1161;13206970;3594;6;2014
1173;23707881;4906;12;2012
1132;23186084;6204;9;1961
1159;28776408;8688;12;1981
1165;21354300;11335;17;1900
1138;26990294;6042;10;1988
1178;12931657;35422;7;1994
1203;28720628;18150;16;1999
1205;25255117;5893;10;2009
1206;11922680;0;18;1988
1207;22037790;0;4;2006
1211;22720271;0;5;2013
1212;12802206;22523;15;2016
1213;15327415;6000;17;1976
1214;27182079;0;7;2014
1217;21235744;6500;9;1965
1222;19856580;6340;8;
1227;23020079;0;5;2007
1230;16595717;32713;8;1975
1233;20660929;14248;17;1977
1234;26799462;109248;12;1955
1044;15408635;6995;9;1929
1065;17192113;7150;12;1975
1091;13843258;5400;8;1961
1236;11143594;16189;8;1996
1237;11738288;0;7;1900
1238;27197338;0;10;2002
1239;22100566;438883;17;1998
1240;24574842;0;8;2012
1241;28402495;0;5;2004
1242;13254490;6950;16;2010
1243;14766972;5481;11;1964
1244;18394886;0;6;
1245;28554028;5100;12;1962
1247;26784429;40171;19;2006
1248;26459562;6151;11;2014
1249;25578938;3061;9;1981
1250;15174488;6279;8;1988
1251;21934734;0;10;1998
1252;9936726;7899;19;2005
1253;10629991;0;7;2012
1254;16334399;0;12;1991
1255;9879120;13670;8;1970
1256;28018553;0;8;2011
1257;22136194;0;7;2014
1258;25009194;7319;11;1982
1259;14263424;5364;11;2003
1260;22182924;0;8;2013
1261;23826954;0;13;
1263;18029943;0;5;2019
1264;26863338;0;5;2014
1265;22605230;10000;7;1970
1266;19900885;9023;12;1972
1267;9978084;0;4;2012
1175;27332390;0;8;1990
1180;12578610;13386;11;2002
1181;19810876;2927;9;1976
1182;19646009;7357;13;1975
1183;24089085;0;5;
1185;13078866;7697;10;2014
1186;13094239;5360;12;2004
1187;17718039;0;7;1988
1190;25124185;0;11;2005
1191;11059855;5400;8;1989
1193;16795691;7251;12;1976
1196;12665463;0;7;2009
1198;12286082;8611;10;1986
1199;24431310;765;8;2013
1200;12355207;765;8;2013
1201;28599563;2904;7;2003
1204;22619281;0;7;
1209;17851712;14886;12;1977
1210;25065900;0;5;2019
1172;28912057;15000;15;2019
1246;13832564;0;9;
1195;28317061;0;5;2010
1208;13035798;5429;10;2012
1221;19082697;29057;10;1996
1197;19279646;191133;16;
1231;24674177;50000;15;2000
1202;9204812;3527;9;1979
1262;10072827;138563;8;1964
1215;10694080;765;8;2013
1216;9033965;7538;13;1963
1218;17276513;6930;9;2014
1219;20444625;3182;9;1971
1220;24229275;1833;6;2011
1225;27757896;1910;12;1997
1226;24121728;0;9;2011
1229;23870619;13281;14;1996
1232;21607600;0;4;1986
1235;12553792;0;7;2013
1268;15179494;0;4;2010
1269;15051751;90893;10;1962
1270;16816516;0;7;2008
1271;10024222;7961;10;1981
1272;17680906;5812;12;1991
1274;15727584;0;8;2019
1275;23444330;0;9;1981
1277;21242705;0;8;2011
1278;20600620;3000;4;1987
1279;27712447;13199;7;1968
1280;22656832;0;5;
1281;13362391;5400;9;1986
1282;23202428;4521;12;1987
1283;22954561;693324;11;2002
1285;16593629;10437;7;1935
1286;20817311;1767;11;2009
1287;15340873;5940;13;2013
1288;11324170;24720;10;1972
1290;25648815;35505;12;1974
1291;11364741;5699;10;1964
1292;26407355;0;6;2000
1293;12138258;0;7;2005
1294;25357996;32292;12;2004
1295;11560320;8411;16;1978
1296;27390608;0;4;
1298;27022121;0;6;2007
1299;27789085;16188;7;2004
1300;23812445;0;5;2007
1301;12069263;3799;9;1940
1302;19245087;0;4;2007
1303;28099862;3975;12;1963
1304;21777904;8651;10;1994
1305;14573026;22914;8;1977
1306;22709988;1974326;5;
1307;24606152;17305;10;1993
1308;28893690;0;9;2005
1309;16447807;0;4;2013
1310;12014834;0;6;2001
1311;13218060;9192;7;1950
1312;19467489;9492;9;1950
1314;23703975;4320;10;1958
1315;16525612;7198;9;1957
1316;12260842;0;8;2012
1317;17476315;5500;11;1990
1319;23631295;16700;11;1950
1320;15119422;9414;13;1959
1321;9999174;21377;7;1970
1322;22681605;8999;10;1955
1323;20926687;0;7;1986
1324;12341212;4948;5;
1325;17985651;31004;18;2015
1326;24770202;6350;8;1967
1327;27273544;12001;6;
1328;28756956;0;7;1990
1329;22135741;16710;9;1996
1332;18458351;0;7;2017
1333;15778054;6555;11;2003
1334;21704375;2785;11;2010
1335;19204824;3799;12;1940
1336;10456673;15975;22;2003
1337;23853291;9999;9;2016
1339;9898131;0;6;1991
1340;21665987;9042;5;2010
1341;14529748;8208;13;1993
1342;12980311;0;7;2013
1343;11993638;8398;6;1960
1344;24298599;0;6;2006
1346;27422781;6000;12;1974
1347;27016765;0;8;2019
1348;19298439;2000;10;1994
1349;24280529;19393;13;1976
1350;10343097;0;7;1991
1330;11854299;5721;15;
1289;25226279;14000;10;1957
1276;28914347;14978;7;1982
1318;9233241;2893;15;1914
1338;15302377;28087;8;1985
1345;19725363;7944;13;2011
1297;21115504;26593;12;2007
1284;13904075;7000;14;1973
1313;28455289;5569;11;1994
1224;18386804;5268;13;2013
1351;9832383;0;4;2018
1353;23838661;9032;12;2000
1354;27871495;3153;8;1938
1355;28867351;60649;10;2006
1356;22061792;7509;9;1987
1357;10414638;5995;10;1956
1358;16603596;212137;15;2003
1359;10313391;5134;7;2007
1360;17055158;7322;7;1972
1361;9232958;0;8;1895
1362;12078860;3918;15;2010
1363;18699433;6119;9;1998
1364;20785416;0;6;2018
1365;25027019;10687;18;2006
1367;20095243;6157;7;2017
1368;22494956;0;7;2015
1370;24300239;7915;11;1990
1371;28300523;38969;9;1990
1372;16900805;31832;7;
1373;11175392;0;6;2009
1375;28133500;0;7;2015
1376;22185859;17132;15;1976
1377;16874963;93616;7;2017
1378;21679634;2385;13;2014
1380;18767813;5808;12;2012
1381;24974499;4941;12;1993
1382;11901652;42000;14;1994
1383;24122641;35279;14;1890
1384;23328641;22758;15;2010
1385;19578569;5904;10;1976
1386;19138752;0;5;2006
1387;9709426;3464;12;1920
1388;20046166;5170;8;1957
1390;28772062;37171;8;
1391;19001035;6481;9;1963
1392;15041678;65855;9;2015
1393;28486105;2936;10;1973
1394;10615882;5200;16;
1395;12308298;4263;8;1986
1396;18979805;0;8;1981
1397;15829903;23113;16;2009
1398;20720322;6210;9;1963
1399;13890771;49251;9;2008
1400;26390162;0;6;2006
1401;25597703;10647;18;2013
1403;27310247;17351;10;2010
1404;17492226;0;6;1992
1406;9638042;0;8;
1408;22914513;0;9;2016
1409;12455088;6564;10;1994
1410;28572989;9150;13;1978
1416;18856070;16140;15;1998
1418;26193809;7000;12;1973
1420;27675779;4090;10;1986
1421;14274303;0;7;2018
1422;11680920;2250;10;1910
1425;21050993;8850;6;2006
1427;15353178;6175;11;1962
1429;19421979;0;4;1988
1430;16792371;11767;7;1970
1431;24212677;0;6;2012
1432;17654329;3875;11;2007
1434;21435888;0;9;1997
1436;21340678;5736;12;1999
1438;14662170;0;6;2004
1440;18058842;0;5;2000
1442;25586889;2527;12;2019
1443;26000835;19956;6;
1366;23874650;11096;11;1987
1374;9352768;3490;10;2016
1423;15016522;2034;10;2014
1439;17928534;5940;11;1957
1428;16320843;0;8;2014
1433;22831466;3002;10;
1426;21482615;90214;11;1968
1414;28170426;6300;12;1967
1352;17565472;25760;12;1976
1413;25464850;15570;9;1890
1415;28293686;44443;10;2013
1435;22171243;49508;9;1984
1446;10243406;5070;9;1960
1407;26403481;20107;14;1976
1405;21574080;0;7;1990
1411;22372420;2971;11;1996
1412;18545039;4919;13;2003
1444;15062709;0;6;2012
1419;19718920;9304;13;1979
1369;22341096;6891;10;2006
1448;17422426;32292;15;2007
1453;13401006;759;9;2010
1454;11742296;72873;15;1900
1458;28554947;16300;14;1988
1463;16024321;0;10;1965
1467;28477387;8501;11;1955
1469;13157706;4921;10;1987
1470;26566557;3799;12;1940
1471;25204112;0;6;2012
1473;24017919;6003;6;1961
1474;18474378;43125;10;1995
1480;22626115;0;7;2019
1482;26382221;33672;7;1987
1483;21783272;30931;10;2000
1459;12834354;0;5;1910
1465;12207052;3058;12;1974
1449;21934747;6297;12;1984
1455;27370570;9182;7;
1457;20623562;14838;9;2005
1462;12663221;3002;10;
1472;26742664;15748;12;1975
1479;20122282;5780;11;1978
1450;18085454;11176;13;2013
1452;9110250;14193;10;1904
1461;22160934;9352;14;1900
1475;16097510;16760;9;1967
1476;24938857;0;3;2014
1477;24349931;24994;7;1976
1456;25289711;6120;9;1988
1464;12302541;0;5;1986
1481;16818716;65551;9;2005
1451;28442963;174600;15;1972
1468;25567869;25331;9;2008
1478;13316946;0;9;2018
1447;10529395;0;9;2018
1466;23876501;4199;9;1989
1460;10798800;0;7;2004
1484;28723602;17337;11;1963
1495;28254739;0;5;2015
1496;16993214;9820;10;
1499;14388324;36722;6;2010
1502;20264311;20000;11;1973
1503;26472400;7195;13;1982
1504;13585931;5861;9;1964
1507;14358037;11321;11;1969
1510;9886275;27074;12;1965
1511;12300652;3799;9;1940
1517;18692593;8035;8;2008
1521;26906094;0;7;2019
1523;25484019;9000;13;1976
1525;28526920;0;7;2010
1527;22006065;0;5;
1534;21391561;0;8;2017
1541;28279988;2548;8;1955
1550;16425166;0;9;1959
1551;22458082;0;8;1928
1559;18019542;10000;12;1948
1561;18110046;51600;2;
1564;26280030;0;4;
1568;28660583;5850;9;1991
1570;15044406;0;7;2010
1572;14990898;4500;7;1939
1576;20526050;5910;12;2000
1529;15773300;0;4;2019
1530;20235198;4111;12;2009
1540;24710882;6876;11;1992
1514;22846904;21176;10;2000
1549;20147585;10512;7;1880
1485;18300976;18031;17;2003
1547;15147976;3333;7;1931
1498;25381053;0;7;2013
1501;20266999;0;7;1993
1567;14575500;0;5;1994
1571;22433794;0;5;1951
1512;25649498;0;9;2016
1528;19533866;2892;17;2011
1533;20905394;0;3;1999
1535;19605540;0;11;1994
1556;23632425;0;11;1994
1538;18637701;5610;9;1994
1490;19266324;0;12;1982
1548;23288524;21072;7;1927
1486;20242718;4807;7;1948
1544;9561907;10399;10;2004
1565;24483365;8840;9;1950
1553;25755455;6129;10;1980
1500;20632184;5759;13;2017
1558;14763170;6170;12;1985
1505;23316905;16878;23;2005
1562;27423214;41000;15;2012
1579;21843236;6101;7;2001
1524;19269086;4522;6;1992
1489;25841850;225956;1;
1519;18802546;68836;8;1960
1522;24014235;0;5;1992
1492;16544837;6100;15;1963
1569;20138464;3311;14;2011
1520;12150486;9696;8;2017
1506;15311268;22500;4;
1516;11070532;59971;7;2011
1531;14791147;125245;8;1978
1487;14662643;5000;10;1956
1509;26803661;68831;7;2003
1577;28808402;1205;8;1985
1488;23899740;14128;9;2008
1563;13980824;7415;12;1991
1493;14142830;4040;15;1958
1491;24894413;6058;14;1988
1555;28433037;18078;10;2001
1518;18174585;7772;13;2006
1560;28305513;1643649;5;1983
1508;15006260;0;8;2002
1513;24369299;6701;14;1967
1515;17520493;9388;11;1976
1580;17221482;52210;12;2011
1588;24917765;0;7;1990
1591;21456058;10858;10;2012
1594;12690118;9996;11;1959
1598;18726408;27296;10;2003
1599;11434679;0;4;2005
1601;25674534;25992;7;1973
1602;14209402;6888;11;2016
1603;25894703;28476;14;1980
1604;19094534;0;7;1989
1607;15061454;4872;11;1989
1608;16224858;5580;7;2008
1618;19172205;0;6;
1620;25092913;8144;11;1986
1627;22973744;0;7;1959
1629;9941989;7645;7;1998
1539;19833012;0;10;1948
1545;24696926;8154;8;2009
1554;19742737;8721;7;2005
1573;23268154;636;5;1986
1578;23568257;6598;10;1989
1583;25411568;538196;10;2005
1623;23777551;365273;15;2006
1637;20299440;4000;9;1953
1537;16856212;11072;18;1994
1589;15329680;3291;7;1967
1590;17378803;10113;6;2010
1536;24483174;23100;10;1964
1635;11844917;0;7;2016
1636;20401460;0;5;2012
1638;14571739;0;13;1907
1639;22262083;3380;12;1979
1640;9047323;890;5;1987
1641;22706377;0;8;1981
1642;16913942;2208;6;1997
1643;27124618;5160;13;2010
1644;25827473;7368;12;1969
1645;19938349;0;4;
1646;13431015;0;5;1986
1648;11096220;0;5;1944
1581;15940382;6739;14;1951
1595;12755276;0;6;1982
1543;28246415;0;4;2005
1552;12617333;10245;11;1986
1497;14020843;5934;15;2015
1631;16266253;53819;9;
1593;10174617;7010;12;1988
1532;28310564;16712;17;2011
1596;21055315;0;5;2012
1597;19096881;3868;10;1962
1546;13162852;0;6;1999
1647;21282166;0;6;2010
1614;18717532;2918;12;2016
1616;19083876;0;7;2004
1624;12475352;0;4;1986
1605;21794153;6004;11;1986
1600;16401760;0;6;1965
1611;22723563;14587;9;1960
1615;24793919;9561;10;1962
1494;11244560;8364;12;1960
1574;19075193;10035;13;2005
1582;21541177;13564;15;1978
1592;22424361;5099;8;1973
1609;18458164;4444;13;1966
1557;20132080;0;5;2006
1617;19101931;36240;12;2001
1587;25787249;6397;10;2013
1542;18470201;0;7;2009
1606;20478482;0;6;2008
1613;19650705;4906;8;1993
1621;14128391;6820;14;2003
1566;26451650;1538;12;2011
1575;9347668;7190;12;1974
1585;24379905;6002;10;1971
1610;14744272;4200;8;2007
1612;18650021;20079;15;2007
1619;27787367;4844;13;2004
1622;13489691;0;5;1983
1625;14543413;39435;30;2007
1628;21204268;8125;10;1972
1633;12305732;0;6;1997
1634;16488964;149564;25;1995
1526;20169416;5999;7;1991
1650;11300498;645;9;2009
1651;22906015;0;5;2012
1652;14137492;0;2;2019
1653;28837883;0;4;1984
1654;25217603;4499;11;1965
1655;25792975;4110;11;1951
1656;15859258;1440;9;1986
1657;13403392;0;9;2005
1658;9777731;2777;9;1929
1660;25995093;3569;13;1955
1661;25140517;0;6;2010
1662;10477120;0;11;2018
1663;14145928;0;4;2012
1664;20989857;0;5;2004
1665;23082753;0;5;1962
1666;12266704;0;5;1985
1667;11355841;1147;9;2012
1668;13089835;4585;12;1955
1669;19750211;4056;10;1955
1670;20202822;0;4;
1671;16143109;0;5;2003
1672;24735873;0;5;1984
1673;11085138;5344;12;1968
1674;13777710;0;7;2013
1402;15203812;7685;10;2008
1424;18696754;0;6;2012
1437;26906846;4500;10;1942
1586;24887182;10649;21;
1681;10117391;0;8;1981
1682;10373771;0;5;1976
1687;15358528;6853;12;1978
1692;18070059;6897;11;1962
1697;21380229;7196;14;1988
1699;24149814;5175;11;1971
1711;11818182;0;10;2012
1712;11995332;5273;12;2011
1714;28991053;0;7;1973
306;15513818;5916;15;2004
334;21489825;12000;12;1976
1716;27521965;0;8;2010
1717;22664392;15019;16;1981
1722;18428485;127503;18;1951
1723;12725551;35640;30;2019
1724;22373560;8228;10;1991
1649;26535970;0;5;1995
1659;23729981;7600;10;1963
1626;28148547;0;7;1987
1584;27598289;0;5;2013
1630;10748241;0;5;2013
1632;25845616;0;7;2008
1719;20023343;5050;11;1938
1676;20268594;17600;10;1977
1679;16180839;7600;10;1964
1680;17509273;0;13;1997
1683;9981711;7771;10;1976
1685;27111169;4500;8;
1691;16100678;10007;10;2002
1707;19643006;0;6;1988
1675;10873633;9215;22;1961
1677;9538973;6300;11;2004
1678;15549565;12930;7;1855
1684;17978122;0;5;2004
1686;18393648;0;9;2008
1688;22076154;6867;4;1959
1718;21086294;38021;5;
1720;25586763;26001;10;1948
1721;25707738;19080;13;1900
1725;27992579;5246;10;1969
1726;11453060;7791;14;1974
1727;20154380;8834;10;2019
1728;16052926;0;7;2012
1729;18364882;3601;12;1983
1730;13138053;0;7;2004
1731;24137889;6000;10;1977
1732;12612532;8265;17;1972
1748;27505317;16566;27;1964
1749;16773368;5000;13;1949
1750;26820883;7471;;1955
1751;12348086;4447;20;1910
1752;26140931;5974;;1940
1753;13074006;6133;;1921
1754;22659275;2508;;
1755;24690796;12374;;2006
1756;25127779;51365;17;1845
1757;16096619;23372;19;1987
1758;15933651;4951;16;1989
1445;21658779;7610;8;2017
1746;22565594;27966;;1980
1710;26811511;6000;8;1977
1734;15186416;6000;9;1981
1736;17734048;9900;16;1961
1737;11570183;58585;19;1978
1738;18162093;5000;10;1954
1739;18054619;7767;12;1988
1741;19154676;33354;9;
1689;25260843;3825;10;
1690;26364579;6897;10;1958
1693;28886401;8000;14;1964
1694;20779776;5704;14;2005
1695;22006287;8090;9;1973
1696;19937905;3825;10;
1698;27928809;8435;11;1986
1700;11841532;5580;9;1972
1701;9944796;5314;13;2010
1702;23470506;8582;22;2004
1703;13331591;6430;15;
1704;15774240;0;11;1994
1705;17771615;4000;20;
1706;25957087;0;6;1992
1708;18530172;0;7;2008
1709;10244212;7612;9;1979
1713;9931745;6562;7;1975
1715;20492231;3750;11;1986
1733;17141507;0;5;1975
1735;27194499;0;5;1975
1740;15498912;0;5;1975
1742;26088437;0;5;1975
1743;18143892;8400;;1957
1744;19728173;6972;9;1902
1745;20771005;7836;13;1974
1747;11928243;8230;19;1911
1759;26115372;13145;4;1951
1760;16140243;5000;;1945
1761;9080098;12680;20;1950
1806;20678587;0;;1950
1828;13220834;8301;;1987
1813;22699478;0;19;
1833;20896783;6076;;1969
1824;13234415;3693;7;1945
1837;21382652;5000;;1952
1819;26369417;6085;;1957
1820;23532024;12265;;
1823;23187652;1892;9;1923
1805;23390820;3433;;1959
1825;25950124;2850;;1925
1807;13415885;0;9;1963
1830;17595297;3999;;1941
1808;19280679;2000;11;1949
1809;10750624;288;;1957
1826;27216567;3211;;
1810;9813523;2249;;1944
1811;10172561;4840;6;1955
1812;16290932;5029;;1926
1827;13294560;1536;;1963
1814;25991711;3481;;1948
1817;21894486;9825;16;1951
1818;25288987;2500;10;1965
1841;22783972;6930;;1875
1842;18815966;2700;9;1974
1821;10553987;3410;;1946
1844;14412825;1057;13;1910
1822;10160696;3490;9;1960
1846;19235182;4875;10;1953
1847;20602871;4099;;1950
1829;22659189;2686;;1962
1831;10884361;2550;;1960
1832;20023809;2250;20;1925
1834;11151391;4411;;1949
1835;16473549;2766;;
1836;17597494;1800;15;1954
1838;20364428;3665;;1950
1816;20711339;4690;;1952
1839;26713386;2394;8;1976
1840;12471040;1308;18;2015
1843;14259736;2805;;1958
1845;15903291;215;5;1929
1815;28683425;3374;;1940
1762;9834045;8794;;1937
1853;17237203;1750;20;1920
1763;16530391;17643;9;1907
1764;12889963;9000;20;
1857;27703161;0;;1990
1765;25516980;9937;;
1859;15630257;43700;;1958
1861;15811861;4320;11;1956
1766;10431658;14742;;1973
1767;9280056;5256;13;1930
1768;20020486;5120;13;1929
1769;19806999;144236;6;1967
1770;13869160;9787;;1949
1771;9435572;14923;;
1772;12550019;6800;25;1962
1773;11176215;10000;;1972
1774;28902776;5964;;1950
1873;27579482;3168;;1991
1874;12653508;1960;;1959
1875;28696510;6250;;1958
1876;27886758;2420;;1948
1877;18964532;6878;;1946
1878;18616969;2625;7;1927
1879;18975796;777;;1880
1880;13620948;2000;;1910
1881;15464053;2496;;1924
1882;23387329;4668;;1974
1883;28960017;0;;1955
1884;23715655;2236;12;1932
1885;28720153;4046;;1961
1886;18469932;2550;20;1961
1887;24516941;3900;21;1948
1888;14806048;4452;;1954
1889;24935861;1775;;1910
1890;22738199;2700;;1929
1891;11860602;2150;11;1910
1892;27911910;2262;;
1895;21813295;5600;;2016
1775;28767984;17765;;1969
1776;12776842;16913;17;1948
1777;25466573;38166;16;1930
1848;13868957;6351;11;1977
1855;13052955;6500;;1952
1860;11807062;9365;;1965
1863;18760824;10027;28;1989
1866;24065411;2343;;1926
1893;13557660;0;16;
1894;26085339;9108;;1976
1896;20271199;2746;18;1966
1897;25446518;2537;;1954
1854;12087522;3990;7;1961
1856;22941059;3846;12;1983
1864;16252830;4019;9;1986
1869;18307064;4169;12;1977
1898;15228906;0;8;2010
1900;28126126;0;6;2014
1902;13680084;0;7;2014
1903;16734459;0;5;2010
1905;9352969;1308;7;2015
1906;22245720;0;6;
1910;13092186;8618;10;1945
1911;13937866;2625;5;1929
1912;19461518;4546;6;1923
1913;16326751;0;9;1750
1915;10631177;0;6;2011
1917;23481033;3700;7;1986
1918;15586133;0;7;2007
1923;14254748;0;4;1985
1924;13872155;0;7;1983
1925;10084946;0;4;2011
1927;25032621;4500;10;1963
1928;23525303;0;5;1976
1929;27571583;127;3;2013
1930;16829149;0;5;2005
1931;26793541;3601;9;1957
1932;23491458;0;7;2016
1934;15974299;1757;6;1994
1936;10635470;3750;9;1955
1937;23984001;0;7;1900
1938;20282331;38016;6;1969
1939;28657627;6749;13;1916
1940;18330981;18618;6;2013
1942;17084914;7974;17;1860
1945;13408072;4829;12;1971
1947;28840242;6696;14;1975
1965;16164955;17744;22;1958
1967;27974418;0;8;2014
1975;22008220;9696;8;2017
1944;9181453;0;7;2014
1957;14869368;7479;8;1940
1946;16828425;26910;9;
1951;14455503;0;17;2012
1952;13387736;12600;12;2002
1954;17999366;11081;12;1963
1948;26572446;0;7;2010
1949;10371347;1668;8;2013
1950;17774080;5993;10;1970
1953;26811021;5518;8;1997
1955;12943440;4779;8;1985
1956;26745358;11343;13;2013
1958;14650434;13999;8;1976
1960;26112815;2664;10;2018
1963;23389134;0;6;2019
1964;13439463;10000;7;1969
1966;13884541;0;7;1970
1970;19150565;8419;11;1999
1971;10356575;54050;6;1934
1972;11840752;0;6;2008
1973;10583782;2626;9;1996
1974;13372572;13636;11;1996
1959;14227065;0;8;2007
1961;17659054;0;7;1975
1962;28245256;0;7;2011
1968;14778332;0;18;1988
1969;11752078;4340;9;1971
1849;18851152;4322;;1977
1850;23075250;3807;;1967
1851;20846573;4878;24;1944
1852;13234458;1939;9;1900
1858;13956875;24000;;1962
1862;17976311;1872;;1910
1865;23802241;3800;13;1968
1867;19916738;0;11;1969
1868;23187084;0;;1918
1870;22106537;3263;;1956
1871;24941575;1783;9;1957
1872;28273106;2574;;1917
1981;20765268;21586;26;2014
1986;10828382;7124;11;1987
1988;11965386;3710;10;2018
1899;24196083;0;7;2009
1901;28193197;0;11;1963
1904;19516972;0;6;2018
1907;17834653;9216;5;1850
1908;24414458;4198;7;1979
1909;24254560;4560;8;1922
1914;9589688;4328;10;1951
1916;14164340;0;9;2018
1919;28470793;0;7;2005
1920;14687965;0;8;2014
1921;10192164;6000;10;1976
1922;11305198;5398;10;1980
1926;9758682;0;5;2012
1933;11247439;0;8;1983
1935;24773394;2873;7;1972
1941;15051542;7723;15;2004
1943;12833469;0;7;1987
1991;19795246;14972;9;1987
1992;12010039;30197;18;1880
1993;24626550;5006;10;2011
1994;14815203;4660920;11;1979
1995;16710904;1376496;7;2010
1996;22802268;3386116;16;2004
1998;17539842;33318;13;2010
1999;11138340;0;8;
2001;27892669;32670;11;1999
2002;15479802;23372;13;1987
2003;9460358;10591;11;
2004;16924192;88813;12;1945
2006;26381115;390730;7;1985
2007;15596742;6600;18;1976
2008;18918160;87191;13;2012
2009;17882915;853776;17;1983
2011;19772442;32876;15;2005
2013;22991975;5000;14;1958
2014;25837105;4294;11;2014
2015;23168732;15353;10;1977
2016;18386265;13200;11;1977
2017;21280000;5000;11;1962
2018;26810461;5817;9;1951
2019;15000494;0;5;
2020;11649663;25670;13;2007
2021;27622646;7801;7;1967
2022;26358596;8143;16;1988
2023;23857844;4069;9;1978
2024;20267628;179414;14;2004
2025;27106752;0;5;
2026;16195368;42254;8;1980
2027;25185378;3619;9;1986
2028;28145743;4684;16;1913
2029;16939242;14025;12;2010
2031;27756104;0;8;
2032;23935647;8672;6;1960
2033;26350311;16566;12;1964
2036;16705282;5789;10;1963
2037;20961218;54023;10;2016
2038;16248330;25311;12;1982
2040;27405663;3682562;10;1940
1273;20827312;8254;17;2002
1223;17457761;53100;12;
1228;9744225;81971;12;1978
2041;23801961;9212;14;1985
2042;11938098;8806709;8;1957
2043;12045747;104653;10;
2044;28471862;56294;5;
2045;28924094;6730;6;1973
2046;16737651;4660;6;1980
2047;11999802;37986;12;1995
2048;28773543;493068;14;1981
2049;18312582;6190;10;1978
2050;9180189;14000;9;1972
2051;12519339;3740;7;1974
1982;16942315;0;7;1984
1984;13816875;6059;10;1963
1976;28904545;6592;9;2009
1979;14495549;0;13;1986
1980;15634697;0;7;2009
1983;12028352;9324;10;1986
2034;24094618;31602;8;1931
2035;19063386;9148;7;1910
2030;24247066;9000;9;1995
1997;18856856;78407;7;1982
2000;20419236;22602;4;1960
2005;14995650;8660;9;1948
2010;21024245;11400;8;
2012;24918468;20300;10;
2052;27654960;7000;10;1962
2053;12667606;15786;16;
2054;23259898;5715;10;1969
2055;28873250;8500;11;1977
2056;24552554;5000;9;1944
2057;26045968;30805;8;1995
2058;12848729;4265;6;1975
2059;28783401;99961;8;
2060;26068498;13625;12;1972
2061;10866048;33980;5;1997
2062;20783633;32311;6;1973
2063;28014980;7000;8;1958
2064;20580619;11811;13;1970
2065;19893534;5000;7;1938
2066;11760897;4500;8;1973
2067;16174787;6000;13;1967
2068;18384805;42586;14;1991
2069;13463152;19500;16;1973
2070;11033238;6600;9;1974
2071;11569038;8000;14;1966
2072;25818551;0;10;
2073;26332974;86337;10;1984
2074;9655379;9295;12;1946
2075;23669546;35822;12;1996
2076;15520553;30000;10;1974
2077;16030259;38323;11;1989
2078;9555288;15566;5;
2079;20040060;6358;11;1981
2080;14429330;8251;11;1976
2081;27702633;9000;5;1972
2082;21598235;5983;11;1980
2083;23720634;53820;8;1951
2084;20023394;5000;10;1949
2085;20256737;34460;11;2006
2086;26003801;7000;7;1960
2087;16854873;12402;8;1981
2088;9047507;4118;9;1967
2089;11676136;7000;8;
2090;16825309;12749;5;1970
2091;22656518;45189;7;1942
2092;13159340;16247;8;
2093;28385623;5844;5;1972
2094;24167575;7087;9;1987
2095;20080858;9956;14;1991
2096;17559136;6035;10;1975
2097;21098542;28721342;9;1992
2098;12802604;5400;13;1987
2099;25848056;6554;11;1985
2100;12421326;37245;4;1982
2101;28347205;57713;11;
2102;21089595;41300;5;1980
2103;27575640;11904;5;
2104;16179721;229305;11;1987
2105;9532270;113904;7;
2106;13170242;8087;15;2003
2107;24794353;6494;6;
2108;24209150;5465;6;1947
2109;27254928;8500;10;1930
2110;25927455;9740;10;1946
2111;26832140;7330;12;1978
2112;10832947;83008;5;
2113;14534858;6749;10;
2114;27236613;7385;6;1977
2115;12995289;7337;11;1967
2116;14168955;9343;11;1930
2117;18398014;0;10;1988
2118;23073222;4281;9;1955
2119;9996095;4314;11;
2120;22359420;10464;8;1988
2121;27616788;4571894;8;
2122;14670060;13132;12;1991
2123;23394770;66464;12;2013
2124;21159029;6746;16;1960
2125;13434613;9196;15;
2126;20491266;9000;10;
2127;14210148;13438;8;1960
2128;11486481;4475845;12;1978
2129;27846120;9851;7;
2130;17638600;24008;9;1965
2131;11362404;14410;9;1953
2132;13368194;218858;8;1933
2133;19496931;49665;12;1993
2134;18017113;7285;9;2011
2135;27323499;89;2;1975
2136;18339291;4843760;12;2010
2137;13098122;5664;13;
2138;12476272;14198;11;1980
2139;22466567;8622;11;2000
2140;15538489;42271;10;1979
2141;14996031;126874;7;1980
2142;21011996;14359;10;1951
2143;24380567;10250;15;1900
2144;23068468;128;3;1975
2145;10173173;7498;9;1983
2146;24896789;11810;7;1901
2147;25757945;6268;12;1996
2148;27316436;21452;6;
2149;10278249;3369;9;1968
2150;25093515;8086;18;1968
2151;16252546;13250;6;
2152;11048528;3605;7;1984
2153;22683552;10004384;11;
1002;13390216;20193;9;1890
2154;12717376;15510;11;2013
2155;16776061;14184;14;1926
2156;21849928;0;7;2006
2157;26304662;6207;8;1952
2158;22431068;7325;12;1976
2159;21956933;22525;14;1920
2160;21386445;0;10;1992
2161;13383495;43056;9;
2162;26215837;5609;11;1934
2163;13550787;9848;9;1875
2164;21526744;6468;8;
2165;12435113;4101;11;2010
2166;16742889;17847;11;1985
2167;17983109;0;6;1975
2168;27822517;5000;11;1990
2169;13606354;21965;10;
2170;27355070;1947;7;1995
2171;26331022;11887;8;1956
2172;28248718;33124;6;1977
2173;15774929;53820;7;1946
2174;21946474;12719;9;2012
2175;13628009;5696;6;1964
2176;9533238;0;10;1980
2177;20700822;5000;12;2003
2178;10625293;11897;13;2013
2179;20802189;18107;9;1980
2180;21837948;17308;14;1958
2181;13607549;20000;7;2015
2182;13175935;11708;12;1983
2183;24402754;11397;13;1975
2184;21956215;9784;13;1994
2185;19515028;10287;8;1979
2186;11651852;49355;7;1967
2187;26585899;7291;13;1987
2188;21626870;14252;7;
2189;27403238;39762;9;1979
2190;20200818;6309;8;1940
2191;25829059;14470;9;1972
2192;18770388;6374;11;1998
2193;26557919;13021;5;1974
2194;13365253;52670;8;1878
2195;24215998;6419;16;1988
2196;17556676;9907;14;1974
2197;23521974;18646;12;2003
2198;18478922;15525;10;1980
2199;11436410;43067;8;2012
2200;13889159;5225;9;
2201;17594966;7530;12;1973
2202;15930413;2800;8;2006
2203;9736395;10560;12;1978
2204;26288880;8577;11;2019
2205;14120757;13175;13;2009
2206;24152211;10940;13;1969
2207;14742148;86808;13;2014
2208;25537142;4844;12;2015
2209;11060317;3978;1;1925
2210;27814224;21816;5;1995
2211;13021886;5000;9;1940
2212;10800863;30713;9;1996
2213;21577781;7834;12;1999
2214;13482931;144688;9;1985
2215;9270413;3789;6;
2217;24060267;3661;6;
2219;24309751;3702;6;
2220;24663807;3789;6;
2221;22715986;8902;11;2008
2223;12417847;3789;6;
2224;24333439;10000;11;1965
2226;13836233;7525;9;1975
2227;24825574;2367;10;
2228;20451238;2256097;6;
2229;14130550;5504;6;
2231;12515736;40683;11;1965
2232;25188774;3070;14;
2233;22307963;32292;12;2013
2236;26471457;5438;9;
2239;14220655;9334;10;1880
2216;19989557;1013;10;2007
2225;28066235;4683;12;1990
2230;27627526;4500;7;1974
2234;20691604;2360;9;2004
2237;14965584;6788;10;2015
2244;9964636;5701;11;1992
2245;9516246;33671;11;1976
2246;28602494;8719;10;2000
2249;16692145;4230;6;
2250;28667492;33000;7;2014
2251;22641288;9416;17;2008
2252;23552304;2420;10;
2253;17570518;2389;10;
2254;16758049;90918;9;2011
2255;15460149;34904;10;
2259;22660274;9000;9;1958
2260;27830979;3789;6;
2262;12189641;68698;9;1993
2263;28931912;12000;7;1984
2266;24720780;18396;20;1972
2267;24404621;4983;10;
2269;26305644;7200;11;1970
2270;18759966;5845;7;1969
2271;11192619;12247;14;1994
2272;24711291;7685;10;1964
2273;12752065;18125;4;1961
2274;15170287;8136;13;1967
2275;20708786;0;6;2011
2276;16926737;5041;12;1956
2277;14135106;5682;12;1865
2278;19430206;6538;14;1974
2279;9577739;5561;13;1957
2280;23681267;8448;9;2011
2281;16253927;3742;5;1977
2282;17947406;19488;6;1900
2283;12335772;13993;6;1958
2284;22791033;8075;9;1945
2285;10424247;12390;10;1950
2286;27225520;5455;10;1963
2287;20974320;3521;11;1973
2288;20840079;9188;11;1990
2289;21331441;4500;9;1974
2290;28901389;3510;12;1937
2291;19320851;8449;10;1957
2292;9739308;6768;13;1976
2293;13503351;6885;6;1980
2294;17880235;5896;14;1972
2295;10737053;8712;15;2010
2296;20274422;59697;10;1970
2297;17267266;16433;7;1966
2298;15239200;6650;11;1973
2299;17041614;18835;12;1979
2300;17456071;8226;14;1964
2301;20024830;7500;5;1961
2302;15524925;7452;17;1969
2303;26103775;9542;9;1963
2304;27972606;10000;3;1979
2305;10268104;20000;6;1976
2306;22036868;7879;12;1961
2307;9369819;6200;11;1986
2308;28253817;28358;9;2000
2309;28050165;5490;12;1978
2310;21002908;6547;11;1974
2311;16306853;28632;13;2003
2312;16553634;8366;9;2010
2313;19157184;4155;11;1979
2314;18126064;8160;11;1959
2315;10159741;68225;6;1956
2316;13730104;33255;9;1995
2317;25793639;8678;9;1965
2318;26628199;26572;7;1968
2319;14387624;7913;14;1986
2320;15100309;8846;14;1954
2321;11583941;6300;12;1986
2322;26270824;14416;10;1993
2323;25428477;25258;9;1973
2324;28408779;5435;13;1966
2325;25434239;59917;11;1992
2326;11514580;16580;14;1976
2327;13385777;5415;11;1974
2328;11944520;401548;13;1996
170;27935337;2457;6;1990
102;16679095;3672;7;1979
178;16432692;5694;12;1940
2329;15398507;50907;10;2005
2330;15773553;819;11;1986
2331;16652668;36960;5;1975
2332;16413432;18911;15;1964
2333;15580910;185855;10;1961
2241;20569861;49200;13;1987
2242;27938923;7931;9;1920
2243;13264136;6948;14;1977
2248;26387551;5592;10;2011
2261;14469042;5300;12;2003
2264;27678295;6050;14;1903
2334;16386942;34003;9;2013
2335;15301997;1133439;13;
2336;15810295;13887;11;1965
2337;14224593;27857;15;1977
2338;18883372;4015;8;1952
2339;16619762;66621;19;2018
2340;27762099;22620;9;1927
2341;19117621;19995;9;2008
2342;12289708;5723;10;1938
2343;27422523;184393;21;2012
2344;21129176;12226;12;1967
2345;17961481;13326;10;1977
2346;16662115;8728;12;1932
2347;15964653;29166;12;1978
2348;22099407;38293;14;1962
2349;10016701;26331;9;
2350;12419739;140485;7;1995
2351;9493817;237577;11;1997
2352;24627547;46404;12;2011
2353;24187329;18082;14;1978
2354;24264003;12163;9;1970
2355;20136834;25407;15;1955
2356;12561292;0;11;1970
2357;11736832;25628;10;1967
2358;15278298;95579;9;1916
2359;19474335;261191;12;1979
2360;27312151;4420;7;1950
2361;21638514;10042;12;1977
2362;20926854;9967;11;1956
2363;10563099;2160;8;1939
2364;21592844;17687;10;1988
2365;26703057;4984;10;1920
2366;24330164;724650;16;1993
2367;18049881;49591;6;2010
2368;19595239;6000;5;
2369;24993325;30818;17;1980
2370;18835150;42412;15;1945
2371;22602890;40695;6;2005
2372;16028960;43630;9;1947
2373;12843030;12356;9;1961
2374;27030731;79128;14;2009
2375;16341536;43281;7;1985
2376;25712337;8063;6;
2377;23470651;24526;12;1975
2378;9881288;7449;8;1886
2379;19409224;0;9;
2380;27018362;8176;11;1949
2381;23374474;5199;6;1916
2382;12474700;397;11;1910
2383;12105676;16035;13;1980
2384;24158471;4162870;19;
2385;17851368;16776;15;1987
2386;18731362;118612;9;1940
2387;23487385;67090;14;1935
2388;15681893;8455;14;
2389;26550302;6900;11;1959
2390;26860820;7104;8;
2391;23711463;8271;16;2008
2392;9675292;44200;11;2012
2393;13253084;9571;16;2003
2394;11054513;5720;10;1990
2395;26138773;15001;5;1976
2396;28680469;6600;11;1992
2397;13332463;0;5;2009
2398;25379371;15030;8;1990
2399;19970714;32317;8;2008
2400;23489736;8030;15;1986
2401;21676797;7263;11;2012
2403;19656210;6137;14;1991
2404;15423186;0;8;1963
2405;19216799;5164;12;2005
2407;19654800;20014;12;1986
2408;26398766;13431;7;1970
2409;22926109;10540;13;1982
2410;11776881;1355822;5;1992
2411;19693928;98057;7;1976
2412;22828437;0;8;2018
2413;25293517;0;5;1989
2414;15294008;4921;8;1992
2415;21515163;4844;10;1995
2416;16868953;3612;13;2019
2417;27605884;3346;9;2017
2418;23400633;8913;11;1977
2419;20598247;4050;15;1989
2420;25824085;22300;13;1955
2421;9258732;29394;13;1854
2422;24234519;5586;11;2015
2423;24331419;6026;8;1979
2424;22407459;0;13;2018
2425;17732728;0;6;1974
2427;14540454;6477;8;1991
2428;20906049;8347;18;1976
2429;18378214;6030;8;1970
2430;19118002;12229;17;2018
2431;15473557;8017;11;2004
2432;23858805;1657;9;1988
2433;23730948;0;5;1986
2434;17986320;21416;10;1950
2435;9982491;3007;12;2018
2436;11204772;21378;15;1941
2437;28088764;2900;7;2002
2438;21866204;6000;9;1978
2439;17560732;4851;12;1947
2440;28813103;5220;12;1987
2441;9621516;13277;13;1992
2442;13967690;10027;18;2010
2443;12517020;2905;7;1943
2444;17189933;18012;20;1996
2445;10111919;8069;14;2006
2446;15115219;5882;10;1987
2447;14426597;0;11;2004
2448;17410610;6605;15;2010
2449;18528550;10050;10;1965
2450;28618122;4563;9;1988
2451;17822792;3820;12;2001
2452;11452030;3243;12;2005
2453;20603496;4876;9;1980
2454;13913346;0;10;2014
2455;18968182;0;10;2013
2456;10465404;14004;9;1991
2457;15906200;2740;14;2005
2458;20105794;95305;9;2015
2459;9423615;5791;10;1975
2460;17192946;0;7;2010
2461;19067092;0;6;2010
2462;11691983;0;6;2010
2402;18768041;1377;7;1990
2406;16426177;0;10;2015
1977;22919431;3877;13;2014
1978;22850689;2918;9;2010
2426;18048619;13252;16;2005
1985;22314414;9181;11;1990
1989;25400447;5000;8;1987
2463;24851323;7499;12;1969
2464;27937961;21094;12;1997
2465;12305215;8078;13;2007
2466;12301247;16999;11;1997
2467;18248464;10151;9;2006
2468;11958577;12186;11;1953
2469;10803119;9551;10;1990
2470;18629650;3809;6;2017
2471;24621669;1060;10;1992
2472;21290713;40956;9;1989
2473;16099051;160157;11;1980
2474;25315234;12103;10;1960
2475;23187648;23055;12;1948
2476;26730165;0;6;2013
2477;26724914;137843;4;1972
2478;27052341;1512;12;1998
2479;21873639;10803;12;1914
2480;24804305;41750;6;1983
2481;18554293;510046;14;1900
2482;11423233;34009;6;1985
2483;23849156;11999;16;1929
2484;27435410;0;9;2008
2485;21181687;6973;12;1967
2486;18199200;3736;11;1995
2487;27409812;203660;5;
2488;23299419;7989;10;1959
2489;21815925;2446;9;1984
2490;20496003;5026;16;1964
2491;24165708;3029;8;1990
2492;24655814;45004;11;2003
2493;15148505;18606;14;1987
2494;17693001;132472;15;1976
2495;14785448;5289;7;1950
2496;18694225;7500;12;1966
2497;16508084;28009;6;1974
2498;28393441;6238;10;1963
2499;21625755;7500;14;1961
2500;14447624;24270;12;1975
2501;20498016;9688;8;2004
2502;9072849;25573;15;2003
2503;10970108;16758;9;1974
2504;12823326;9674284;7;1970
2505;26277583;0;8;1986
2506;25354726;12451;12;1969
2507;15328270;7112;10;2002
2508;20335953;26387;12;
2509;24519070;12008;13;2007
2510;9858558;10879;11;1949
2511;16178459;27324;7;2014
2512;23347978;3564;10;1955
2513;24440987;5674;9;1988
2514;27778903;12643;11;1992
2515;28680516;0;10;1968
2516;13065910;6423;11;1952
2517;25557623;12823;6;1970
2518;22961324;44612;11;
2519;18630373;8540;10;1975
2520;25805043;29884;13;2012
2521;23051429;105691;8;1997
2522;16326791;21020;29;2015
2523;17496074;0;4;2010
2524;13697616;23000;12;1982
2525;12290876;5000;7;1952
2526;14090077;0;8;2006
2527;18701078;6000;12;1968
2528;12412726;87120;5;1950
2529;22023616;5834;12;2018
2530;19278005;4962;7;1992
2531;26146202;5038;14;1966
2532;28669987;19932;9;2019
2533;21548500;20101;9;2008
2534;25929763;3365;12;2013
2535;24573916;43280;10;1974
2536;20027418;7290;13;1960
2537;16290505;0;7;2004
2538;12830065;7550;12;2012
2539;15499230;6045;10;1978
2540;24420938;6894;10;1974
2541;13712537;4418;10;2014
2542;16118845;7359;18;1996
2543;27072976;64663;17;2004
2544;26065091;23180;10;2000
2545;25305676;160560;17;1978
2546;12377326;7988;12;1984
2547;17247572;6240;14;1979
2548;18335938;5550;7;1966
2549;16923351;14542;11;1954
2550;21853231;15095;15;1976
2551;9638775;4000;8;1993
2552;25036699;7709;12;1985
2553;20572628;5633;12;1989
2554;15628312;26288;8;1968
2555;28900047;0;7;1987
2556;11312726;4890;7;1951
2557;28005713;8494;9;1949
2558;13466289;4842;10;1999
2559;27330397;3413;9;1992
983;13743604;261360;7;1982
937;22798110;13075;6;2007
1987;16118670;14400;14;1934
1990;10030439;3599;8;1986
2560;11499693;8215;8;1977
2561;16196274;2430;6;1965
2562;23634509;7200;17;1965
2563;27093850;3589;9;1974
2564;14706440;3400;7;
2565;19709286;16912;10;1975
2566;14911727;6600;10;1982
2567;19492965;9591;12;1975
2568;24942448;4054;9;1974
2569;20422267;7914;13;1974
2570;18074147;7077;7;2003
2571;20985360;6720;15;1960
2572;20633891;6750;12;1972
2573;17846986;6000;12;1955
2574;27939126;29784;10;
2575;10143783;49159;16;1975
2576;27078755;12503;14;1970
2577;13012549;2771;10;1988
2578;9592084;1166;9;2004
2579;23008855;8519;9;1961
2580;17077261;9381;7;1975
2581;10607533;48428;9;1985
2582;19659323;2905;13;1995
2583;25620501;39826;11;1993
2584;19388081;1864;9;2016
2585;26909964;4908;12;2011
2586;18198019;260489;5;2004
2587;14046026;54886;19;2008
2588;26427187;3379;10;1989
2589;13635316;6394;17;2014
2590;17351853;43573;13;1975
2591;11329930;4941;13;2012
2592;14852805;3438;11;1997
2593;10828047;22075;16;2007
2594;16161885;3602;11;2003
2595;18565289;7050;8;1985
2596;18789288;1920;10;2010
2597;21455857;9250;11;1974
2598;10866333;5711;15;1991
2599;13122313;2668;8;1992
2600;24075309;5068;5;1974
2601;12307453;4817;14;2004
2602;27556322;5500;13;1956
2603;16453820;6173;11;1991
2604;13411718;4013;14;2003
2605;19170671;15642;6;1975
2606;19353064;13270;10;2002
2607;13290649;22650;12;2004
2608;15015603;6383;11;1991
2609;18956918;2514;13;2007
2610;16478754;9084;7;2011
2611;24946597;2415;12;2003
2612;23192762;2971;16;1993
2613;12666013;259182;9;2004
2614;23594550;20194;9;1885
2615;11701586;13950;6;1950
2616;12942628;23994;11;1954
2617;27549770;45609;6;
2618;16930669;86119;16;2008
2619;12185417;2774;9;2008
2620;10896343;4180;9;1985
2621;25151629;23230;13;1970
2622;14946706;10686;9;1958
2623;14440998;5900;10;1962
2624;11534165;3779;9;1942
2625;22940579;1986;8;2010
2626;16873726;7500;11;1967
1417;15529462;4519;13;1945
1441;22707350;1083;10;2004
1379;26049239;18304;5;1960
1389;9875583;8406;16;1953
1331;27110120;3816;9;1975
2628;28582449;17088;12;1970
2631;28482238;5890;9;1954
2635;17183128;7695;10;1978
2644;21158001;260340;7;1979
2652;13987101;0;8;
2655;25181518;7500;12;1973
2659;28325994;3645;9;1972
2660;15843628;10050;12;
2665;24614785;153357;14;2009
2668;17975787;7312;12;1974
2671;11773134;0;16;2007
707;9599355;4290;7;1978
2673;22602074;5820;12;1978
2674;22971607;1119;8;2010
2679;27314915;8886;13;2002
2682;15084678;1410;8;1993
2683;21550632;8492;9;1972
2684;21564448;7656;9;2012
2685;27037548;3249;7;2014
2686;18526830;0;6;2008
2629;10202269;32722;12;2008
2675;23052112;15233;15;2013
2638;12046504;9452;9;1967
2641;24187610;34445;14;2006
2647;25121351;46439;16;1998
2649;25620668;5084;12;1991
2676;16741826;5515;14;2004
2677;20072176;0;7;1990
2678;16511289;136058;10;1986
2654;16852042;5100;7;2011
2680;17235935;0;7;2015
2681;18915835;7083;6;2013
2666;24123398;3076;5;1992
2687;12750802;21700;16;2015
2688;19223988;43623;13;2011
2689;23336188;3872;9;2014
2690;11760530;7336;11;1955
2691;19941785;10061;13;1976
2692;18201529;5634;8;1971
2693;22312037;8034;7;2009
2694;21159811;696999;10;1995
2695;13877019;20176;14;1989
2696;26583109;5000;10;1987
2697;10978765;6542;8;1949
2698;21181864;1513;11;2015
2699;14940941;12140;10;1977
2700;24947462;14807;10;1990
2627;18714521;42124;13;1980
2630;25891073;0;13;2009
2632;15913312;655257;12;
2633;12222752;6454;9;1972
2634;28007863;3696;11;1983
2636;15350388;6880;12;1966
2637;20102828;15392;9;1940
2639;15389134;0;9;1930
2640;26400696;7399;13;1975
2642;22363512;77382;9;1966
2643;15653853;2942;10;1981
2645;11835648;1765;10;
2646;18272430;4418;6;2002
2648;16321856;1551;8;1983
2650;20002934;6280;5;1973
2651;11743227;5111;11;1990
2653;15091887;4254;6;1967
2656;12539887;4021;12;
2657;27923071;0;11;2008
2658;15848363;5707;15;1989
2661;20034898;6079;8;1975
2662;27681999;8710;7;1987
2663;24256028;0;12;1989
2664;9381217;15930;9;1975
2667;21599793;6676;15;2016
2669;27091302;6526;10;1970
2670;26764003;6938;12;1964
2672;24643462;6659;12;1976
2701;10329247;0;9;2011
2702;24719996;9430;7;
2703;17770378;14613;12;
2704;14459344;6882;13;2001
2705;23904992;10000;12;1905
2706;23859275;7784;18;2011
2707;22458609;6562;13;2004
2708;14238708;7050;13;2004
2709;20655883;0;6;2003
2710;18522411;0;8;2006
2711;15643609;0;9;1993
2712;15700947;72698;8;2016
2713;24731845;0;8;2015
2714;22254610;0;7;1980
2715;14403354;0;13;1912
2218;28694448;3871;6;2009
2222;16991370;10656;10;1974
2235;28095518;12219;11;1979
2238;24496448;9400;11;1977
2240;19979914;66660;10;1976
2247;21321993;4385;10;2005
2256;10668227;4751;12;1992
2257;9661810;6530;15;1978
2258;26313595;0;8;1988
2265;18097120;503;14;
2268;18750563;23347;16;2010
2716;19754091;7476;11;2017
2717;16257086;3509;9;1890
2718;11253474;8823;10;1967
2719;14039559;6158;15;1870
2720;15254321;7866;14;1989
2721;22564737;7800;9;1920
2722;19880180;9517;10;2002
2723;24354221;7555;8;2014
2724;14410884;6650;8;2006
2725;10226939;9288;11;2010
2726;28085983;448;9;2008
2727;27295701;8986;12;1974
2728;9067005;7382;15;1947
2729;16454531;0;5;2016
2730;18499938;7249;15;1978
2731;28766774;111922;12;1964
2732;19865645;0;10;1987
2733;26112264;5081;7;2016
2734;18179868;9320;12;2008
2735;27419947;39999;12;1953
2736;18314142;23393;5;
2737;13664605;6723;12;1999
2738;11324578;23109;8;1977
2739;18106266;4133;9;1970
2740;22694357;8652;12;2013
2741;12499377;7153;12;1978
2742;10619959;12399;7;1984
2743;20548001;8400;10;1975
2744;16805402;32326;13;1990
2745;20089128;15924;9;1945
2746;19717687;12055;8;1992
2747;18207496;0;8;2012
2748;16215124;26618;12;1997
2749;21877097;58800;5;1985
2750;14442747;6026;16;1962
2751;18013237;5650;9;1946
2752;20234652;72861;9;1989
2753;15655872;7500;12;1954
2754;20162947;5123;9;1962
2755;27366036;35338;7;2001
2756;27574673;32292;8;1964
2757;21243634;20578;19;1908
2758;10235045;3229;7;2011
2759;14673125;7462;12;1925
2760;17350836;0;6;
2761;19697810;0;6;
2762;21594102;7200;8;2017
2763;21152002;110401;9;2004
2764;23526823;13929;20;1979
2765;10636385;5280;10;1959
2766;23561890;0;6;
2767;19901929;7159;11;1978
2768;20464232;19009;13;1979
2769;11286654;3937;7;2019
2770;11715296;47314;8;1970
2771;15083070;10993;13;1966
2772;24061366;9178;12;1978
2773;20319852;7149;13;1972
2774;28917477;13864;9;1980
2775;26474701;43056;5;1981
2776;12520156;4857;12;2015
2777;27126142;19968;9;1987
2778;24142357;4753;3;1999
2779;12334937;10327;8;1952
2780;15297551;31789;7;1974
2781;25321060;19395;6;1970
2782;21563041;0;6;2012
2783;23027636;6150;6;2014
2784;25165329;252952;13;2018
2785;25744358;0;6;
2786;13951546;0;6;
2787;16572684;34284;11;1940
2788;12235721;5748;11;1961
2789;9299582;0;6;
2790;18417261;2970;8;1995
2791;18455521;10670;15;2006
2792;19593938;19199;9;1980
2793;12479047;14850;14;2007
2794;23000538;7520;;1910
2795;28820167;12250;7;
1778;11215328;6435;22;1954
1779;24937392;10079;;1962
1780;25453384;5465;;
1781;15293752;9000;;2007
1782;10955892;89007;12;2018
1783;13184666;6313;9;1967
1784;25705691;8965;15;1920
1785;9962190;5986;;1953
1786;10379335;5450;12;
1787;13513621;6236;;1920
1788;25556954;4973;;1947
1789;27398338;32532;16;1993
1790;13170349;2710;;1956
1791;20286813;11298;;1977
1792;24324505;5000;;1953
1793;12125141;14266;;1989
1794;21959843;5030;;1964
1795;21260596;3630;;1880
1796;9983464;9840;;
1797;19977794;10750;30;1930
1798;23785759;20000;16;1985
1799;18055909;28040;;
1800;15289630;11865;;1955
1801;11476312;5000;;1947
1802;13701798;4356;;1930
1803;10658014;9369;35;1997
1804;22662950;5808;;1939
2798;15892346;13890;;1997
2799;18907816;4050;;1968
2805;21142620;3608;12;1962
2807;18526386;2599;;1924
2812;13629567;57373;;1976
2814;28237677;11294;;1994
2815;26683870;4409;;1981
2819;19835769;6000;16;1960
2821;20029551;1700;;1960
2822;13200814;0;;1969
2824;13850169;4499;;1956
2826;28131650;3992;10;1943
2829;14053698;3902;;1956
2830;10043184;3112;;1958
2831;14670321;0;6;1977
2832;14051815;3132;7;1950
2833;16777570;0;;1961
2834;27543495;5755;;1991
2835;17181550;2421;;1957
2836;23138206;5850;17;1950
2796;14155478;2100;7;1938
2797;9252492;2816;;1910
2800;12801865;2520;;1910
2801;10879405;2500;11;1924
2802;16655085;2500;12;1904
2803;19157810;5040;;1910
2804;21725136;3673;20;1974
2806;17208995;2610;5;1910
2808;16316498;2520;;1910
2809;18100543;2125;5;1947
2810;20268569;2475;9;1957
2811;18509879;3375;;1900
2813;26923424;1456;15;1910
2816;16504118;0;;1960
2817;26577857;4001;20;1968
2818;25049002;0;;1955
2820;23446206;2919;;1948
2823;27993932;5352;9;1951
2825;27671368;6525;7;1930
2827;21287858;2812;;1885
2828;23147291;1400;;1885
2837;24715641;47890;10;1970
2838;9295497;8550;8;1914
2839;25796225;50184;11;
2840;27755308;0;13;1920
2841;16412649;468;9;1900
2842;21397586;40000;5;1998
2843;21193557;8980;11;1925
2844;23569406;6500;9;1943
2845;16382436;61558;4;1975
2846;12672351;53820;4;2003
2847;16246612;5000;7;1978
2848;18440125;0;4;1969
2849;14151679;53820;11;
2850;21461486;1958;9;
2851;27928576;7930;4;1965
2852;16928684;33000;5;1988
2853;21135212;0;6;1976
2854;27291534;28425;13;
2855;10782736;11694;9;1943
2856;15277020;32532;16;1993
2857;18936598;31240;4;1980
2858;24560705;33001;5;2009
2859;21822075;5000;9;
2860;14074990;6160;8;1900
2861;12612344;9381;11;
2862;12484484;4000;9;1940
2863;23270495;1452;10;1976
2864;26635304;4493;6;1951
2865;9025225;11233;7;1890
2866;28849147;8000;7;1947
2867;13972625;33000;11;1993
2868;22466323;8948;8;1900
2869;19452014;3645;9;
2870;15151277;7663;12;
2871;26259164;0;6;1975
2872;21034380;12743;16;1953
2873;18321223;50289;7;1948
2874;25510998;11146;4;1970
2875;13229599;779;8;1945
2876;25816529;43040;10;1996
2877;28953441;8427;10;1950
2878;19289342;7300;12;1946
2879;23965365;7208;11;1937
2880;17300700;18512;10;1985
2881;12130146;7850;10;1960
2882;11323767;15240;13;
2883;25360222;10671;9;1936
2884;22333579;50000;5;1987
2885;10269681;5335;7;1880
2886;25267439;5695;7;1942
2887;20311493;19999;8;1981
2888;13966501;4857;8;1870
2889;26889579;9480;5;1968
2890;13465916;4220;10;1880
2891;16672909;6747;9;
2892;9535205;10879;10;1957
2893;23775775;11300;6;
2894;12224461;10736;8;1968
2895;26222831;11714;16;1940
2896;10610211;0;12;1995
2897;15050983;5950;10;1973
2898;24368881;10352;13;1947
2899;25363978;32037;12;1974
2900;20768560;11995;9;1880
2901;26037376;39650;9;1995
2903;20422181;3828;14;
2907;21769172;34337;11;
2908;17202463;51659;15;1907
2910;16073175;51643;9;
2916;27278870;8073;13;1910
2919;20486276;30000;9;1978
2922;14051177;32292;8;1991
2923;21511307;5350;10;1945
2924;27562336;5020;10;
2926;28210788;50170;14;1956
2927;28328954;6423;11;1920
2930;20408166;5000;9;1969
2932;14406415;9239;13;1910
2935;13801477;14335;10;1978
2937;25233110;51891;8;1940
2940;14358457;7350;11;1981
2942;28368470;11447;14;1967
2943;13143459;9500;11;1978
2944;12573774;24143;12;
2949;27096034;29561;13;1950
2950;16099321;18061;4;1991
2951;14137671;21591;9;2007
2952;19034932;0;6;1987
2953;27774128;547883;7;2008
2954;18869256;0;6;1969
2955;23393790;0;3;1989
2956;28389295;14251;5;
2957;15725635;0;4;1989
2958;23705947;3594;6;2010
2959;17433650;0;5;2000
2960;28625549;304920;5;1988
2961;16380224;4950;7;1974
2962;15714386;104971;6;
2963;14533911;30799;10;1949
2964;9107781;5546;5;1955
2965;27362033;8250;5;1947
2966;28062064;5807;6;
2967;20224341;0;8;1987
2968;21696937;27902;9;1992
2969;9503085;70082;5;2001
2970;23765527;0;5;1985
2971;26477930;321249;3;2010
2902;23503593;7114;7;1950
2904;13262940;9297;10;1949
2905;26603021;6650;16;1968
2906;25349274;5481;12;1860
2909;16319193;5000;8;1950
2911;20775966;8195;11;1972
2912;11901590;10801;10;1928
2913;13317229;14194;10;
2914;18501559;15586;16;
2915;19172882;15137;12;1965
2917;17484220;42506;7;
2918;13681896;9550;8;1943
2920;16595649;12600;10;
2921;28946180;84640;7;1985
2925;27165019;10431;10;
2928;28981361;10890;8;1890
2929;22297243;4840;9;
2931;19932642;12080;16;1953
2933;11439224;38849;14;1949
2934;28373094;12921;15;1920
2936;22617230;8952;14;1969
2938;21229725;9843;7;1990
2939;15873325;5118;7;1930
2941;24625810;13655;12;1979
2945;15970309;32992;11;1988
2039;18123753;4756;7;1972
2946;9744489;12996;10;1953
2947;22397608;5499;13;1923
2948;22264748;26260;6;1973
2972;22966494;57313;14;1981
2973;13724374;6500;9;1974
2974;15923066;9000;8;1975
2975;24283515;11443;17;1999
2976;23787366;6500;11;1972
2977;20867889;7395;10;1989
2978;18630414;22260;10;
2979;13156316;4198;10;2006
2980;26950029;6944;11;1976
2981;19251507;12060;16;1900
2982;21780826;5000;7;
2983;23282045;7834;7;1975
2984;11627283;1561;10;2010
2985;28915355;16562;12;1972
2986;26869945;87991;8;1975
2987;28529680;5392;18;1954
2988;14117363;6342;10;1977
2989;20101654;14231;11;1960
2990;28909215;17736;15;2001
2991;14179966;6102;5;1961
2992;15063885;13376;14;1890
2993;16641873;0;8;2011
2994;25362350;6511;10;1966
2995;9629985;3585;10;2007
2996;17699773;19404;20;1979
2997;26642080;0;5;1994
2998;17557052;120556;5;2011
2999;17806901;26135;15;1993
3000;11344151;195518;9;
3001;13289462;3902;11;1946
3002;12418688;0;12;1990
3003;26402642;6952;11;2004
3004;27153375;0;6;2012
3005;10813157;16370;7;2005
3006;18659544;29762;12;1963
3007;11721591;11532;14;1974
3008;14056720;1604;9;2011
3009;24526522;8533;15;2009
3010;15452455;9156;6;1930
3011;15728034;33246;12;2010
3012;21154575;5500;15;1984
3013;11105638;43866;10;1850
3014;28961389;6175;15;1979
3015;10480328;13899;7;1967
3016;27355766;14567;15;
3017;19804406;2211;10;1973
3018;25136935;2035;9;1972
3019;9080150;5022;9;
3020;26817149;6440;9;1968
3021;17882486;0;5;2012
3022;26474100;20457;12;
3023;27909186;3330;11;1970
3024;21524389;0;5;2017
3025;23823622;4769;10;1974
3026;27432786;5597;11;1958
3027;11832518;0;11;2002
3028;21336246;6000;13;1980
3029;10944208;0;4;2014
3030;28104794;5038;11;1976
3031;23914523;0;6;2010
3032;24612495;0;12;2011
3033;11053008;0;9;2009
3034;12886078;0;9;1990
3035;19549521;0;8;2008
3036;19450966;50265;13;2011
